line	reasons
xã tân ước, thanh oai, hà nội	4:duoi_32_ky_tu
an hải 3 sơn trà	4:duoi_32_ky_tu
Đường Quốc Lộ 1A - Từ Sơn - Bắc Ninh	1:gach_noi_giua_cap
đông lĩnh thanh hóa	4:duoi_32_ky_tu
duyên thái - quốc lộ 1a - thường tín	1:gach_noi_giua_cap
Phú Mỹ Hưng - Phường Tân Phú - Quận 7 - Hồ Chí Minh	1:gach_noi_giua_cap
dự án chung cu bo công an dương trần não an khánh quận 2	0:thieu_dau_sai_chinh_ta[chung cu]
nguyễn thuy - liên chiểu đà nẵng	1:gach_noi_giua_cap
trung yên plaza	4:duoi_32_ky_tu
phường trưng trắc phúc yên	4:duoi_32_ky_tu
Dự án Dự án Vien bong Lê Hữu Trac Thanh Trì Hà Nội	0:thieu_dau_sai_chinh_ta[vien,trac] | 2:trung_keyword[dự án dự án]
Đường Đào Tấn, Hà Nội	4:duoi_32_ky_tu
Đường Nguyễn Thuật Phường Hóa An - Cẩm Lệ Đà Nẵng	1:gach_noi_giua_cap
thanh lộc đán	4:duoi_32_ky_tu
đường 37 bình trưng tây quận 2 - hồ chí minh	1:gach_noi_giua_cap
thái phiên - huế	1:gach_noi_giua_cap | 4:duoi_32_ky_tu
đường nguyễn thanh tuyền - tân bình	1:gach_noi_giua_cap
quốc lộ 32, đan phượng, hà nội	4:duoi_32_ky_tu
6	3:keyword_la_toan_so | 4:duoi_32_ky_tu
Lê Thanh Nghị - Hải Châu - Đà Nẵng	1:gach_noi_giua_cap
đường võ thị sáu cần thơ	4:duoi_32_ky_tu
đường thạnh xuân 52	4:duoi_32_ky_tu
lạch tray lê chân - hải phòng	1:gach_noi_giua_cap | 4:duoi_32_ky_tu
Định Công Hoàng Mai - hà nội	1:gach_noi_giua_cap | 4:duoi_32_ky_tu
4 38 39 phố Đại Đồng	4:duoi_32_ky_tu
linh chiểu chương dương thủ đức	4:duoi_32_ky_tu
19 - đường 11 - quận 2	1:gach_noi_giua_cap | 4:duoi_32_ky_tu
209 đường 30/ 4 ninh kiều	4:duoi_32_ky_tu
Phố Hàng Buồm Hoàn Kiếm Hà Nội	4:duoi_32_ky_tu
xã an khánh hoài đức hà nội	4:duoi_32_ky_tu
đường nguyễn văn tăng - phường trường thạnh quận 9 - hồ chí minh	1:gach_noi_giua_cap
đường dh421 - tân uyên	1:gach_noi_giua_cap | 4:duoi_32_ky_tu
Trần Văn Nam Tân An, Long An	4:duoi_32_ky_tu
ql22 - lộc trat	0:thieu_dau_sai_chinh_ta[trat] | 1:gach_noi_giua_cap | 4:duoi_32_ky_tu
dự án the sun avenue - quận 12 - hồ chí minh	1:gach_noi_giua_cap
phố nguyễn khang cầu giấy	4:duoi_32_ky_tu
458 minh khai, hai bà trưng	4:duoi_32_ky_tu
văn phong va can ho cao cap licogi 13 tower thanh xuân - hà nội	0:thieu_dau_sai_chinh_ta[can ho,cap] | 1:gach_noi_giua_cap
đường phạm việt chanh đà nẵng	4:duoi_32_ky_tu
Số 23, Thủ Đức, Hồ Chí Minh	4:duoi_32_ky_tu
đường số 3, quận 2	4:duoi_32_ky_tu
Đường D1 - Bến Cát	1:gach_noi_giua_cap | 4:duoi_32_ky_tu
Truong Văn Hải	0:thieu_dau_sai_chinh_ta[truong] | 4:duoi_32_ky_tu
9 - hoàng minh giám	1:gach_noi_giua_cap | 4:duoi_32_ky_tu
phan đăng lưu, phường hiệp an	4:duoi_32_ky_tu
Hùng Vương Cam Ranh Khánh Hòa	4:duoi_32_ky_tu
nguyễn thị dinh, phủ lý, hà nam	4:duoi_32_ky_tu
dự án cát bi plaza - ngô quyền - hải phòng	1:gach_noi_giua_cap
tân thuận tây - quận 7	1:gach_noi_giua_cap | 4:duoi_32_ky_tu
kha vạn cân - thủ đức hồ chí minh	1:gach_noi_giua_cap
nguyễn việt xuân hà dong hà nội	0:thieu_dau_sai_chinh_ta[hà dong,dong hà] | 4:duoi_32_ky_tu
187A Lê Văn Lương	4:duoi_32_ky_tu
đường lê liễu	4:duoi_32_ky_tu
Xã Giang Điền - Trảng Bom Đồng Nai	1:gach_noi_giua_cap
đường lý văn phức - hồ chí minh	1:gach_noi_giua_cap | 4:duoi_32_ky_tu
cowaelmic, thanh xuân, hà nội	4:duoi_32_ky_tu
đường 1 bình chánh	4:duoi_32_ky_tu
257 Nguyễn Trãi - Phường Nguyễn Cư Trinh Quận 1 Tp Hồ Chí Minh	1:gach_noi_giua_cap
đường tuy lý vương quận 8	4:duoi_32_ky_tu
Số 14 Quận 7 Hồ Chí Minh	4:duoi_32_ky_tu
lê duy nhuan phường 12 tân bình	4:duoi_32_ky_tu
Phan Tây Hồ	4:duoi_32_ky_tu
337/ 11 đường lê văn sỹ - tân bình - hồ chí minh	1:gach_noi_giua_cap
an gia riverside	3:keyword_la_toan_so | 4:duoi_32_ky_tu
khu đô thị bình nguyên	4:duoi_32_ky_tu
đường chấn hưng quận 10	4:duoi_32_ky_tu
đường bùi dinh tuy - hồ chí minh	0:thieu_dau_sai_chinh_ta[bùi dinh,dinh tuy] | 1:gach_noi_giua_cap
đườn. g đại cồ việt	4:duoi_32_ky_tu
quốc lộ 32, nam từ liêm	4:duoi_32_ky_tu
đường tây sơn, đống đa hà nội	4:duoi_32_ky_tu
liên khu 2 - 10	4:duoi_32_ky_tu
thị xã dĩ an bình dương	4:duoi_32_ky_tu
đường nhị bình 15	4:duoi_32_ky_tu
pasteur, hải châu	4:duoi_32_ky_tu
3189/ 42 phạm thế hiển, quận 8	4:duoi_32_ky_tu
An Khánh, Hoài Đức, Hà Nội	4:duoi_32_ky_tu
Khu can ho Quốc 1K IDICO	0:thieu_dau_sai_chinh_ta[can ho] | 4:duoi_32_ky_tu
Nghĩa Tân - Cầu Giấy - Hà Nội	1:gach_noi_giua_cap | 4:duoi_32_ky_tu
2 tân lập 1	4:duoi_32_ky_tu
7 3 thái hà	4:duoi_32_ky_tu
đường tam bình phường linh đông - thủ đức - hồ chí minh	1:gach_noi_giua_cap
đường giáp hải củ chi	4:duoi_32_ky_tu
đường lê trọng tấn - thanh xuân	1:gach_noi_giua_cap | 4:duoi_32_ky_tu
phường 5, long an	4:duoi_32_ky_tu
Dự án The Boat Club Residences Đường Tam Đa, Phường Trường Thạnh, Quận 9, Hồ Chí Minh	0:thieu_dau_sai_chinh_ta[boat]
dự án đtm dịch vọng - cầu giấy hà nội	1:gach_noi_giua_cap
phường tân thạnh phố mai hac de buôn ma thuột	0:thieu_dau_sai_chinh_ta[hac,mai hac,hac de]
Võ Văn Điều Củ Chi Hồ Chí Minh	4:duoi_32_ky_tu
nguyễn văn thu hải châu - đà nẵng	0:thieu_dau_sai_chinh_ta[văn thu] | 1:gach_noi_giua_cap
thôn san - cổ loa	1:gach_noi_giua_cap | 4:duoi_32_ky_tu
phường 6 - đường ngô quyền - đà lạt	1:gach_noi_giua_cap
KDC sân bay Long Thành - Long Thành - Đồng Nai	1:gach_noi_giua_cap | 2:trung_keyword[long thành]
Đường Hòa Đình Bắc Ninh	4:duoi_32_ky_tu
dự án an hạ riverside - bình chánh - tp hồ chí minh	1:gach_noi_giua_cap
tỉnh lộ 10a - thừa thiên huế	1:gach_noi_giua_cap | 4:duoi_32_ky_tu
nguyễn xiển, thanh xuân	4:duoi_32_ky_tu
Đường Trúc Khê	4:duoi_32_ky_tu
ngõ 46 - Quận Nhân - Cầu Giấy	1:gach_noi_giua_cap | 4:duoi_32_ky_tu
phạm thiều, đà nẵng	4:duoi_32_ky_tu
kim hoa phường liên hà nội	4:duoi_32_ky_tu
đường 16, quận 9	4:duoi_32_ky_tu
đường mai dịch cầu giấy. - hà nội	1:gach_noi_giua_cap
phường	4:duoi_32_ky_tu
đường lê lam sơn trà đa nang	0:thieu_dau_sai_chinh_ta[đa nang] | 4:duoi_32_ky_tu
Trường Sơn - Tân Bình - Hồ Chí Minh	1:gach_noi_giua_cap
119 - a4 phố 8/ 3, hai bà trưng, hà nội	1:gach_noi_giua_cap
hoài đức, hà nội	4:duoi_32_ky_tu
Đường Tỉnh lộ 824 Hóc Môn	4:duoi_32_ky_tu
lê văn lương, cần giuộc long an	4:duoi_32_ky_tu
Đường Mac Thái Tổ Cầu Giấy, Hà Nội	0:thieu_dau_sai_chinh_ta[mac]
nguyễn hoàng ton tây hồ hà nội	4:duoi_32_ky_tu
202 đường nguyễn an ninh - vũng tàu	1:gach_noi_giua_cap
golden millennium	3:keyword_la_toan_so | 4:duoi_32_ky_tu
Valora Fuji Nam Long - Đường D2 Phường Phước Long B Quận 9 - hồ chí minh	1:gach_noi_giua_cap
đường hùng vương - chư sê gia lai	1:gach_noi_giua_cap
đường pasteur - quận 1 - tp hồ chí minh	1:gach_noi_giua_cap
New Life Tower	4:duoi_32_ky_tu
019 ngõ Nhac Sơn phường Kim Tân	0:thieu_dau_sai_chinh_ta[nhac] | 4:duoi_32_ky_tu
80 hoằng đạo thanh	4:duoi_32_ky_tu
kdc chợ bình điền - quận 8 hồ chí minh	1:gach_noi_giua_cap
khu dân cu hiệp thành iii	0:thieu_dau_sai_chinh_ta[dân cu] | 4:duoi_32_ky_tu
Đường Bùi Thị Xuân, Dĩ An	4:duoi_32_ky_tu
Việt Hưng Hạ Long - Quảng Ninh	1:gach_noi_giua_cap | 4:duoi_32_ky_tu
Thới Hòa, Bình Chánh	4:duoi_32_ky_tu
phạm hùng phường 04, quận 8	4:duoi_32_ky_tu
Võ Thị Sáu Vinh Nghệ An	4:duoi_32_ky_tu
thái sanh hanh - tiền giang	1:gach_noi_giua_cap | 4:duoi_32_ky_tu
cao ốc bmc hưng long	4:duoi_32_ky_tu
số 15c - ngõ 37 - đại đồng - hoàng mai hà nội	1:gach_noi_giua_cap
Dự án Vinhomes Green Bay Hà Nội	4:duoi_32_ky_tu
đường 27, thủ đức, hồ chí minh	4:duoi_32_ky_tu
tho nhuom hoàn kiếm, hà nội	0:thieu_dau_sai_chinh_ta[nhuom] | 4:duoi_32_ky_tu
vinhomes riverside phường phúc lợi - long biên - hà nội	1:gach_noi_giua_cap
hàng buồm - hoàn kiếm - hà nội	1:gach_noi_giua_cap | 4:duoi_32_ky_tu
nam thới 1 - hồ chí minh	1:gach_noi_giua_cap | 4:duoi_32_ky_tu
số 1aa, ngõ 39 lực hành	4:duoi_32_ky_tu
đường 37 - quận 2	1:gach_noi_giua_cap | 4:duoi_32_ky_tu
lê trọng tấn, hà đông	4:duoi_32_ky_tu
đường bùi trọng nghĩa - phường trảng dài - đồng nai	1:gach_noi_giua_cap
kcn quảng minh thị trấn quang minh cao toc thăng long noi bai mê linh hà nội	0:thieu_dau_sai_chinh_ta[toc]
đường tứ minh thái nguyên	4:duoi_32_ky_tu
dự án khu dân cu the ki 21 quận 2 tp hồ chí minh	0:thieu_dau_sai_chinh_ta[dân cu]
đường d2 nhà bè hồ chí minh	4:duoi_32_ky_tu
sweet home nhơn trạch	4:duoi_32_ky_tu
kdc bến lội bắc phan thiết	4:duoi_32_ky_tu
111 - Lũy Bán Bích - Tân Phú - Hồ Chí Minh	1:gach_noi_giua_cap
vườn xuân - 71 nguyễn chí thanh, đống đa	1:gach_noi_giua_cap
xã thịnh đức	4:duoi_32_ky_tu
Hải Châu, Đà Nẵng	4:duoi_32_ky_tu
Dự án The Everrich Infinity - Quận 5 - Hồ Chí Minh	1:gach_noi_giua_cap
Nguyễn Thượng Hiền Cẩm Lệ	4:duoi_32_ky_tu
hồng ngự - đồng tháp	1:gach_noi_giua_cap | 4:duoi_32_ky_tu
đường 6b, quận 9, hồ chí minh	4:duoi_32_ky_tu
phố vũ hữu - phường nhân chính hà nội	1:gach_noi_giua_cap
đường lương văn can - quận 8 - tp hồ chí minh	1:gach_noi_giua_cap
xã tân lợi - đường vành đai - buôn ma thuột - đắk lắk	1:gach_noi_giua_cap
Đường Đường Hien Quyen, Khánh Hòa	0:thieu_dau_sai_chinh_ta[hien,quyen] | 2:trung_keyword[đường đường]
đường phú lộc 4	4:duoi_32_ky_tu
Đường Nguyễn Du, Hoàn Kiếm	4:duoi_32_ky_tu
tân lập, khánh hòa	4:duoi_32_ky_tu
Tam Đảo	4:duoi_32_ky_tu
zen home	3:keyword_la_toan_so | 4:duoi_32_ky_tu
315 - 317 trần thủ độ, tân phú	4:duoi_32_ky_tu
quốc lộ 20 di linh	4:duoi_32_ky_tu
3189/ 42 phạm thế hiển - quận 8 - hồ chí minh	1:gach_noi_giua_cap
phú điền building	4:duoi_32_ky_tu
21 hàn hải nguyên, quận 11	4:duoi_32_ky_tu
số 8 đường ngô quyền, hải dương	4:duoi_32_ky_tu
vi ba, phường 4, vũng tàu	4:duoi_32_ky_tu
đường 339 - long trường - quận 9 hồ chí minh	1:gach_noi_giua_cap
đông hòa dĩ an bình dương	4:duoi_32_ky_tu
Đường 647, Thủ Đức, Hồ Chí Minh	4:duoi_32_ky_tu
khu dân cu 6b intresco bình chánh tp hồ chí minh	0:thieu_dau_sai_chinh_ta[dân cu]
đường hùng vương, hải châu	4:duoi_32_ky_tu
phường 10 lý chiêu hoàng quận 6 - hồ chí minh	1:gach_noi_giua_cap
xã đông tiến, bình phước	4:duoi_32_ky_tu
đường cao diên thạnh hòa thành hoa	0:thieu_dau_sai_chinh_ta[thành hoa]
đường phú lộc 17 - liên chiểu - đà nẵng	1:gach_noi_giua_cap
630 lê lợi bắc giang	4:duoi_32_ky_tu
số 4c, bình chánh, hồ chí minh	4:duoi_32_ky_tu
đường nguyễn lâm, phú nhuận	4:duoi_32_ky_tu
Khu dân cư Nam Long - Quận 9 - Hồ Chí Minh	1:gach_noi_giua_cap
Phạm Hùng, Cầu Giấy	4:duoi_32_ky_tu
hẻm 50 đường lê lợi gò vấp	4:duoi_32_ky_tu
đường 141 quận 9 hồ chí minh	4:duoi_32_ky_tu
linh trung	3:keyword_la_toan_so | 4:duoi_32_ky_tu
Đường Khe	4:duoi_32_ky_tu
đường 12 thủ dầu một bình dương	4:duoi_32_ky_tu
Trung Hoà Trảng Bom - Đồng Nai	1:gach_noi_giua_cap | 4:duoi_32_ky_tu
đường 27 thủ đức	4:duoi_32_ky_tu
tân phong, biên hoà	4:duoi_32_ky_tu
Tôn Đức Thắng - Liên Chiểu Đà Nẵng	1:gach_noi_giua_cap
Phố Bồ Đề	4:duoi_32_ky_tu
Phường Phước Long	4:duoi_32_ky_tu
đường 28 gò vấp hồ chí minh	4:duoi_32_ky_tu
số 6 - 7 trần quốc toản p. vạn thắng - tp. nha trang khánh hòa	1:gach_noi_giua_cap
chu văn phương hạ long nam định	4:duoi_32_ky_tu
tdc plaza - đường lê lai - bình dương	1:gach_noi_giua_cap
đường trường lâm	4:duoi_32_ky_tu
xã đắk sin, dăk r'lấp, đắk nông	4:duoi_32_ky_tu
đường kim đồng - liên nghĩa - đức trọng - lâm đồng	1:gach_noi_giua_cap
ô chợ dừa	4:duoi_32_ky_tu
đường chấn hưng - quận 10	1:gach_noi_giua_cap | 4:duoi_32_ky_tu
tựu liệt thanh trì	4:duoi_32_ky_tu
Phường Nhơn Phú Đường Hùng Vương - Quy Nhơn	1:gach_noi_giua_cap
dự án river park vành đai trong quận 9 hồ chí minh	0:thieu_dau_sai_chinh_ta[trong quận]
kđt cao xanh - hà khánh hạ long, quảng ninh	1:gach_noi_giua_cap
m1	3:keyword_la_toan_so | 4:duoi_32_ky_tu
dự án khu căn hộ ehome 3 - bình tân sài gòn	1:gach_noi_giua_cap
Xã Thanh Hà Thanh Liêm Hà Nam	4:duoi_32_ky_tu
phố hàng ga phường hàng bồ - hà nội	1:gach_noi_giua_cap
tân hiệp	4:duoi_32_ky_tu
d2 quận 9 hồ chí minh	4:duoi_32_ky_tu
đường nguyễn thái bình - phan rang - ninh thuận	1:gach_noi_giua_cap
19 đường lộ giang 16 cẩm lệ	4:duoi_32_ky_tu
đường 36, quận 7, hồ chí minh	4:duoi_32_ky_tu
Dự án Ellipse Tower (City View) – 110 Trần Phú - Hà Đông hà nội	1:gach_noi_giua_cap
đường nguyễn văn linh ninh kiều	4:duoi_32_ky_tu
tả thanh oai cầu buou	4:duoi_32_ky_tu
tp hồ chí minh	4:duoi_32_ky_tu
việt hưng, quảng ninh	4:duoi_32_ky_tu
xã đồng du gia lâm	4:duoi_32_ky_tu
đường dương đình nghệ,, đà nẵng	4:duoi_32_ky_tu
phường tân thuận tây, quận 7	4:duoi_32_ky_tu
vĩnh lộc a hóc môn hồ chí minh	4:duoi_32_ky_tu
ngõ 260 phố	4:duoi_32_ky_tu
Đường 21 - Quận 12	1:gach_noi_giua_cap | 4:duoi_32_ky_tu
đường tây sơn - ba đình - hà nội	1:gach_noi_giua_cap
tân ước	4:duoi_32_ky_tu
đường thuỷ sơn 4	4:duoi_32_ky_tu
vinhomes riverside anh đào 9 - phường việt hưng - long biên	1:gach_noi_giua_cap
Valora Fuji Nam Long	3:keyword_la_toan_so | 4:duoi_32_ky_tu
dự định - long xuyên - an giang	1:gach_noi_giua_cap | 4:duoi_32_ky_tu
thiên loi, lê chân, hải phòng	4:duoi_32_ky_tu
Khu nha o Dat Việt	0:thieu_dau_sai_chinh_ta[dat] | 4:duoi_32_ky_tu
Trảng Bom Đồng Nai	4:duoi_32_ky_tu
vinpearl phú quốc	4:duoi_32_ky_tu
nguyễn phúc chu phan thiết	4:duoi_32_ky_tu
đường quốc hương, quận 2	4:duoi_32_ky_tu
17 - nguyễn cửu đàm - tân phú	1:gach_noi_giua_cap | 4:duoi_32_ky_tu
dx 083, thủ dầu một, bình dương	4:duoi_32_ky_tu
đường nguyễn văn trỗi - long điền bà rịa vũng tàu	1:gach_noi_giua_cap
đường lê đức thọ - nam từ liêm	1:gach_noi_giua_cap | 4:duoi_32_ky_tu
đường 27 - thủ đức	1:gach_noi_giua_cap | 4:duoi_32_ky_tu
quận hồng bàng hải phòng	4:duoi_32_ky_tu
Đường Trần Não - Quận 2 Tp Hồ Chí Minh	1:gach_noi_giua_cap
nguyễn huệ bình long bình phước	4:duoi_32_ky_tu
tân kỳ tân quý - tân phú - hồ chí minh	1:gach_noi_giua_cap
dự án riviera point - tân phú huỳnh tấn phát - quận 7	1:gach_noi_giua_cap
Cù Lao Phú Nhuận	4:duoi_32_ky_tu
toà nhà 249a thụy khuê - hà nội	1:gach_noi_giua_cap | 4:duoi_32_ky_tu
Đường 668 Thủ Đức, Hồ Chí Minh	4:duoi_32_ky_tu
đường bình nhâm 82, bình dương	4:duoi_32_ky_tu
Đường Lê Trực, Ba Đình, Hà Nội	4:duoi_32_ky_tu
3 thôn trung mau gia lâm - hà nội	1:gach_noi_giua_cap
bạch mai hai bà trưng hà nội	4:duoi_32_ky_tu
an bắc 4, ngũ hành sơn	4:duoi_32_ky_tu
đường 8 quận 9, tp hồ chí minh	4:duoi_32_ky_tu
phố hàng hom hoàn kiếm hà nội	4:duoi_32_ky_tu
phố đoàn thị điểm - đội cung thanh hóa	1:gach_noi_giua_cap
Lỗ Giáng 16, Cẩm Lệ	4:duoi_32_ky_tu
dự án the hyco4 tower bình thạnh - hồ chí minh	1:gach_noi_giua_cap
dự án khang gia tân hương (lucky apartment) - tân phú - sài gòn	1:gach_noi_giua_cap
282/ 65 bùi hữu nghĩa - p15 - bình thạnh - tp hồ chí minh	1:gach_noi_giua_cap
miêu nha	4:duoi_32_ky_tu
trảng dài - đường 768b - biên hòa - đồng nai	1:gach_noi_giua_cap
đường lê duy nhuan - phường 12 tân bình - hồ chí minh	1:gach_noi_giua_cap
hàng buồm, hà nội	4:duoi_32_ky_tu
đường 35 thủ đức tp hồ chí minh	4:duoi_32_ky_tu
8 ngach 106 ngõ Goc De Đường Minh Khai Hoàng Mai	0:thieu_dau_sai_chinh_ta[ngach,goc]
man thiện lê văn việt quận 9	4:duoi_32_ky_tu
khu biet thu doi co - lương sơn - hòa bình	0:thieu_dau_sai_chinh_ta[biet] | 1:gach_noi_giua_cap
đặng minh trứ hồ chí minh	4:duoi_32_ky_tu
mỹ phước, thuận an, bình dương	4:duoi_32_ky_tu
daresco residence (đức hòa iii resco) - xã đức lập thượng	1:gach_noi_giua_cap
đường tôn đức thắng - liên chiểu	1:gach_noi_giua_cap
đường 5 - an dương	1:gach_noi_giua_cap | 4:duoi_32_ky_tu
Phạm Ngũ Lão Gò Vấp	4:duoi_32_ky_tu
chung cu belleza apartment, đường phạm hữu lầu phú mỹ quận 7, hồ chí minh	0:thieu_dau_sai_chinh_ta[chung cu]
đường 3/ 2 - quận 10	1:gach_noi_giua_cap | 4:duoi_32_ky_tu
phố 14 gò vấp hồ chí minh	4:duoi_32_ky_tu
đường cao đức lân - quận 2 - hồ chí minh	1:gach_noi_giua_cap
thôn đại tao quốc oai hà nội	4:duoi_32_ky_tu
Vành Đai 2, Bình Chánh	4:duoi_32_ky_tu
81/ 15 tô vĩnh diện dĩ an - bình dương	1:gach_noi_giua_cap
Dự án Khu cao oc Hồng Tân, Bình Tân, Hồ Chí Minh	0:thieu_dau_sai_chinh_ta[oc]
228a - phan văn hân - bình thạnh	1:gach_noi_giua_cap
phổ yên, thái nguyên	4:duoi_32_ky_tu
Đường Truong Văn Hải P. Tăng Nhơn Phú B TP Hồ Chí Minh	0:thieu_dau_sai_chinh_ta[truong,đường truong]
Phố 24 Thủ Đức Hồ Chí Minh	4:duoi_32_ky_tu
lê trọng tấn p. sơn kỳ	4:duoi_32_ky_tu
an thượng 33 mỹ an ngũ hành sơn	4:duoi_32_ky_tu
Dự án Bencat Center Point - Bến Cát - Bình Dương	1:gach_noi_giua_cap
135/ 1/ 12 nguyễn hữu cảnh - p. 22 q. bình thạnh	1:gach_noi_giua_cap
Xã Mễ Trì, Nam Từ Liêm	4:duoi_32_ky_tu
hung gia 2 hồ chí minh	4:duoi_32_ky_tu
Đường 1 - Quận 7	1:gach_noi_giua_cap | 4:duoi_32_ky_tu
đường nguyễn đức cảnh - cẩm phả - quảng ninh	1:gach_noi_giua_cap
Thủ Đức - Hồ Chí Minh	1:gach_noi_giua_cap | 4:duoi_32_ky_tu
Ngõ 91 Nguyễn An Ninh - Hoàng Mai - Hà Nội	1:gach_noi_giua_cap
49 Thúy Lĩnh Lĩnh Nam	4:duoi_32_ky_tu
Khu căn hộ Quốc 1K IDICO	4:duoi_32_ky_tu
ấp chánh 16 - hồ chí minh	1:gach_noi_giua_cap | 4:duoi_32_ky_tu
đường mai xuân thưởng - vĩnh hải - khánh hòa	1:gach_noi_giua_cap
cấm - ngô quyền - hải phòng	1:gach_noi_giua_cap | 4:duoi_32_ky_tu
dự án khu đỗ thị mới dong tang long - quận 9 - hồ chí minh	1:gach_noi_giua_cap
đường nguyễn lam - phường 6 - quận 10	1:gach_noi_giua_cap
đường chu văn an - phường bình chiểu thủ đức	1:gach_noi_giua_cap
cuu long - phạm văn đồng - phường 12 bình thạnh	1:gach_noi_giua_cap
Lạc Long Quân Vĩnh Yên	4:duoi_32_ky_tu
Mỹ Thái 2	4:duoi_32_ky_tu
Xã Tứ Yên, Sông Lô, Vĩnh Phúc	4:duoi_32_ky_tu
dự án chung cu bo công an dương số 3 - trần não -  2 hồ chí minh	0:thieu_dau_sai_chinh_ta[chung cu] | 1:gach_noi_giua_cap
Hoàng Cầu Skyline	4:duoi_32_ky_tu
phan chu trinh tây ninh	4:duoi_32_ky_tu
Ngõ 22 Tôn Thất Tùng	4:duoi_32_ky_tu
đường 61, quận 7	4:duoi_32_ky_tu
đường lê trung kiên phù yên	4:duoi_32_ky_tu
Số 10 - Liên Chiểu - Đà Nẵng	1:gach_noi_giua_cap | 4:duoi_32_ky_tu
nguyễn khánh toàn - vĩnh hải - nha trang	1:gach_noi_giua_cap
ngõ 68 đường cầu giấy hà nội	4:duoi_32_ky_tu
đường thới an.  - quận 12 - hồ chí minh	1:gach_noi_giua_cap
16 ngõ 72 P. Khương Trung - Hà Nội	1:gach_noi_giua_cap
Y Wang	3:keyword_la_toan_so | 4:duoi_32_ky_tu
the pride - lê văn lương - la khê - hà đông - hà nội	1:gach_noi_giua_cap
Hà Huy Giáp Cẩm Lệ - Đà Nẵng	1:gach_noi_giua_cap | 4:duoi_32_ky_tu
thanh xuân, hà nội	4:duoi_32_ky_tu
đường yên vinh hoài đức	0:thieu_dau_sai_chinh_ta[yên vinh] | 4:duoi_32_ky_tu
phố hàng be hoàn kiếm hà nội	4:duoi_32_ky_tu
phường tân phú quận 7	4:duoi_32_ky_tu
park riverside	3:keyword_la_toan_so | 4:duoi_32_ky_tu
đường quốc lộ 43	4:duoi_32_ky_tu
phường phú xá thái nguyên	4:duoi_32_ky_tu
long hưng hồ chí minh	4:duoi_32_ky_tu
đường lê trọng tấn, thanh xuân	4:duoi_32_ky_tu
đường thủ khoa huân - lâm đồng	1:gach_noi_giua_cap | 4:duoi_32_ky_tu
phong phú - bình chánh tp hồ chí minh	1:gach_noi_giua_cap
đường trầm cá	4:duoi_32_ky_tu
vĩnh niệm, hải phòng	4:duoi_32_ky_tu
Đường Tân Phước, Quận 11	4:duoi_32_ky_tu
đường 24 - thủ đức - hồ chí minh	1:gach_noi_giua_cap
nguyễn du - hoàn kiếm - hà nội	1:gach_noi_giua_cap | 4:duoi_32_ky_tu
đường khương thượng - đống đa hà nội	1:gach_noi_giua_cap
Quảng Điền Thừa Thiên Huế	4:duoi_32_ky_tu
đường hoàng lê kha, quận 6	4:duoi_32_ky_tu
the vesta, hà đông, hà nội	4:duoi_32_ky_tu
24 - Thủ Đức - Hồ Chí Minh	1:gach_noi_giua_cap | 4:duoi_32_ky_tu
nghĩa dũng - ba đình hà nội	1:gach_noi_giua_cap | 4:duoi_32_ky_tu
k19	3:keyword_la_toan_so | 4:duoi_32_ky_tu
Đào Duy Anh - Phú Nhuận - Tp Hồ Chí Minh	1:gach_noi_giua_cap
Hồ Tùng Mậu - Phường Bến Nghé Quận 1	1:gach_noi_giua_cap
353 nguyễn trong tuyen, phú nhuận hồ chí minh	0:thieu_dau_sai_chinh_ta[tuyen]
71/ 3 che lan vien - tây thành - tân phú - hồ chí minh	0:thieu_dau_sai_chinh_ta[vien,che lan] | 1:gach_noi_giua_cap
phố phan đăng lưu - biên hòa đồng nai	1:gach_noi_giua_cap
hoàng cầu - thái hà đông da	0:thieu_dau_sai_chinh_ta[đông da] | 1:gach_noi_giua_cap | 4:duoi_32_ky_tu
38 phùng chí kiên - cầu giấy	1:gach_noi_giua_cap | 4:duoi_32_ky_tu
An Dương, Hải Phòng	4:duoi_32_ky_tu
Đường Lê Thanh - Lào Cai	1:gach_noi_giua_cap | 4:duoi_32_ky_tu
hẻm 5m, đường cô bắc phú nhuận	4:duoi_32_ky_tu
Đường Cao Thắng Hà Đông	4:duoi_32_ky_tu
khu đỗ thị an thịnh	4:duoi_32_ky_tu
Võ Thị Sáu - Bạc Liêu	1:gach_noi_giua_cap | 4:duoi_32_ky_tu
Dự án Lexington Residence - Quận 2 - Sài Gòn	1:gach_noi_giua_cap
142/ 36b - đường nguyễn thị thập quận 7	1:gach_noi_giua_cap
Đường Lê Duẩn, Thị trấn Long Thành, Long Thành, Đồng Nai	2:trung_keyword[long thành]
đường 51c phường 11 - vũng tàu	1:gach_noi_giua_cap | 4:duoi_32_ky_tu
98 tây thạnh - tân phú	1:gach_noi_giua_cap | 4:duoi_32_ky_tu
số 5 - ngõ 219 quỳnh cư - hồng bàng hải phòng	1:gach_noi_giua_cap
Nguyễn Khuyến Đà Lạt Lâm Đồng	4:duoi_32_ky_tu
phạm văn đồng tây ninh	4:duoi_32_ky_tu
đường lê hồng phong hà đông	4:duoi_32_ky_tu
134/ 17/ 11 - Lý Chính Thắng - P7 - Q3	1:gach_noi_giua_cap
Đường Nguyễn Mỹ Ca - Tân Phú	1:gach_noi_giua_cap | 4:duoi_32_ky_tu
nguyễn thái bình - hòa minh - liên chiểu - đà nẵng	1:gach_noi_giua_cap
đường hùng vương, cam ranh	4:duoi_32_ky_tu
281/ 2/ 44 bình lợi - bình thạnh - hồ chí minh	1:gach_noi_giua_cap
tạo lực 5 bến cát, bình dương	4:duoi_32_ky_tu
đường 10 - cái răng cần thơ	1:gach_noi_giua_cap | 4:duoi_32_ky_tu
nguyễn văn thoại sơn trà	4:duoi_32_ky_tu
từ đạo hạnh thanh hóa	4:duoi_32_ky_tu
Đường Đằng Hải	4:duoi_32_ky_tu
nguyễn khuyến đà lạt	4:duoi_32_ky_tu
PCC1 Complex Hà Đông - Hà Nội	1:gach_noi_giua_cap | 4:duoi_32_ky_tu
dự án kdt vinh hoàng - hoàng văn thụ - hoàng mai hà nội	1:gach_noi_giua_cap
nguyễn quảng lâm đà nẵng	4:duoi_32_ky_tu
bình thung bình dương	4:duoi_32_ky_tu
nguyễn hữu tri bến lức, long an	4:duoi_32_ky_tu
trường lâm long biên	4:duoi_32_ky_tu
đường quốc lộ 91 - mỹ thạnh long xuyên	1:gach_noi_giua_cap
đường liên xã, ea kar, đắk lắk	4:duoi_32_ky_tu
bửu long quận 10 tp hồ chí minh	4:duoi_32_ky_tu
đào duy anh - phú nhuận	1:gach_noi_giua_cap | 4:duoi_32_ky_tu
đường lê trực ba đình hà nội	4:duoi_32_ky_tu
khu dân cu tân bình đường mỹ phước tân vạn dĩ an	0:thieu_dau_sai_chinh_ta[dân cu]
hẻm 888 phường 11 vũng tàu	4:duoi_32_ky_tu
đường huỳnh ngọc huệ thanh khê - đà nẵng	1:gach_noi_giua_cap
nguyễn văn công - gò vấp	1:gach_noi_giua_cap | 4:duoi_32_ky_tu
ma lộ bình tân hồ chí minh	4:duoi_32_ky_tu
hưng phước, quận 7 hồ chí minh	4:duoi_32_ky_tu
đt 768 thạnh phú - vĩnh cửu	1:gach_noi_giua_cap | 4:duoi_32_ky_tu
Đường Nhân Hoà 8 - Cẩm Lệ - Đà Nẵng	1:gach_noi_giua_cap
số 12 ngõ 51 Nguyễn Thị Đinh	4:duoi_32_ky_tu
513 nguyễn oanh	4:duoi_32_ky_tu
đường yên thuận cái răng	4:duoi_32_ky_tu
Vinhomes Green Bay - hà nội	1:gach_noi_giua_cap | 4:duoi_32_ky_tu
dự án kđt cao xanh - hà khánh	1:gach_noi_giua_cap | 4:duoi_32_ky_tu
hương lộ 10 bến lức	4:duoi_32_ky_tu
đường hương lộ 15	4:duoi_32_ky_tu
đường lương khải siêu	4:duoi_32_ky_tu
quang tiến đồng nai	4:duoi_32_ky_tu
Đường Gò Cây Sung, Khánh Hòa	4:duoi_32_ky_tu
4 38 ngõ 39 đại đồng, hoàng mai	4:duoi_32_ky_tu
Đường 11 Phường Hưng Phú Cái Răng - Cần Thơ	1:gach_noi_giua_cap
Dự án KDC Kien A, Đường D3, Phường Phước Long B, Quận 9	0:thieu_dau_sai_chinh_ta[kien]
Đường 12 - Thủ Dầu Một Bình Dương	1:gach_noi_giua_cap
đường cầu mới - đống đa	1:gach_noi_giua_cap | 4:duoi_32_ky_tu
dự án vsip 1 - đường d22 - bình dương	1:gach_noi_giua_cap
tỉnh lộ 558 - hưng nguyên - nghệ an	1:gach_noi_giua_cap
đường ngọc đại - nam từ liêm - hà nội	1:gach_noi_giua_cap
đường âu cơ - -, tân phú hồ chí minh	1:gach_noi_giua_cap
76/ 3 số 7	4:duoi_32_ky_tu
xã tân dân - sóc sơn - hà nội	1:gach_noi_giua_cap | 4:duoi_32_ky_tu
501 Nơ Trang Long - Bình Thạnh	1:gach_noi_giua_cap | 4:duoi_32_ky_tu
phường phú thượng - tây hồ	1:gach_noi_giua_cap | 4:duoi_32_ky_tu
104 đường kha vạn cân - thủ đức	1:gach_noi_giua_cap | 4:duoi_32_ky_tu
nguyễn hữu trí bến lức	4:duoi_32_ky_tu
Lê Đức Thọ - Nam Từ Liêm - Hà Nội	1:gach_noi_giua_cap
đường lê văn khương, thới an	4:duoi_32_ky_tu
cam ngô quyền hải phòng	4:duoi_32_ky_tu
167 nguyễn phong sac phường hưng dũng vinh	0:thieu_dau_sai_chinh_ta[sac]
căn hộ 303 b3	4:duoi_32_ky_tu
tựu liệt định công hoàng mai - hà nội	1:gach_noi_giua_cap
Suong Nguyệt Anh Bến Thành Quận 1 Hồ Chí Minh	0:thieu_dau_sai_chinh_ta[suong]
200 - đường quốc lộ 13 - thủ đức - hồ chí minh	1:gach_noi_giua_cap
xã tân túc, bình chánh	4:duoi_32_ky_tu
an gia river one phường phú thuận - quận 7 hồ chí minh	1:gach_noi_giua_cap
ma may hoàn kiếm hà nội	4:duoi_32_ky_tu
phố trần nguyên hãn - thanh hóa	1:gach_noi_giua_cap | 4:duoi_32_ky_tu
đường 17 quận 8	4:duoi_32_ky_tu
trường lưu, phường long trường	4:duoi_32_ky_tu
đường lý tự trọng - quận 1	1:gach_noi_giua_cap | 4:duoi_32_ky_tu
3e/ 2 - phổ quang - tân bình	1:gach_noi_giua_cap | 4:duoi_32_ky_tu
đường võ văn kiệt - quận 8	1:gach_noi_giua_cap | 4:duoi_32_ky_tu
Đường Tây Hồ	4:duoi_32_ky_tu
phố trung kính cầu giấy - hà nội	1:gach_noi_giua_cap
phan đăng lưu hiệp an	4:duoi_32_ky_tu
Đường Tôn Đản - Quận 4 - Hồ Chí Minh	1:gach_noi_giua_cap
quốc lộ 6a, chương mỹ, hà nội	4:duoi_32_ky_tu
vành đai - phường 7 - trà vinh	1:gach_noi_giua_cap | 4:duoi_32_ky_tu
Đường Thuy Linh, Hoàng Mai Hà Nội	0:thieu_dau_sai_chinh_ta[đường thuy]
79 nguyễn xi	4:duoi_32_ky_tu
văn cao hải châu đà nẵng	4:duoi_32_ky_tu
bàu gia thượng 1 đà nẵng	4:duoi_32_ky_tu
phố vũ ngọc phan - đống đa - hà nội	1:gach_noi_giua_cap
phạm quy thich	0:thieu_dau_sai_chinh_ta[thich] | 4:duoi_32_ky_tu
Cống Quỳnh Hồ Chí Minh	4:duoi_32_ky_tu
đường số 1 - bình tân	1:gach_noi_giua_cap | 4:duoi_32_ky_tu
Quốc Lộ 43, Thuận An	4:duoi_32_ky_tu
hoàng văn thái - quy nhơn - bình định	1:gach_noi_giua_cap
đường 38hbc. - thủ đức - hồ chí minh	1:gach_noi_giua_cap
hẻm 64 - nguyễn khoái quận 4	1:gach_noi_giua_cap | 4:duoi_32_ky_tu
dự án the park avenue - lý thường kiệt - phường 15 - quận 11	1:gach_noi_giua_cap
hà tri 4, hà đông, hà nội	0:thieu_dau_sai_chinh_ta[tri hà] | 4:duoi_32_ky_tu
Hòa Minh 4 Đà Nẵng	4:duoi_32_ky_tu
đường trịnh đình trọng - phường hòa thạnh - tân phú - hồ chí minh	1:gach_noi_giua_cap
đường kênh tân hóa quận 11	4:duoi_32_ky_tu
tòa nhà vinahud	4:duoi_32_ky_tu
Chien Luoc, Bình Tân	0:thieu_dau_sai_chinh_ta[chien,luoc] | 4:duoi_32_ky_tu
lạch tray lê chân	4:duoi_32_ky_tu
chơn thành golden land chơn thành, bình phước	2:trung_keyword[chơn thành]
phụng hiệp hậu giang	4:duoi_32_ky_tu
phú đức - bình long - bình phước	1:gach_noi_giua_cap
76/ 3 đường số 7	4:duoi_32_ky_tu
dự án ciputra - tây hồ - hà nội	1:gach_noi_giua_cap | 4:duoi_32_ky_tu
đường vũ huỳnh, đà nẵng	4:duoi_32_ky_tu
Dự án Khu dân cư Nam Long - Quận 9 - Hồ Chí Minh	1:gach_noi_giua_cap
Xã Ia Tôr ChuPRong Gia Lai	4:duoi_32_ky_tu
số 331 đê la thành - hà nội	1:gach_noi_giua_cap | 4:duoi_32_ky_tu
đường tân xuân 1 - hóc môn - hồ chí minh	1:gach_noi_giua_cap
Phố 36 Quận 4, Hồ Chí Minh	4:duoi_32_ky_tu
Hạ Lý	4:duoi_32_ky_tu
đường võ văn kiệt - quận 6 - hồ chí minh	1:gach_noi_giua_cap
Đường Hồ Tùng Mậu, Khánh Hòa	4:duoi_32_ky_tu
513 - Nguyễn Oanh	1:gach_noi_giua_cap | 4:duoi_32_ky_tu
thanh bình	4:duoi_32_ky_tu
Discovery Complex - Cầu Giấy - Hà Nội	1:gach_noi_giua_cap
đường cầu tri - sơn tây	1:gach_noi_giua_cap | 4:duoi_32_ky_tu
đường quốc lộ 1a, cẩm xuyên	4:duoi_32_ky_tu
Đường Điện Biên Phủ Bình Thạnh - Hồ Chí Minh	1:gach_noi_giua_cap
Đường Hùng Vương, Huế	4:duoi_32_ky_tu
68/ 17a trần quang khải quận 1	4:duoi_32_ky_tu
Đường Tỉnh lộ 282 - Gia Bình - Bắc Ninh	1:gach_noi_giua_cap
phố hà trung - phường hàng bông - hoàn kiếm - hà nội	1:gach_noi_giua_cap
trung hòa cầu giấy, hà nội	4:duoi_32_ky_tu
Phố Trần Đại Nghĩa, Vĩnh Long	4:duoi_32_ky_tu
phương mai, đống đa, hà nội	4:duoi_32_ky_tu
đường việt bắc, đà nẵng	4:duoi_32_ky_tu
đường hải thượng lan ong - hội an	1:gach_noi_giua_cap
nguyễn thái bình thủ dầu một	4:duoi_32_ky_tu
quảng điền, thừa thiên huế	4:duoi_32_ky_tu
chien luoc, bình tân, hồ chí minh	0:thieu_dau_sai_chinh_ta[chien,luoc]
phố 24 thủ đức - hồ chí minh	1:gach_noi_giua_cap | 4:duoi_32_ky_tu
kênh dương - thiên loi - lê chân - hải phòng	1:gach_noi_giua_cap
hoàng việt - tân bình	1:gach_noi_giua_cap | 4:duoi_32_ky_tu
đường quốc lộ 1a - cai lậy - tiền giang	1:gach_noi_giua_cap
kdt thuong mai petro town	0:thieu_dau_sai_chinh_ta[thuong] | 3:keyword_la_toan_so | 4:duoi_32_ky_tu
ql22, lộc trát	4:duoi_32_ky_tu
Ngọc Lâm Long Biên	4:duoi_32_ky_tu
hoài đức hà nội	4:duoi_32_ky_tu
lê trọng tấn - thanh xuân - hà nội	1:gach_noi_giua_cap
đường phạm văn đồng - q. sơn trà - tp. đà nẵng	1:gach_noi_giua_cap
phố yên - thái nguyên	1:gach_noi_giua_cap | 4:duoi_32_ky_tu
Dự án Khu đô thị Geleximco - Lê Trọng Tấn, Hà Đông, Hà Nội	1:gach_noi_giua_cap
phước long spring town	4:duoi_32_ky_tu
đường 4, phường 6, quận 8	4:duoi_32_ky_tu
đường trần quang diệu tam kỳ - quảng nam	1:gach_noi_giua_cap
Viễn Đông Meridian	4:duoi_32_ky_tu
đường hồ đắc di - tân phú - hồ chí minh	1:gach_noi_giua_cap
đằng hải, hải an, hải phòng	4:duoi_32_ky_tu
19 - đường lộ giang 16 cẩm lệ - đà nẵng	1:gach_noi_giua_cap
cầu đình - long phước quận 9	1:gach_noi_giua_cap | 4:duoi_32_ky_tu
Khu đô thị quốc tế Đa Phước - Đường Nguyễn Tất Thành - Hải Châu - Đà Nẵng	1:gach_noi_giua_cap
Sơn Phong, Hội An	4:duoi_32_ky_tu
phố huỳnh khương an - gò vấp - hồ chí minh	1:gach_noi_giua_cap
dự án dat biet thu nam quang -  mỹ hưng - quận 7 - hồ chí minh	0:thieu_dau_sai_chinh_ta[dat,biet] | 1:gach_noi_giua_cap
Đường D1 - Bến Cát - Bình Dương	1:gach_noi_giua_cap | 4:duoi_32_ky_tu
54 đường 8, quận 8	4:duoi_32_ky_tu
bình chánh, sài gòn	4:duoi_32_ky_tu
thị trấn yên châu, sơn la	4:duoi_32_ky_tu
ql1a, phường bình chiểu	4:duoi_32_ky_tu
Đường Quốc lộ 71, Thường Tín	4:duoi_32_ky_tu
đường trịnh đình trọng - tân phú	1:gach_noi_giua_cap
Dự án Hattoco Hà Đông Hà Nội	4:duoi_32_ky_tu
đường đường ton hai	2:trung_keyword[đường đường] | 4:duoi_32_ky_tu
xã vĩnh mỹ a, bạc liêu	4:duoi_32_ky_tu
đằng hải, hải an	4:duoi_32_ky_tu
Khu Du Lich Vạn Hòa Suối Tiên	0:thieu_dau_sai_chinh_ta[lich] | 4:duoi_32_ky_tu
Trần Thị Đỗ Hồ Chí Minh	4:duoi_32_ky_tu
tho thap	0:thieu_dau_sai_chinh_ta[thap] | 3:keyword_la_toan_so | 4:duoi_32_ky_tu
phố 64 quận 2 hồ chí minh	4:duoi_32_ky_tu
cao bá quát. - nha trang - khánh hòa	1:gach_noi_giua_cap
Đường Nguyễn Phúc, Thanh Hóa	4:duoi_32_ky_tu
the pride, hà đông, hà nội	4:duoi_32_ky_tu
đường truong gia mô - thừa thiên huế	0:thieu_dau_sai_chinh_ta[truong,đường truong] | 1:gach_noi_giua_cap
phố lê thanh nghị	4:duoi_32_ky_tu
nguyễn giản thanh quận 10	4:duoi_32_ky_tu
đỗ thuc tỉnh, phường 12, gò vấp, hồ chí minh	0:thieu_dau_sai_chinh_ta[thuc]
đường cầu lủ thanh xuân hà nội	4:duoi_32_ky_tu
Đường Trường Sơn - Tân Bình - Hồ Chí Minh	1:gach_noi_giua_cap
số 2 hoàng cầu đống đa, hà nội	4:duoi_32_ky_tu
Dự án Samland Building - Ung Văn Khiêm - Phường 25 - Bình Thạnh - Hồ Chí Minh	1:gach_noi_giua_cap
đường niem xã	0:thieu_dau_sai_chinh_ta[niem] | 4:duoi_32_ky_tu
khu nhà ở ciri an khánh	4:duoi_32_ky_tu
Thạnh Mỹ Lợi	4:duoi_32_ky_tu
rose garden	3:keyword_la_toan_so | 4:duoi_32_ky_tu
lê quang định	4:duoi_32_ky_tu
362/ 99 - đường nguyễn đình chiểu - phường 4 - quận 3 - hồ chí minh	1:gach_noi_giua_cap
đường miêu nha - nam từ liêm - hà nội	1:gach_noi_giua_cap
nguyễn ngọc vũ cầu giấy	4:duoi_32_ky_tu
b4 - nam thành công - đống đa - hà nội	1:gach_noi_giua_cap
Số 2 Bình Hưng Hòa B Bình Tân - Hồ Chí Minh	1:gach_noi_giua_cap
đường trường sơn, tân bình	4:duoi_32_ky_tu
hải thượng lãn ông - quảng nam	1:gach_noi_giua_cap | 4:duoi_32_ky_tu
đường chùa láng - hà nội	1:gach_noi_giua_cap | 4:duoi_32_ky_tu
Đường Âu Cơ, Tân Phú	4:duoi_32_ky_tu
đường tuyên quang - phường phú thủy - phan thiết - bình thuận	1:gach_noi_giua_cap
đường 60 - quận 6	1:gach_noi_giua_cap | 4:duoi_32_ky_tu
số 5 - thủ đức	1:gach_noi_giua_cap | 4:duoi_32_ky_tu
Dự án Khu dân cu The ki 21 - Quận 2 - Tp Hồ Chí Minh	0:thieu_dau_sai_chinh_ta[dân cu] | 1:gach_noi_giua_cap
xã bắc sơn sóc sơn hà nội	4:duoi_32_ky_tu
Mỹ Đình 1, Nam Từ Liêm, Hà Nội	4:duoi_32_ky_tu
đường mỗ lao, hà đông, hà nội	4:duoi_32_ky_tu
dự án chung cu vimeco i phạm hùng cầu giấy	0:thieu_dau_sai_chinh_ta[chung cu]
cầu diễn bắc từ liêm - hà nội	1:gach_noi_giua_cap | 4:duoi_32_ky_tu
hẻm 549xvnt p. 25 bình thạnh	4:duoi_32_ky_tu
179 đường hòa bình - tân phú	1:gach_noi_giua_cap | 4:duoi_32_ky_tu
dự án chung cư hemisco xã la - hà đông hà nội	1:gach_noi_giua_cap
đường bế văn đàn hà đông hà nội	4:duoi_32_ky_tu
xã hiệp thạnh thủ dầu một	4:duoi_32_ky_tu
Xã Ia Tôr, ChuPRong, Gia Lai	4:duoi_32_ky_tu
17 đường ụ ghe hồ chí minh	4:duoi_32_ky_tu
Uyên Hưng	4:duoi_32_ky_tu
Dự án Khu biet thu Doi Co - Lương Sơn - Hòa Bình	0:thieu_dau_sai_chinh_ta[biet] | 1:gach_noi_giua_cap
chung cu k80 a ngo 376/ 14 đường bưởi phường vĩnh phúc - quận ba đình - hà nội	0:thieu_dau_sai_chinh_ta[chung cu,a ngo,ngo đường] | 1:gach_noi_giua_cap
cầu lu, thanh xuân, hà nội	4:duoi_32_ky_tu
28 hoàng hoa thám - bắc giang	1:gach_noi_giua_cap | 4:duoi_32_ky_tu
phường vĩnh mỹ	4:duoi_32_ky_tu
võ thị sáu - vinh	1:gach_noi_giua_cap | 4:duoi_32_ky_tu
đường 26 - phường 4 - quận 8	1:gach_noi_giua_cap | 4:duoi_32_ky_tu
310 đường định công hoàng mai	4:duoi_32_ky_tu
phường kim mã - vạn phúc - ba đình - hà nội	1:gach_noi_giua_cap
44/ 16/ 8 phạm văn chiêu - quận gò vấp	1:gach_noi_giua_cap
đường cát bi - hải an - hải phòng	1:gach_noi_giua_cap
lê văn sy phường 14 quận 3	4:duoi_32_ky_tu
hưng gia 2 - phú mỹ hưng quận 7 hồ chí minh	1:gach_noi_giua_cap
Đường 7, Quận 2, hồ chí minh	4:duoi_32_ky_tu
dã tượng hoàn kiếm hà nội	4:duoi_32_ky_tu
Đường Hà Trì 4, Hà Đông	4:duoi_32_ky_tu
Khu đô thị Tây Quốc Oai	4:duoi_32_ky_tu
đường lưu xuân tín - quận 5 hồ chí minh	1:gach_noi_giua_cap
123 nguyễn minh hoàng - q. tân bình - hồ chí minh	1:gach_noi_giua_cap
phan ba phien tân bình tp hồ chí minh	0:thieu_dau_sai_chinh_ta[phien]
Đường Trần Văn Xã Đồng Nai	4:duoi_32_ky_tu
Đường 19 Thủ Dầu Một - Bình Dương	1:gach_noi_giua_cap
tân lập 1	4:duoi_32_ky_tu
Đường Cầu Cốc	4:duoi_32_ky_tu
đường nguyễn bỉnh khiêm - phường 2 - bảo lộc - lâm đồng	1:gach_noi_giua_cap
15a2 - đường b3 - tân phú - hồ chí minh	1:gach_noi_giua_cap
xã hát môn	4:duoi_32_ky_tu
hậu cần bãi cháy	4:duoi_32_ky_tu
Xã Giang Điền - Đồng Nai	1:gach_noi_giua_cap | 4:duoi_32_ky_tu
số 164 đường 284 cao lộ - quận 8 - hồ chí minh	1:gach_noi_giua_cap
đoàn hồng phước - hồ chí minh	1:gach_noi_giua_cap | 4:duoi_32_ky_tu
Đường Dương Công Khi, Phường	4:duoi_32_ky_tu
số 90 đường gia quat - long biên - hà nội	0:thieu_dau_sai_chinh_ta[quat] | 1:gach_noi_giua_cap
đường tây nam	4:duoi_32_ky_tu
Đường Trường Chính Kiến An	4:duoi_32_ky_tu
ngõ 172 đường bắc cầu, hà nội	4:duoi_32_ky_tu
đường tô hiến thành - nam định	1:gach_noi_giua_cap | 4:duoi_32_ky_tu
lê lợi, bắc giang	4:duoi_32_ky_tu
234/ 8/ 2d - đường lê đức thọ gò vấp - hồ chí minh	1:gach_noi_giua_cap
phố 36, trần não quận 2	4:duoi_32_ky_tu
18 - Nguyễn Hồng - Gò Vấp - hồ chí minh	1:gach_noi_giua_cap
nguyễn lân - thanh xuân hà nội	1:gach_noi_giua_cap | 4:duoi_32_ky_tu
Bencat Center Point - Bến Cát Bình Dương	1:gach_noi_giua_cap
xã bảo quang - long khánh - đồng nai	1:gach_noi_giua_cap
xã linh sơn đồng hỷ	4:duoi_32_ky_tu
KDC Bến Loi, Bắc Phan Thiết	0:thieu_dau_sai_chinh_ta[loi bắc] | 4:duoi_32_ky_tu
khu sadeco giải trí tân phong - quận 7	1:gach_noi_giua_cap
cao oc osc land	0:thieu_dau_sai_chinh_ta[oc] | 3:keyword_la_toan_so | 4:duoi_32_ky_tu
đường nguyễn danh doi thái bình	4:duoi_32_ky_tu
Đường Nguyễn Chính - Thịnh Liệt	1:gach_noi_giua_cap | 4:duoi_32_ky_tu
Đồng Khởi, Quận 1Ho Chí Minh	0:thieu_dau_sai_chinh_ta[quận ho,ho chí] | 4:duoi_32_ky_tu
dự án hattoco, hà đông, hà nội	4:duoi_32_ky_tu
đường cao triều phát, quận 7	4:duoi_32_ky_tu
thị trần na hối bắc hà lào cai	4:duoi_32_ky_tu
đường đông hưng thuận 45 - hồ chí minh	1:gach_noi_giua_cap
đường lê thị riêng, quận 3	4:duoi_32_ky_tu
long biên, hà nội	4:duoi_32_ky_tu
hẻm 504 - kinh đường vuong - q. bình tân - hồ chí minh	0:thieu_dau_sai_chinh_ta[vuong,đường vuong] | 1:gach_noi_giua_cap
long biên - hà nội	1:gach_noi_giua_cap | 4:duoi_32_ky_tu
hoàng dư khương - hồ chí minh	1:gach_noi_giua_cap | 4:duoi_32_ky_tu
Lê Trọng Tấn - Hoài Đức	1:gach_noi_giua_cap | 4:duoi_32_ky_tu
hương lộ 14 cần giuộc	4:duoi_32_ky_tu
bách khoa, hà nội	4:duoi_32_ky_tu
đường an hải 20 sơn trà - đà nẵng	1:gach_noi_giua_cap
dự án phố chợ điện ngọc - điện bàn - quảng nam	1:gach_noi_giua_cap
nguyễn thiện thuật nha trang - khánh hòa	1:gach_noi_giua_cap
Tân Thành, Lương Sơn, Hòa Bình	4:duoi_32_ky_tu
Lotus Garden, Tân Phú, Sài Gòn	4:duoi_32_ky_tu
nguyễn chanh cầu giấy	4:duoi_32_ky_tu
thủy lương - thừa thiên huế	1:gach_noi_giua_cap | 4:duoi_32_ky_tu
herman vinh nghệ an	4:duoi_32_ky_tu
tân hiệp kiến giang	4:duoi_32_ky_tu
Đường 66 Tân Uyên	4:duoi_32_ky_tu
Đường Trần Thái Tông, Lâm Đồng	4:duoi_32_ky_tu
đường trần não	4:duoi_32_ky_tu
xã thống nhất thường tín hà nội	4:duoi_32_ky_tu
đường lê dinh tam kỳ, quảng nam	4:duoi_32_ky_tu
công ty phúc an cơs37 - 3 - dự án sky garden 3 - quận 7 - tp. hồ chí minh	1:gach_noi_giua_cap
Xã Quảng Hưng - Đường Thủ Phác - Thanh Hóa	1:gach_noi_giua_cap
hà đặc phường	4:duoi_32_ky_tu
investco babylon tân thành - đường âu cơ tân phú hồ chí minh	1:gach_noi_giua_cap
số 22 - lịnh đông thủ đức	1:gach_noi_giua_cap | 4:duoi_32_ky_tu
đường điện biên phủ - cẩm lệ	1:gach_noi_giua_cap | 4:duoi_32_ky_tu
vườn cam vinapol đường 32 - vân canh hoài đức hà nội	1:gach_noi_giua_cap
Đường Nguyễn Đức Thieu, Đà Nẵng	4:duoi_32_ky_tu
thống nhất thái nguyên	4:duoi_32_ky_tu
Xã Thanh Hà - Hà Nam	1:gach_noi_giua_cap | 4:duoi_32_ky_tu
tân mỹ nam từ liêm	4:duoi_32_ky_tu
đường 668	4:duoi_32_ky_tu
Ngọc Đại	4:duoi_32_ky_tu
Đường 12 Bình Chánh Hồ Chí Minh	4:duoi_32_ky_tu
hattoco, hà đông hà nội	4:duoi_32_ky_tu
Đường Bình Nhâm 82 Bình Dương	4:duoi_32_ky_tu
đường lý văn phức - quận 1 - hồ chí minh	1:gach_noi_giua_cap
đường trần quốc tuấn trà vinh	4:duoi_32_ky_tu
an dương vương - quảng ngãi	1:gach_noi_giua_cap | 4:duoi_32_ky_tu
trung hoà nhân chính nguyễn khang - hà nội	1:gach_noi_giua_cap
Đường An Định, Hải Dương	4:duoi_32_ky_tu
xã quảng tiến trảng bom	4:duoi_32_ky_tu
triệu việt vuong - hai bà trưng - hà nội	0:thieu_dau_sai_chinh_ta[vuong] | 1:gach_noi_giua_cap
lê đức thọ gò vấp hồ chí minh	4:duoi_32_ky_tu
đường ngô thì sỹ - phường 4 đà lạt	1:gach_noi_giua_cap
Cầu Niem - Lê Chân	0:thieu_dau_sai_chinh_ta[niem] | 1:gach_noi_giua_cap | 4:duoi_32_ky_tu
Đường Hiệp Thành	4:duoi_32_ky_tu
hàng đồng - nam định	1:gach_noi_giua_cap | 4:duoi_32_ky_tu
Đường Hà Huy Tập - Tân Chính - Thanh Khê Đà Nẵng	1:gach_noi_giua_cap
dự án chung cu thanh nien, bình thạnh hồ chí minh	0:thieu_dau_sai_chinh_ta[chung cu,nien]
số 71 74 hữu hưng đại mỗ	4:duoi_32_ky_tu
đồng nhân, hoài đức hà nội	4:duoi_32_ky_tu
mỹ thái 1	4:duoi_32_ky_tu
opal riverside - số 10 - phường hiệp bình chánh - thủ đức - hồ chí minh	1:gach_noi_giua_cap
Nam An Khánh	4:duoi_32_ky_tu
đường đặng nguyên cẩn - quận 6	1:gach_noi_giua_cap | 4:duoi_32_ky_tu
dự án khu đỗ thị an khánh - an thượng hoài đức	1:gach_noi_giua_cap
đường nguyễn trường tộ - tân phú	1:gach_noi_giua_cap
phú lộc 4 đà nẵng	4:duoi_32_ky_tu
đường bửu long - quận 10	1:gach_noi_giua_cap | 4:duoi_32_ky_tu
cao thắng, hải phòng	4:duoi_32_ky_tu
d9, thủ đức, hồ chí minh	4:duoi_32_ky_tu
đường trần thủ độ phường hòa xuân - cẩm lệ - đà nẵng	1:gach_noi_giua_cap
mai dịch, hà nội	4:duoi_32_ky_tu
phan ba phien tân bình	0:thieu_dau_sai_chinh_ta[phien] | 4:duoi_32_ky_tu
đường hùng vương - hải châu - đà nẵng	1:gach_noi_giua_cap
đường ngọc hồi - hoàng mai - hà nội	1:gach_noi_giua_cap
khu dân cư thanh trúc	4:duoi_32_ky_tu
dự án vinafor plaza - 48 vạn phúc, hà đông, hà nội	1:gach_noi_giua_cap
nguyễn cơ thạch	4:duoi_32_ky_tu
đường yên phúc, hà nội	4:duoi_32_ky_tu
111 - Đường Lũy Bán Bích - Tân Phú - Hồ Chí Minh	1:gach_noi_giua_cap
đường quốc lộ 1k - thủ đức	1:gach_noi_giua_cap | 4:duoi_32_ky_tu
chu văn an bá đình	4:duoi_32_ky_tu
Dự án N05 Trần Duy Hưng Cầu Giấy - Hà Nội	1:gach_noi_giua_cap
đường vọng hà - phường chương dương độ	1:gach_noi_giua_cap
ngõ 117 thái hà	4:duoi_32_ky_tu
lưu khai hồng, hồ chí minh	4:duoi_32_ky_tu
thôn 10 - thiên hương - hải phòng	1:gach_noi_giua_cap
44 đường nguyễn du, đà nẵng	4:duoi_32_ky_tu
Southern Dragon - Đường Âu Cơ - Tân Thành - Tân Phú - Hồ Chí Minh	1:gach_noi_giua_cap
đường thạnh xuân 39 - hồ chí minh	1:gach_noi_giua_cap
đường phạm thế hiển quận 8	4:duoi_32_ky_tu
đường cống quỳnh, quận 1	4:duoi_32_ky_tu
đường tân kỳ tân quý tân phú - hồ chí minh	1:gach_noi_giua_cap
dự án gardenia tân cang quận 9 - hồ chí minh	1:gach_noi_giua_cap
Phố Nguyễn Văn Tố, Biên Hòa	4:duoi_32_ky_tu
Nguyễn Kiệm Phú Nhuận - Hồ Chí Minh	1:gach_noi_giua_cap
trần cao vân hội an	4:duoi_32_ky_tu
Thống Nhất Thường Tín	4:duoi_32_ky_tu
phố phan đăng lưu - biên hòa - đồng nai	1:gach_noi_giua_cap
Đường Trần Quang Diệu - Quận 3	1:gach_noi_giua_cap | 4:duoi_32_ky_tu
vĩnh ngọc	4:duoi_32_ky_tu
25a mai thị lựu hồ chí minh	4:duoi_32_ky_tu
Đường 13 Bến Cát, Bình Dương	4:duoi_32_ky_tu
phường hiệp thành, bình dương	4:duoi_32_ky_tu
đường nguyễn quang lâm	4:duoi_32_ky_tu
đường trần đình xu - quận 1. - hồ chí minh	1:gach_noi_giua_cap
15 - đỗ xuân hợp - quận 9 - hồ chí minh	1:gach_noi_giua_cap
109/ 10a trung nu vuong - hải châu - đà nẵng	0:thieu_dau_sai_chinh_ta[vuong] | 1:gach_noi_giua_cap
đường phan đình phùng biên hòa	4:duoi_32_ky_tu
hùng vương huế	4:duoi_32_ky_tu
Cà Mau	4:duoi_32_ky_tu
đường tố hữu, hà đông, hà nội	4:duoi_32_ky_tu
an đồng - đường cái tắt - an dương	1:gach_noi_giua_cap
phố bạch mai - hà nội	1:gach_noi_giua_cap | 4:duoi_32_ky_tu
408H47/ 7 Hoàng Diệu - Hải Châu - Đà Nẵng	1:gach_noi_giua_cap
hẻm 64 Nguyễn Khoái - Quận 4	1:gach_noi_giua_cap | 4:duoi_32_ky_tu
đường an thạnh bến lức	4:duoi_32_ky_tu
đường lê quang đạo bắc ninh	4:duoi_32_ky_tu
minh khai, bắc từ liêm, hà nội	4:duoi_32_ky_tu
đường 6b bình tân	4:duoi_32_ky_tu
huyện cai lậy - tiền giang	1:gach_noi_giua_cap | 4:duoi_32_ky_tu
đường 8 đức hòa long an	4:duoi_32_ky_tu
huyen trảng bàng tây ninh	0:thieu_dau_sai_chinh_ta[huyen] | 4:duoi_32_ky_tu
nguyễn văn cừ liên chiểu - đà nẵng	1:gach_noi_giua_cap
Đường Chu Văn Thịnh Sơn La	4:duoi_32_ky_tu
phường vĩnh trung đà nẵng	4:duoi_32_ky_tu
Thụy Ứng, Đan Phượng	4:duoi_32_ky_tu
275 đường đông khê - ngô quyền	1:gach_noi_giua_cap | 4:duoi_32_ky_tu
Đường Lê Thánh Tông Lê Chân	4:duoi_32_ky_tu
ngõ 29 Láng Hạ - Ba Đình Hà Nội	1:gach_noi_giua_cap | 4:duoi_32_ky_tu
54 đường 8 quận 8 hồ chí minh	4:duoi_32_ky_tu
Hà Nội	4:duoi_32_ky_tu
142/ 36b - nguyễn thị thập quận 7 hồ chí minh	1:gach_noi_giua_cap
quảng điền - thừa thiên huế	1:gach_noi_giua_cap | 4:duoi_32_ky_tu
Sapa Jade Hill	3:keyword_la_toan_so | 4:duoi_32_ky_tu
mieu nhã nam tu liem hà nội	0:thieu_dau_sai_chinh_ta[liem,mieu nhã,nam tu,tu liem,liem hà] | 4:duoi_32_ky_tu
nguyễn hữu thọ	4:duoi_32_ky_tu
hà huy tập quận 12 hồ chí minh	4:duoi_32_ky_tu
việt dragon tower - phường bến thành đường nguyễn du - quận 1	1:gach_noi_giua_cap
2/ 3 Bàu Cát 2 Hồ Chí Minh	4:duoi_32_ky_tu
dự án fuji residence - quận 9 - hồ chí minh	1:gach_noi_giua_cap
Lê Lợi Huế	4:duoi_32_ky_tu
Khu cao ốc Hồng Tân - Bình Tân - Hồ Chí Minh	1:gach_noi_giua_cap
466/ 11 - lê văn sỹ	1:gach_noi_giua_cap | 4:duoi_32_ky_tu
1362 - võ văn kiệt - quận 5 hồ chí minh	1:gach_noi_giua_cap
đường lưu xuân tín	4:duoi_32_ky_tu
đường dương khê	4:duoi_32_ky_tu
hoàng quốc việt bắc từ liêm	4:duoi_32_ky_tu
phường thạc gián - thanh khê - đà nẵng	1:gach_noi_giua_cap
hàng ga - hoàn kiếm	1:gach_noi_giua_cap | 4:duoi_32_ky_tu
99 - Nguyễn Thị Thập - Quận 7 - Hồ Chí Minh	1:gach_noi_giua_cap
dx 066 - thủ dầu một - bình dương	1:gach_noi_giua_cap
xã ninh trung	4:duoi_32_ky_tu
định công - vành đại 2. 5	1:gach_noi_giua_cap | 4:duoi_32_ky_tu
75 - trần anh tông quy - bình định	1:gach_noi_giua_cap
đường trần lê, đà lạt	4:duoi_32_ky_tu
xã ea wer	4:duoi_32_ky_tu
63 - đông du - quận 1 - hồ chí minh	1:gach_noi_giua_cap
trần thủ độ, tân phú	4:duoi_32_ky_tu
đường nguyễn thái học, quận 1	4:duoi_32_ky_tu
Xuân Đỉnh - Bắc Từ Liêm - Hà Nội	1:gach_noi_giua_cap
xo việt nghệ tỉnh - bình thạnh	1:gach_noi_giua_cap | 4:duoi_32_ky_tu
Nguyễn Siêu Đà Lạt	4:duoi_32_ky_tu
đường bàu cát doi - phường 14 - tân bình - hồ chí minh	1:gach_noi_giua_cap
phố phùng hưng, đan phượng	4:duoi_32_ky_tu
Phố 29 - Gò Vấp - Hồ Chí Minh	1:gach_noi_giua_cap | 4:duoi_32_ky_tu
the hyco4 tower - phố nguyễn xi hồ chí minh	1:gach_noi_giua_cap
số 4c - bình chánh - hồ chí minh	1:gach_noi_giua_cap
ngõ 203 hoàng quốc việt - cầu giấy	1:gach_noi_giua_cap
134 Lê Minh Xuân, Tân Bình	4:duoi_32_ky_tu
trịnh đình trọng quận 11	4:duoi_32_ky_tu
đường dinh nghệ -  - đà nẵng	0:thieu_dau_sai_chinh_ta[đường dinh] | 1:gach_noi_giua_cap | 4:duoi_32_ky_tu
2c - trần khánh dư - quận 1	1:gach_noi_giua_cap | 4:duoi_32_ky_tu
phường trung dũng biên hòa dn	4:duoi_32_ky_tu
Dự án Căn hộ 8X Thái An - Gò Vấp - Sài Gòn	1:gach_noi_giua_cap
đường phạm ngọc thạch đống đa	4:duoi_32_ky_tu
172 phạm như xương hòa khánh	4:duoi_32_ky_tu
tứ liên tây hồ hà nội	4:duoi_32_ky_tu
đường cây cám bình tân	4:duoi_32_ky_tu
đường 7 đắk lắk	4:duoi_32_ky_tu
phố 24 - thủ đức - hồ chí minh	1:gach_noi_giua_cap | 4:duoi_32_ky_tu
5M Đường Trần Quang Cơ Tân Phú	4:duoi_32_ky_tu
Ma May	3:keyword_la_toan_so | 4:duoi_32_ky_tu
dx 083 thủ dầu một bình dương	4:duoi_32_ky_tu
đường phú thuận - quận 7 - tp hồ chí minh	1:gach_noi_giua_cap
đường trần văn nam - long an	1:gach_noi_giua_cap | 4:duoi_32_ky_tu
đường tây nam - nha trang - khánh hòa	1:gach_noi_giua_cap
thanh oai hà nội	4:duoi_32_ky_tu
Duyên Thái - Quốc lộ 1A - Thường Tín - Hà Nội	1:gach_noi_giua_cap
investco babylon - phường tân thành - đường âu cơ - tân phú	1:gach_noi_giua_cap
Xã Long Phước Đồng Nai	4:duoi_32_ky_tu
cao điển, thanh hóa	4:duoi_32_ky_tu
đường 141	4:duoi_32_ky_tu
91 Nguyễn An Ninh - Hoàng Mai	1:gach_noi_giua_cap | 4:duoi_32_ky_tu
21 - 5719	3:keyword_la_toan_so | 4:duoi_32_ky_tu
Điện An	4:duoi_32_ky_tu
căn hộ 303, b3	4:duoi_32_ky_tu
dự án dầu giây center city - thống nhất - đồng nai	1:gach_noi_giua_cap
đường dã tượng hoàn kiếm hà nội	4:duoi_32_ky_tu
đường lê lộ - sơn trà	1:gach_noi_giua_cap | 4:duoi_32_ky_tu
trảng dài đường 768b đồng nai	4:duoi_32_ky_tu
đường khương thượng	4:duoi_32_ky_tu
đường quảng minh - hà đông - hà nội	1:gach_noi_giua_cap
đường thới an 17 - quận 12	1:gach_noi_giua_cap | 4:duoi_32_ky_tu
dự án the park avenue - lý thường kiệt - phường 15 - quận 11 - hồ chí minh	1:gach_noi_giua_cap
Dự án Vinhomes Riverside - Đường Anh Đào - Long Biên	1:gach_noi_giua_cap
hoàng diệu 2	4:duoi_32_ky_tu
phường 4 - hiep nhat - tân bình - hồ chí minh	0:thieu_dau_sai_chinh_ta[hiep,nhat,phường hiep] | 1:gach_noi_giua_cap
khu đỗ thị geleximco - lê trọng tấn hà đông hà nội	1:gach_noi_giua_cap
Hưng Phú - Ninh Kiều - Cần Thơ	1:gach_noi_giua_cap | 4:duoi_32_ky_tu
phố 14, gò vấp, hồ chí minh	4:duoi_32_ky_tu
9 view apartment	3:keyword_la_toan_so | 4:duoi_32_ky_tu
đường bình tiên, hồ chí minh	4:duoi_32_ky_tu
424/ 9a ong ich khiêm - thanh khê - đà nẵng	0:thieu_dau_sai_chinh_ta[ich] | 1:gach_noi_giua_cap
lê đức thọ - phường mỹ đình 2 - nam từ liêm - hà nội	1:gach_noi_giua_cap
phú đức tx bình long bình phước	4:duoi_32_ky_tu
Đường Me Nhu - Thanh Khê - Đà Nẵng	1:gach_noi_giua_cap
đường dang tat huế	0:thieu_dau_sai_chinh_ta[tat] | 4:duoi_32_ky_tu
quận sơn trà đà nẵng	4:duoi_32_ky_tu
Vành Đai Phường 7 - Trà Vinh	1:gach_noi_giua_cap | 4:duoi_32_ky_tu
nguyễn du, hoàn kiếm	4:duoi_32_ky_tu
200 quốc lộ 13, thủ đức	4:duoi_32_ky_tu
281/ 2/ 44 Bình Lợi	4:duoi_32_ky_tu
tân hương - phổ yên thái nguyên	1:gach_noi_giua_cap | 4:duoi_32_ky_tu
tô ký quận 12 hồ chí minh	4:duoi_32_ky_tu
Phan Bá Vành Bắc Từ Liêm	4:duoi_32_ky_tu
Đường số 8 - phường 4 quận 8 Tp Hồ Chí Minh	1:gach_noi_giua_cap
bạch hạc - việt trì phú thọ	1:gach_noi_giua_cap | 4:duoi_32_ky_tu
15 - đỗ xuân hợp quận 9 hồ chí minh	1:gach_noi_giua_cap
đường 1a kdc nam hùng vương - an lạc - hồ chí minh	1:gach_noi_giua_cap
phường hàng buồm hà nội	4:duoi_32_ky_tu
& # 272;& # 432;& # 7901;ng nguy& # 7877;n khoa chi& # 234;m - hu& # 7871	1:gach_noi_giua_cap | 3:keyword_la_toan_so
lê thanh nghị	4:duoi_32_ky_tu
Đường 16 - Linh Trung	1:gach_noi_giua_cap | 4:duoi_32_ky_tu
nguyễn kiem, phú nhuận hồ chí minh	0:thieu_dau_sai_chinh_ta[kiem,nguyễn kiem,kiem phú]
hưng lộc thống nhất	4:duoi_32_ky_tu
Dự án The Pride Lê Văn Lương Phường La Khê - Hà Đông - hà nội	1:gach_noi_giua_cap
nguyễn văn tố biên hòa đồng nai	4:duoi_32_ky_tu
Nguyễn Văn Tố Biên Hòa	4:duoi_32_ky_tu
tân phong biên hòa	4:duoi_32_ky_tu
Nguyễn Minh Hoàng, Q. Tân Bình	4:duoi_32_ky_tu
53g ngõ 25/ 7 - phố vũ ngọc phan - đống đa - hà nội	1:gach_noi_giua_cap
842A Lê Lợi Bắc Giang	4:duoi_32_ky_tu
tân lãng, lương tài, bắc ninh	4:duoi_32_ky_tu
yên vinh - hoài đức	0:thieu_dau_sai_chinh_ta[yên vinh] | 1:gach_noi_giua_cap | 4:duoi_32_ky_tu
9 - Hoàng Minh Giam	1:gach_noi_giua_cap | 4:duoi_32_ky_tu
Dự án Khu đô thị mới Văn Quán Hà Đông - Hà Nội	1:gach_noi_giua_cap
ct3 tây nam lĩnh dam - hoàng mai - hà nội	1:gach_noi_giua_cap
Dự án Hùng Thái - Quận 7 - Tp Hồ Chí Minh	1:gach_noi_giua_cap
cống quỳnh - quận 1	1:gach_noi_giua_cap | 4:duoi_32_ky_tu
ô chợ dừa tôn đức thắng hà nội	4:duoi_32_ky_tu
đường nguyễn văn ba - thủ đức - hồ chí minh	1:gach_noi_giua_cap
ngõ 80 hoằng đạo thanh	4:duoi_32_ky_tu
dự án vcn phước long - đường a4 - phường phước hải - nha trang	1:gach_noi_giua_cap
số 331 đê la thành hà nội	4:duoi_32_ky_tu
đường tỉnh lộ 10 - xã bình lợi - bình chánh	1:gach_noi_giua_cap
đường 27 thủ đức hồ chí minh	4:duoi_32_ky_tu
cửu việt 1	4:duoi_32_ky_tu
đường quốc lộ 1a - dĩ an - bình dương	1:gach_noi_giua_cap
nguyễn co thach	0:thieu_dau_sai_chinh_ta[thach] | 4:duoi_32_ky_tu
đường d2 - phường hiệp phước - nhà bè hồ chí minh	1:gach_noi_giua_cap
số 14, quận 7, hồ chí minh	4:duoi_32_ky_tu
phường phúc lợi, hà nội	4:duoi_32_ky_tu
thái sanh hanh, mỹ tho	4:duoi_32_ky_tu
phố trần phú - nha trang khánh hòa	1:gach_noi_giua_cap
Viva Riverside	3:keyword_la_toan_so | 4:duoi_32_ky_tu
nguyễn du hoàn kiếm - hà nội	1:gach_noi_giua_cap | 4:duoi_32_ky_tu
đường 6b phước bình quận 9	4:duoi_32_ky_tu
ngõ thị sy, hà đông, hà nội	4:duoi_32_ky_tu
đa kao nguyễn thị minh khai	4:duoi_32_ky_tu
đường lĩnh nam - hoàng mai - hà nội	1:gach_noi_giua_cap
đặng thái thân - hoàn kiếm - hà nội	1:gach_noi_giua_cap
nguyễn văn bứa - hóc môn	1:gach_noi_giua_cap | 4:duoi_32_ky_tu
chợ giàu từ sơn bắc ninh	4:duoi_32_ky_tu
Đường Huỳnh Văn Bánh Phú Nhuận	4:duoi_32_ky_tu
bạch đằng lương yên	4:duoi_32_ky_tu
Đường Xã lộ Đại Han Thủ Đức	4:duoi_32_ky_tu
dự án phước long spring town - quận 9 - tp hồ chí minh	1:gach_noi_giua_cap
Dự án Chơn Thành Golden Land, Chơn Thành Bình Phước	2:trung_keyword[chơn thành]
phố pháo đài láng	4:duoi_32_ky_tu
Khu công nghiệp Phú Nghĩa	4:duoi_32_ky_tu
đường 42 - tân tạo bình tân hồ chí minh	1:gach_noi_giua_cap
tây sơn ba đình - hà nội	1:gach_noi_giua_cap | 4:duoi_32_ky_tu
dự án vinhomes riverside hoa phường 3, phường phúc lợi, long biên	2:trung_keyword[phường phường]
tả thanh oai - cầu bươu	1:gach_noi_giua_cap | 4:duoi_32_ky_tu
Đường Bàu Mạc 3	4:duoi_32_ky_tu
Tân Lập 1, Quận 9	4:duoi_32_ky_tu
ngọc truc - xã đại mỗ hà nội	0:thieu_dau_sai_chinh_ta[truc] | 1:gach_noi_giua_cap | 4:duoi_32_ky_tu
dự án five star eco city quốc lộ 50 - cần giuộc	1:gach_noi_giua_cap
228A Phan Văn Hân Bình Thạnh - hồ chí minh	1:gach_noi_giua_cap
đường bắc ái - thủ đức	1:gach_noi_giua_cap | 4:duoi_32_ky_tu
bùi xương trạch - hoàng mai	1:gach_noi_giua_cap | 4:duoi_32_ky_tu
long châu, yên phong, bắc ninh	4:duoi_32_ky_tu
Đường 19/ 5 Củ Chi	4:duoi_32_ky_tu
22c đường ngô đức kế bình thạnh	4:duoi_32_ky_tu
nguyễn bá tòng - tân bình - hồ chí minh	1:gach_noi_giua_cap
đường 14 - sóc sơn	1:gach_noi_giua_cap | 4:duoi_32_ky_tu
Đường Đường Thị Giang - Hồ Chí Minh	1:gach_noi_giua_cap | 2:trung_keyword[đường đường]
lê lợi - quận 1	1:gach_noi_giua_cap | 4:duoi_32_ky_tu
Đường 17, Quận 8, Hồ Chí Minh	4:duoi_32_ky_tu
đường nghĩa dũng	4:duoi_32_ky_tu
đường 138 quận 9 hồ chí minh	4:duoi_32_ky_tu
đường quốc lộ 1a, thanh trì	4:duoi_32_ky_tu
Nguyễn Hoàng, Hà Nội	4:duoi_32_ky_tu
dinh thôn nam từ liêm	4:duoi_32_ky_tu
Lê Trọng Tấn, P. Sơn Kỳ	4:duoi_32_ky_tu
50 - Đồng Xoài - Hồ Chí Minh	1:gach_noi_giua_cap | 4:duoi_32_ky_tu
bình gia - hồ chí minh	1:gach_noi_giua_cap | 4:duoi_32_ky_tu
số 12 hiệp bình phước - thủ đức - hồ chí minh	1:gach_noi_giua_cap
đinh bộ lĩnh - phường 2 mỹ tho - tiền giang	1:gach_noi_giua_cap
Lê Hồng Phong, Hà Đông, Hà Nội	4:duoi_32_ky_tu
phạm thieu sơn trà	4:duoi_32_ky_tu
dự án trung sơn - đường 1 - xã bình hưng - bình chánh - hồ chí minh	1:gach_noi_giua_cap
Veranda Vũng Tàu	4:duoi_32_ky_tu
D5 - Thuận An	1:gach_noi_giua_cap | 4:duoi_32_ky_tu
đường 1 hóc môn	4:duoi_32_ky_tu
đường 15 thuận an bình dương	4:duoi_32_ky_tu
Dự án Nam Hưng Vuong, Phường An Lạc, Hồ Chí Minh	0:thieu_dau_sai_chinh_ta[vuong,hưng vuong,vuong phường]
đồng tiến, gia lai	4:duoi_32_ky_tu
Dự án Khu dân cư Thế kỉ 21 - Quận 2 Tp Hồ Chí Minh	1:gach_noi_giua_cap
phường linh tây thủ đức	4:duoi_32_ky_tu
mẹ nhu	4:duoi_32_ky_tu
Đường Phú Lộc 4, Đà Nẵng	4:duoi_32_ky_tu
Trần Huy Liệu - Quận 3 - Tp Hồ Chí Minh	1:gach_noi_giua_cap
20 đường sư vạn hạnh, rạch giá	4:duoi_32_ky_tu
Đường Phúc Tân, Hoàn Kiếm	4:duoi_32_ky_tu
Ford Thăng Long - Lang - Đống Đa - Hà Nội	1:gach_noi_giua_cap
Đường 10 - Cái Răng	1:gach_noi_giua_cap | 4:duoi_32_ky_tu
đường vành đai 2, quận 9	4:duoi_32_ky_tu
bắc trà mỹ quảng nam	4:duoi_32_ky_tu
Trần Mai Ninh Phường 11 - Tân Bình	1:gach_noi_giua_cap
Trần Hưng Đạo Quận 9	4:duoi_32_ky_tu
vietcombank tower hồ chí minh	4:duoi_32_ky_tu
đường hưng nhơn, hồ chí minh	4:duoi_32_ky_tu
phú đức bình phước	4:duoi_32_ky_tu
n11 thủ dầu một	4:duoi_32_ky_tu
đường 37 cao xanh	4:duoi_32_ky_tu
đường trường sa - tân bình tp hồ chí minh	1:gach_noi_giua_cap
đường quán khái 4	4:duoi_32_ky_tu
giải phóng - nam định	1:gach_noi_giua_cap | 4:duoi_32_ky_tu
hữu lũng, lạng sơn	4:duoi_32_ky_tu
Đường Phùng Khắc Khoan Phường Đa Kao Quận 1 - Hồ Chí Minh	1:gach_noi_giua_cap
đường sơn thuỷ 12	4:duoi_32_ky_tu
bùi thị xuân quận 1 - hồ chí minh	1:gach_noi_giua_cap
phường 1	4:duoi_32_ky_tu
thịnh quang, trung liệt, hà nội	4:duoi_32_ky_tu
Quốc Lộ 10 Vụ Bản	4:duoi_32_ky_tu
Dự án TMS Land Hùng Vương, Phương Trung Nhi, Vĩnh Phúc	0:thieu_dau_sai_chinh_ta[trung nhi]
Tân Hòa Vĩnh Bảo Hải Phòng	4:duoi_32_ky_tu
bình an dĩ an, bình dương	4:duoi_32_ky_tu
36 quế võ bắc ninh	4:duoi_32_ky_tu
147 Võ Duy Ninh Bình Thạnh - Tp Hồ Chí Minh	1:gach_noi_giua_cap
Mỹ Đình 1	4:duoi_32_ky_tu
đường nghĩa dũng - hà nội	1:gach_noi_giua_cap | 4:duoi_32_ky_tu
phố ngọc đại	4:duoi_32_ky_tu
sơn hưng tân bình	4:duoi_32_ky_tu
Xã Tân Thành Hòa Bình	4:duoi_32_ky_tu
Xuân Thiều 6, Liên Chiểu	4:duoi_32_ky_tu
đường ngô gia tự - phường ninh phong - ninh bình	1:gach_noi_giua_cap
142/ 36b - đường nguyễn thị thập - quận 7	1:gach_noi_giua_cap
đường pastuer, khánh hòa	4:duoi_32_ky_tu
Phố Xã Đàn, Đống Đa	4:duoi_32_ky_tu
Trần Nhân Ton Quận 10	4:duoi_32_ky_tu
Phố Tieu Trà	4:duoi_32_ky_tu
nha số 17 - đường 54 quận 2	1:gach_noi_giua_cap | 4:duoi_32_ky_tu
đường trạm - long biên hà nội	1:gach_noi_giua_cap | 4:duoi_32_ky_tu
58 - Nguyễn Quy Đức - Cẩm Lệ	1:gach_noi_giua_cap | 4:duoi_32_ky_tu
đường phạm qúy thích - tân phú - tp hồ chí minh	1:gach_noi_giua_cap
dự án yên hoà thăng long trung hoà - cầu giấy	1:gach_noi_giua_cap
ngõ 130, phố trung kính, hà nội	4:duoi_32_ky_tu
đường số 34 p. tân quý 7	4:duoi_32_ky_tu
dự án chung cu mỹ phước, bình thạnh hồ chí minh	0:thieu_dau_sai_chinh_ta[chung cu]
đường đường tu giang, quận 5 hồ chí minh	2:trung_keyword[đường đường]
Đường Quốc Lộ 20, Thống Nhất	4:duoi_32_ky_tu
Đường 9 - Thủ Đức	1:gach_noi_giua_cap | 4:duoi_32_ky_tu
xã mễ trì, nam từ liêm, hà nội	4:duoi_32_ky_tu
Trần Huy Lieu, Ba Đình, Hà Nội	4:duoi_32_ky_tu
phường linh trung	4:duoi_32_ky_tu
Đường Nguyễn Địa Lô - Sơn Trà	1:gach_noi_giua_cap | 4:duoi_32_ky_tu
Củ Chi - Tp Hồ Chí Minh	1:gach_noi_giua_cap | 4:duoi_32_ky_tu
171c hoàng hoa thám, tân bình	4:duoi_32_ky_tu
ciputra tây hồ - hà nội	1:gach_noi_giua_cap | 4:duoi_32_ky_tu
17 đường nguyễn cửu đàm tân phú	4:duoi_32_ky_tu
lê hồng phong quận 10	4:duoi_32_ky_tu
xã đường lâm, sơn tây, hà nội	4:duoi_32_ky_tu
lavender city vĩnh cửu đồng nai	4:duoi_32_ky_tu
số 22 đường 71 tân quy quận 7	4:duoi_32_ky_tu
đường huỳnh văn nghệ biên hòa	4:duoi_32_ky_tu
dự án null - phan thiết - bình thuận	1:gach_noi_giua_cap
duon. g quốc lộ 1k hồ chí minh	0:thieu_dau_sai_chinh_ta[duon] | 4:duoi_32_ky_tu
Xã Bảo Quang	4:duoi_32_ky_tu
Đường Đội Cấn, Vĩnh Yên	4:duoi_32_ky_tu
phố lý thường kiệt phường 7 - quận 11 - hồ chí minh	1:gach_noi_giua_cap
đường 21 quận 12 hồ chí minh	4:duoi_32_ky_tu
chương dương golden land	4:duoi_32_ky_tu
28 huỳnh văn bánh - phú nhuận	1:gach_noi_giua_cap | 4:duoi_32_ky_tu
dự án vuon xuân - 71 nguyễn chí thanh đống đa	0:thieu_dau_sai_chinh_ta[vuon] | 1:gach_noi_giua_cap
Đồng Khởi - Vĩnh Cửu - Đồng Nai	1:gach_noi_giua_cap | 4:duoi_32_ky_tu
nam từ liêm - hà nội	1:gach_noi_giua_cap | 4:duoi_32_ky_tu
nguyễn dia lộ - đà nẵng	1:gach_noi_giua_cap | 4:duoi_32_ky_tu
số nhà 51c	4:duoi_32_ky_tu
xã đàn - thổ quận	1:gach_noi_giua_cap | 4:duoi_32_ky_tu
võ thị sáu ninh kiều cần thơ	4:duoi_32_ky_tu
hẻm 216 - đường lê văn thọ - quận gò vấp - hồ chí minh	1:gach_noi_giua_cap
đường dat thanh phường 6 tân bình hồ chí minh	0:thieu_dau_sai_chinh_ta[dat]
đường cát bi hải an hải phòng	4:duoi_32_ky_tu
Dự án Việt Dragon Tower - Nguyễn Du Quận 1	1:gach_noi_giua_cap
1362 - Võ Văn Kiệt - Quận 5 - Hồ Chí Minh	1:gach_noi_giua_cap
lộc nga bảo lộc - lâm đồng	1:gach_noi_giua_cap | 4:duoi_32_ky_tu
xuân tảo - bắc từ liêm - hà nội	1:gach_noi_giua_cap | 4:duoi_32_ky_tu
anh sơn - nghệ an	1:gach_noi_giua_cap | 4:duoi_32_ky_tu
Lê Văn Sỹ, Phường 14, Quận 3	4:duoi_32_ky_tu
331 đê la thành - hà nội	1:gach_noi_giua_cap | 4:duoi_32_ky_tu
bắc ái - phường bình thọ thủ đức	1:gach_noi_giua_cap
xã long phước - đồng nai	1:gach_noi_giua_cap | 4:duoi_32_ky_tu
phường 13 hoà hưng	4:duoi_32_ky_tu
hương lộ 14 - long điền	1:gach_noi_giua_cap | 4:duoi_32_ky_tu
6 - 8 đường 16 - q. thủ đức - hồ chí minh	1:gach_noi_giua_cap
Đường Yên Phúc	4:duoi_32_ky_tu
Đường Hoài Thanh, Quận 8	4:duoi_32_ky_tu
ấp 5 tân phú đồng nai	4:duoi_32_ky_tu
đường cẩm bắc 11 - hòa thọ đông - đà nẵng	1:gach_noi_giua_cap
trảng bom, đồng nai	4:duoi_32_ky_tu
đường 168, quận 9, hồ chí minh	4:duoi_32_ky_tu
bàu bàng bình dương	4:duoi_32_ky_tu
Đường Phạm Ngọc Thạch - Đống Đa. - Hà Nội	1:gach_noi_giua_cap
đường d5 - thuận an	1:gach_noi_giua_cap | 4:duoi_32_ky_tu
bà điểm, hóc môn, hồ chí minh	4:duoi_32_ky_tu
Khu đô thị mới Tân Tây Đô	4:duoi_32_ky_tu
trương gia mô - huế - thừa thiên huế	1:gach_noi_giua_cap
đằng hải - hải an hải phòng	1:gach_noi_giua_cap | 4:duoi_32_ky_tu
2/ 3 - bàu cát 2	1:gach_noi_giua_cap | 4:duoi_32_ky_tu
Dự án Tòa nha 249A Thụy Khuê Tây Hồ - Hà Nội	1:gach_noi_giua_cap
đường nguyễn thái học - quận 1 hồ chí minh	1:gach_noi_giua_cap
đường lý thường kiệt - tp. cà mau	1:gach_noi_giua_cap
đường đường thị giang quận 12 hồ chí minh	2:trung_keyword[đường đường]
khu sadeco giải trí phường tân phong - quận 7 - hồ chí minh	1:gach_noi_giua_cap
ocean park, đống đa hà nội	4:duoi_32_ky_tu
Phúc Xá	4:duoi_32_ky_tu
đông an - dĩ an	1:gach_noi_giua_cap | 4:duoi_32_ky_tu
bình an pearl	4:duoi_32_ky_tu
đường 30/ 4 vũng tàu	4:duoi_32_ky_tu
dự án mỹ khang - đường nguyễn lương bằng - quận 7 - hồ chí minh	1:gach_noi_giua_cap
văn cao hải châu - đà nẵng	1:gach_noi_giua_cap | 4:duoi_32_ky_tu
phúc tân, hoàn kiếm	4:duoi_32_ky_tu
xuân thới 15 - hóc môn - hồ chí minh	1:gach_noi_giua_cap
đường bình quới bình thạnh	4:duoi_32_ky_tu
kim giang thành xuân nam thanh xuân hà noi	0:thieu_dau_sai_chinh_ta[hà noi]
kdc cho bình dien - nguyễn văn linh - quận 8 hồ chí minh	0:thieu_dau_sai_chinh_ta[dien] | 1:gach_noi_giua_cap
bù gia mập, bình phước	4:duoi_32_ky_tu
đường tỉnh lộ 10b - bình chánh - hồ chí minh	1:gach_noi_giua_cap
bưởi	4:duoi_32_ky_tu
quận nam từ liêm hà nội	4:duoi_32_ky_tu
đường quốc lộ 53 vũng liêm	4:duoi_32_ky_tu
thạnh lộc 41 - quận 12	1:gach_noi_giua_cap | 4:duoi_32_ky_tu
Hẻm 179 Hòa Bình - Tân Phú	1:gach_noi_giua_cap | 4:duoi_32_ky_tu
cao ốc sông đà tower	4:duoi_32_ky_tu
phường nghĩa tân cầu giấy	4:duoi_32_ky_tu
67 lê văn tám nghệ an	4:duoi_32_ky_tu
bùi viên bình phước	4:duoi_32_ky_tu
phố thái nguyên, khánh hòa	4:duoi_32_ky_tu
3e/ 2 - phổ quang tân bình - hồ chí minh	1:gach_noi_giua_cap
Đường Hòa Bình - Bình Tân - Tp Hồ Chí Minh	1:gach_noi_giua_cap
chiền - hà nội	1:gach_noi_giua_cap | 4:duoi_32_ky_tu
thanh tân thanh liêm	4:duoi_32_ky_tu
nguyễn văn côn - gò công tiền giang	1:gach_noi_giua_cap
ái mộ - gia lâm hà nội	1:gach_noi_giua_cap | 4:duoi_32_ky_tu
Định Công - Hoàng Mai	1:gach_noi_giua_cap | 4:duoi_32_ky_tu
Đường Trung Yên 12	4:duoi_32_ky_tu
quận Bình Tân, Tp Hồ Chí Minh	4:duoi_32_ky_tu
Láng Hạ Ba Đình Hà Nội	4:duoi_32_ky_tu
đường văn quán, hà đông	4:duoi_32_ky_tu
đường lê văn đức, đà nẵng	4:duoi_32_ky_tu
an hải 20 đà nẵng	4:duoi_32_ky_tu
đường hồng lĩnh - phường 15 quận 10 hồ chí minh	1:gach_noi_giua_cap
đường 27, thủ đức	4:duoi_32_ky_tu
phường tân đông hiệp bình dương	4:duoi_32_ky_tu
river silk city - phủ lý - hà nam	1:gach_noi_giua_cap
khương trung - thanh xuân - hà nội	1:gach_noi_giua_cap
đường cát linh tràng cát hải an	4:duoi_32_ky_tu
Đường Mỹ An 19 Ngũ Hành Sơn	4:duoi_32_ky_tu
122bis minh phụng p6	4:duoi_32_ky_tu
đường 6b phước bình - quận 9	1:gach_noi_giua_cap | 4:duoi_32_ky_tu
23/ 36 nguyễn hữu tien tân phú	0:thieu_dau_sai_chinh_ta[tien] | 4:duoi_32_ky_tu
xã vĩnh mỹ a	4:duoi_32_ky_tu
58 nguyễn quy đức, đà nẵng	4:duoi_32_ky_tu
8 đường 56 quận 7 hồ chí minh	4:duoi_32_ky_tu
228 - cộng hòa p. 12 q. tân bình	1:gach_noi_giua_cap
bình thắng dĩ an	4:duoi_32_ky_tu
đường số 12 hiệp bình phước - thủ đức - hồ chí minh	1:gach_noi_giua_cap
an dương hải phòng	4:duoi_32_ky_tu
133 phổ quang p. 9 phú nhuận	4:duoi_32_ky_tu
Đường N11 Thủ Dầu Một	4:duoi_32_ky_tu
64 Lê Đình Vũ	4:duoi_32_ky_tu
đường nguyễn thái học - quận 1	1:gach_noi_giua_cap | 4:duoi_32_ky_tu
long châu sa việt trì, phú thọ	4:duoi_32_ky_tu
kcn long hậu - long an	1:gach_noi_giua_cap | 4:duoi_32_ky_tu
cầu trì	4:duoi_32_ky_tu
khu dân cư an phú hưng	4:duoi_32_ky_tu
109/ 82/ 19/ 46 lạch tray - lê chân hải phòng	1:gach_noi_giua_cap
hậu cần, bãi cháy, quảng ninh	4:duoi_32_ky_tu
roman plaza nam từ liêm hà nội	4:duoi_32_ky_tu
đường trung hòa - cầu giấy - hà nội	1:gach_noi_giua_cap
158 đường điện biên phủ quận 3	4:duoi_32_ky_tu
đường linh trung - thủ đức - hồ chí minh	1:gach_noi_giua_cap
đường đinh tiên hoàng sơn tây	4:duoi_32_ky_tu
lê văn tam, vũng tàu	4:duoi_32_ky_tu
phố văn kiếp - phường 7 - phú nhuận hồ chí minh	1:gach_noi_giua_cap
sonasea villas & resort phú quốc - kiến giang	1:gach_noi_giua_cap
Láng Hạ	4:duoi_32_ky_tu
Đường Chương Dương, Thủ Đức	4:duoi_32_ky_tu
đường định công thượng hoàng mai - hà nội	1:gach_noi_giua_cap
đường thiên lôi, lê chân	4:duoi_32_ky_tu
khu đô thị mới văn quán hà đông - hà nội	1:gach_noi_giua_cap
nguyễn trung trực	4:duoi_32_ky_tu
undefined Nhat Tao - Quận 10	0:thieu_dau_sai_chinh_ta[nhat] | 1:gach_noi_giua_cap | 4:duoi_32_ky_tu
xã hoà lạc - an giang	1:gach_noi_giua_cap | 4:duoi_32_ky_tu
Trần Bình Trọng Nha Trang	4:duoi_32_ky_tu
phạm văn đồng - q. sơn trà - tp. đà nẵng	1:gach_noi_giua_cap
79 nguyễn xí	4:duoi_32_ky_tu
trần văn xá - đồng nai	1:gach_noi_giua_cap | 4:duoi_32_ky_tu
đường lê lai - phường an cư - cần thơ	1:gach_noi_giua_cap
3 - quốc tử giám	1:gach_noi_giua_cap | 4:duoi_32_ky_tu
quốc lộ 91 mỹ thạnh long xuyên	4:duoi_32_ky_tu
102 đường lã xuân oai, quận 9	4:duoi_32_ky_tu
cát linh - phường tràng cát - hải an - hải phòng	1:gach_noi_giua_cap
đường tỉnh lộ 558 - hưng nguyên	1:gach_noi_giua_cap | 4:duoi_32_ky_tu
đường kim giang - thanh xuân	1:gach_noi_giua_cap | 4:duoi_32_ky_tu
phố 29 gò vấp hồ chí minh	4:duoi_32_ky_tu
đường trần nhân tôn quận 10	4:duoi_32_ky_tu
Đường Số 2, Bình Tân	4:duoi_32_ky_tu
dự án n03 - t8 ngoại giao đoàn bắc từ liêm hà nội	1:gach_noi_giua_cap
đường trần đình xu, hồ chí minh	4:duoi_32_ky_tu
đường ba lan - hạ long - quảng ninh	1:gach_noi_giua_cap
đường dj9 bến cát bình dương	4:duoi_32_ky_tu
phú thanh	4:duoi_32_ky_tu
4 Thư Trung	4:duoi_32_ky_tu
đường thanh lương - hai bà trưng hà nội	1:gach_noi_giua_cap
vĩnh tân. vĩnh cửu đồng nai	4:duoi_32_ky_tu
32 tống văn hên q. tân bình	4:duoi_32_ky_tu
phú hòa - an giang	1:gach_noi_giua_cap | 4:duoi_32_ky_tu
hoàng lê kha - phường 9 - quận 6 - hồ chí minh	1:gach_noi_giua_cap
số 43/ 27KP 3, đường Vuon Lai, phường An Phú Đông Quận 12 Tp Hồ Chí Minh	0:thieu_dau_sai_chinh_ta[vuon]
Dự án CT Number One - Hoài Đức - Hà Nội	1:gach_noi_giua_cap
phan đình giót - tân bình	1:gach_noi_giua_cap | 4:duoi_32_ky_tu
phố tôn đức thắng, liên chiểu	4:duoi_32_ky_tu
đường 4 quận 2 hồ chí minh	4:duoi_32_ky_tu
Phố Cầu Con	4:duoi_32_ky_tu
Phường Nông Tiến	4:duoi_32_ky_tu
56/ 6	3:keyword_la_toan_so | 4:duoi_32_ky_tu
Pháo Đài Láng - Đống Đa - Hà Nội	1:gach_noi_giua_cap
quận 9 - hồ chí minh	1:gach_noi_giua_cap | 4:duoi_32_ky_tu
Phường Tây Lộc, Thái Phiên, Huế	4:duoi_32_ky_tu
118/ 4 nguyễn chí thanh phường 16 quận 11 - hồ chí minh	1:gach_noi_giua_cap
ham nghi nam từ liêm hà nội	4:duoi_32_ky_tu
Chiêu Chính Nam Sơn Kiến An	4:duoi_32_ky_tu
đường 26 - phường 4 - quận 8 - hồ chí minh	1:gach_noi_giua_cap
đường bình quới, hồ chí minh	4:duoi_32_ky_tu
Đường Trinh Dinh Trong Tân Phú	0:thieu_dau_sai_chinh_ta[trong tân] | 4:duoi_32_ky_tu
36 đường đào tấn, ba đình	4:duoi_32_ky_tu
Bà Triệu, Hoàn Kiếm	4:duoi_32_ky_tu
xã tiên dương (thôn lê phap) - đông anh	0:thieu_dau_sai_chinh_ta[phap] | 1:gach_noi_giua_cap
50 - đồng xoài	1:gach_noi_giua_cap | 4:duoi_32_ky_tu
đường lê trung kiên phú yên	4:duoi_32_ky_tu
đường cao đức lan, quận 2	4:duoi_32_ky_tu
dự án khu can ho ehome 3 bình tân, sài gòn	0:thieu_dau_sai_chinh_ta[can ho]
đông anh, hà nội	4:duoi_32_ky_tu
25a - đường mai thị lưu hồ chí minh	1:gach_noi_giua_cap
đường 24 - Thủ Đức	1:gach_noi_giua_cap | 4:duoi_32_ky_tu
513 Đường Nguyễn Oanh Gò Vấp - Hồ Chí Minh	1:gach_noi_giua_cap
du dinh	3:keyword_la_toan_so | 4:duoi_32_ky_tu
tây hồ	4:duoi_32_ky_tu
3 thang 2 quận 10 - hồ chí minh	0:thieu_dau_sai_chinh_ta[thang quận] | 1:gach_noi_giua_cap | 4:duoi_32_ky_tu
Quận 3 Tp Hồ Chí Minh	4:duoi_32_ky_tu
xuân đỉnh, bắc từ liêm	4:duoi_32_ky_tu
19 - đường lỗ giáng 16 cẩm lệ - đà nẵng	1:gach_noi_giua_cap
nguyễn vân tảo, nhà bè	4:duoi_32_ky_tu
Đường 15 - Quận 2 - Tp Hồ Chí Minh	1:gach_noi_giua_cap
đường phạm viết chánh cẩm lệ	4:duoi_32_ky_tu
Đường 10 Thủ Đức	4:duoi_32_ky_tu
lê xuân đào vinh nghệ an	4:duoi_32_ky_tu
đường lạc long quanp3 - quận 11 - hồ chí minh	1:gach_noi_giua_cap
Đường 35, Thủ Đức	4:duoi_32_ky_tu
Đường Hoàng Liên - Xã Liên Mạc - Bắc Từ Liêm - Hà Nội	1:gach_noi_giua_cap
quốc lộ 1a châu thành sóc trăng	4:duoi_32_ky_tu
ngõ 182, phố đà nẵng, ngô quyền	4:duoi_32_ky_tu
thường tín hà nội	4:duoi_32_ky_tu
an thượng 18 - ngũ hành sơn - đà nẵng	1:gach_noi_giua_cap
14 thạch bàn, long biên hà nội	4:duoi_32_ky_tu
ngõ 72 đường hoa bằng, hà nội	4:duoi_32_ky_tu
441/ 27 nguyễn đình chiểu - quận 3	1:gach_noi_giua_cap
đường 17 dĩ an	4:duoi_32_ky_tu
huỳnh mẫn đạt - quận 5	1:gach_noi_giua_cap | 4:duoi_32_ky_tu
khương thượng	4:duoi_32_ky_tu
trần hưng đạo long xuyên - an giang	1:gach_noi_giua_cap
đường tỉnh lộ 825 - hoà khánh đông - đức hòa - long an	1:gach_noi_giua_cap
1 - bến văn đồn	1:gach_noi_giua_cap | 4:duoi_32_ky_tu
Phố 14 - Gò Vấp Hồ Chí Minh	1:gach_noi_giua_cap | 4:duoi_32_ky_tu
dự án river silk city phủ lý - hà nam	1:gach_noi_giua_cap
xã biển bạch đông - đường xuyên á thới bình cà mau	1:gach_noi_giua_cap
sài gòn mia - 9a - bình hưng - hồ chí minh	1:gach_noi_giua_cap
Tram Ca	3:keyword_la_toan_so | 4:duoi_32_ky_tu
hưng hoá 1	4:duoi_32_ky_tu
đường vũ chí thắng - lê chân. - hải phòng	1:gach_noi_giua_cap
Kim Mã	4:duoi_32_ky_tu
Đường Xuân Dieu - Quy Nhơn	1:gach_noi_giua_cap | 4:duoi_32_ky_tu
hùng vương - chư sê	1:gach_noi_giua_cap | 4:duoi_32_ky_tu
khu đô thị	4:duoi_32_ky_tu
phường phú thuận quận 7	4:duoi_32_ky_tu
Khu đỗ thị Tây Quốc Oai	4:duoi_32_ky_tu
đường số 16 quận 7 hồ chí minh	4:duoi_32_ky_tu
đường thới tam thôn 7 - hóc môn	1:gach_noi_giua_cap | 4:duoi_32_ky_tu
Đường Nguyễn Tất Thành - Liên Chiểu - Đà Nẵng	1:gach_noi_giua_cap
64 đường lê đình vũ	4:duoi_32_ky_tu
thoi tây tân hiệp hồ chí minh	4:duoi_32_ky_tu
đường 21 bình lục	4:duoi_32_ky_tu
337/ 11 đường lê văn sỹ - tân bình	1:gach_noi_giua_cap
đường lĩnh nam	4:duoi_32_ky_tu
10 thạch bàn	4:duoi_32_ky_tu
Đằng Hải Hải An Hải Phòng	4:duoi_32_ky_tu
văn kiếp - phường 7 - phú nhuận - hồ chí minh	1:gach_noi_giua_cap
long thới chợ lách bến tre	4:duoi_32_ky_tu
đường thạnh lộc 15 - thanh xuân - quận 12 - hồ chí minh	1:gach_noi_giua_cap
Tổ 8B 3 Trảng Dài - Biên Hòa - Đồng Nai	1:gach_noi_giua_cap
Dự án park view - Quận 7 - Hồ Chí Minh	1:gach_noi_giua_cap
phố 29, gò vấp, hồ chí minh	4:duoi_32_ky_tu
151/ 2a đường quốc lộ 1a - quận 12 - hồ chí minh	1:gach_noi_giua_cap
đường xuân diệu - quy nhơn - bình định	1:gach_noi_giua_cap
Dự án Sài Gòn Airport Plaza - Tân Bình Tp Hồ Chí Minh	1:gach_noi_giua_cap
cao thắng, hồng bàng hải phòng	4:duoi_32_ky_tu
đường quốc lộ 1a - châu thành sóc trăng	1:gach_noi_giua_cap
phú nhuận - đường nguyễn huệ - huế - thừa thiên huế	1:gach_noi_giua_cap
Pháo Đài Láng Hà Nội	4:duoi_32_ky_tu
lê văn đức, hải châu, đà nẵng	4:duoi_32_ky_tu
Hồng Mai - Hai Bà Trưng - Hà Nội	1:gach_noi_giua_cap
nguyễn thị triệu, củ chi	4:duoi_32_ky_tu
phố lạch tray, lê chân	4:duoi_32_ky_tu
nguyễn tĩnh, đông hương	4:duoi_32_ky_tu
đường dã tượng hà nội	4:duoi_32_ky_tu
Doai, Phú Minh Sóc Sơn	4:duoi_32_ky_tu
đường dx 068	4:duoi_32_ky_tu
phong phú bình chánh	4:duoi_32_ky_tu
đường phan tây hồ - phường 7	1:gach_noi_giua_cap | 4:duoi_32_ky_tu
preche quận 2 - hồ chí minh	1:gach_noi_giua_cap | 4:duoi_32_ky_tu
121 phan đăng lưu - p. 7 q. phú nhuận	1:gach_noi_giua_cap
33 đốc ngữ, ba đình, hà nội	4:duoi_32_ky_tu
1d trần quốc hoàn, hà nội	4:duoi_32_ky_tu
hòa bình quận 11 hồ chí minh	4:duoi_32_ky_tu
số 9 ngõ 118 - phương canh	1:gach_noi_giua_cap | 4:duoi_32_ky_tu
xã chánh mỹ - đường 1 - thủ dầu một - bình dương	1:gach_noi_giua_cap
45 268 lê trọng tấn - thanh xuân - hà nội	1:gach_noi_giua_cap
Tôn Đức Thắng Liên Chiểu	4:duoi_32_ky_tu
đường phạm việt chanh - quận 1	1:gach_noi_giua_cap | 4:duoi_32_ky_tu
Bàu Cát 2 Tân Bình Hồ Chí Minh	4:duoi_32_ky_tu
an khánh, hoài đức hà nội	4:duoi_32_ky_tu
Thung Nai Hòa Bình	4:duoi_32_ky_tu
08 đường sông thao, hồ chí minh	4:duoi_32_ky_tu
bùi ngọc dương - hà nội	1:gach_noi_giua_cap | 4:duoi_32_ky_tu
Phố Nguyễn Văn Tố Hoàn Kiếm	4:duoi_32_ky_tu
Phố Phan Đăng Lưu Biên Hòa	4:duoi_32_ky_tu
Thị trấn Sịa, Thừa Thiên Huế	4:duoi_32_ky_tu
dự án intracom 2 cầu diễn bắc tu, hà nội	0:thieu_dau_sai_chinh_ta[bắc tu]
trường chinh, thừa thiên huế	4:duoi_32_ky_tu
Đường Nguyễn Khac Hieu - Ba Đình	0:thieu_dau_sai_chinh_ta[khac] | 1:gach_noi_giua_cap
phố huế, hai bà trưng hà nội	4:duoi_32_ky_tu
đường quốc lộ 10 - vụ bản nam định	1:gach_noi_giua_cap
đường võ văn kiệt - bình chánh - hồ chí minh	1:gach_noi_giua_cap
Xã Lộ Hà Nội - Biên Hòa	1:gach_noi_giua_cap | 4:duoi_32_ky_tu
phú đức, tx bình long	4:duoi_32_ky_tu
gamuda gardens - yên sở - hoàng mai - hà nội	1:gach_noi_giua_cap
đại mỗ nam từ liêm - hà n. ội	1:gach_noi_giua_cap | 4:duoi_32_ky_tu
ngõ 1 - phùng chí kiên - phường hà huy tập, vinh, nghệ an	1:gach_noi_giua_cap
Ký Con Phú Nhuận hồ chí minh	4:duoi_32_ky_tu
đường trung văn	4:duoi_32_ky_tu
dự án 222 đội cấn - ba đình - hà nội	1:gach_noi_giua_cap
đường ngọc hồi hoàng mai hà nội	4:duoi_32_ky_tu
Hương Lộ 80B - Quận 12 Hồ Chí Minh	1:gach_noi_giua_cap
riviera point - tân phú - đường huỳnh tấn phát - quận 7 - hồ chí minh	1:gach_noi_giua_cap
Phố Xã Đàn - Phường Thổ Quận - Hà Nội	1:gach_noi_giua_cap
đường quốc lộ 1a - xã phạm văn hai - bình chánh - hồ chí minh	1:gach_noi_giua_cap
đường trung hòa hà nội	4:duoi_32_ky_tu
bình giã tân bình hồ chí minh	4:duoi_32_ky_tu
đường kim đông thị trấn liên nghĩa đức trọng - lâm đồng	1:gach_noi_giua_cap
đường mai xuân thưởng, đắk lắk	4:duoi_32_ky_tu
Quận 7 Tp Hồ Chí Minh	4:duoi_32_ky_tu
phố nguyễn khang, hà nội	4:duoi_32_ky_tu
nha a7	3:keyword_la_toan_so | 4:duoi_32_ky_tu
81/ 15 - tô vĩnh diện - dĩ an	1:gach_noi_giua_cap | 4:duoi_32_ky_tu
lavita garden - phường trường thọ - hồ chí minh	1:gach_noi_giua_cap
tuy lý vương đà nẵng	4:duoi_32_ky_tu
đường lê duy nhuận - phường 12 - tân bình - hồ chí minh	1:gach_noi_giua_cap
ton dân - quận 4	1:gach_noi_giua_cap | 4:duoi_32_ky_tu
phường giang biên hà nội	4:duoi_32_ky_tu
hồng bàng quận 11	4:duoi_32_ky_tu
Đường Đỗ Xuân Hợp - Quận 2 - Hồ Chí Minh	1:gach_noi_giua_cap
lâm hà trường chinh - kiến an hải phòng	1:gach_noi_giua_cap
36 trần não, quận 2 hồ chí minh	4:duoi_32_ky_tu
phạm thế hiển hải châu	4:duoi_32_ky_tu
vĩnh hòa - đường triệu quang phục - khánh hòa	1:gach_noi_giua_cap
dự án vien bong lê hữu trac thanh trì hà nội	0:thieu_dau_sai_chinh_ta[vien,trac]
cống quỳnh quận 1 hồ chí minh	4:duoi_32_ky_tu
đường 7 - ninh kiều cần thơ	1:gach_noi_giua_cap | 4:duoi_32_ky_tu
Lavender City Đường ĐT 768 - Xã Thạnh Phú Vĩnh Cửu Đồng Nai	1:gach_noi_giua_cap
dự án riviera point phường tân phú, huỳnh tấn phát, quận 7, ho chi minhq	0:thieu_dau_sai_chinh_ta[quận ho,ho chi]
mỹ phước long xuyên	4:duoi_32_ky_tu
thích quảng đức, đà nẵng	4:duoi_32_ky_tu
Đường Mỹ Trong Nam Định	4:duoi_32_ky_tu
đường 4 cư xá đô thành - quận 3 - hồ chí minh	1:gach_noi_giua_cap
hòn đất kiên giang	4:duoi_32_ky_tu
Đường Mỹ Phước Tân Vạn - Thủ Dầu Một - Bình Dương	1:gach_noi_giua_cap
Viễn Đông Building	4:duoi_32_ky_tu
đường mậu lương - hà đông hà nội	1:gach_noi_giua_cap
đường 6b - phường phước bình - quận 9 - hồ chí minh	1:gach_noi_giua_cap
đường huỳnh ngọc huệ, hải châu	4:duoi_32_ky_tu
đặng thái thân - phan chu trinh - hà nội	1:gach_noi_giua_cap
đường võ quy huấn bắc từ liêm	4:duoi_32_ky_tu
phú lươngphú lãm hà đông hà nội	4:duoi_32_ky_tu
Đường Đại Mỗ - Nam Từ Liêm - Hà Nội	1:gach_noi_giua_cap
Đường Giải Phóng Nam Định	4:duoi_32_ky_tu
An Phú Đông 27 - Quận 12 - Hồ Chí Minh	1:gach_noi_giua_cap
khương trung mới	4:duoi_32_ky_tu
Nguyễn Minh Không, Liên Chiểu	4:duoi_32_ky_tu
267bis/ 5 - điện biên phủ - p. 7 - q. 3	1:gach_noi_giua_cap
đoàn giỏi	4:duoi_32_ky_tu
36 phường bình trị đông	4:duoi_32_ky_tu
vi ba - vũng tàu	1:gach_noi_giua_cap | 4:duoi_32_ky_tu
đường đt 743c, thuận an	4:duoi_32_ky_tu
hoàng ngọc phách tân phú	4:duoi_32_ky_tu
phú sơn - thanh hóa	1:gach_noi_giua_cap | 4:duoi_32_ky_tu
phường thị trấn tân hiệp	4:duoi_32_ky_tu
đường đặng dung - quận 1 - tp hồ chí minh	1:gach_noi_giua_cap
Đường Dam Trau - Hai Bà Trưng - Hà Nội	0:thieu_dau_sai_chinh_ta[dam trau] | 1:gach_noi_giua_cap
tân mai hoàng mai	4:duoi_32_ky_tu
Đường 15 - Quận 2	1:gach_noi_giua_cap | 4:duoi_32_ky_tu
đường au đường lan phường 4 quận 8	0:thieu_dau_sai_chinh_ta[đường au]
02 Nguyễn Oanh	4:duoi_32_ky_tu
Đường Hà Huy Giáp Cẩm Lệ	4:duoi_32_ky_tu
bùi thị xuân - quận 1 hồ chí minh	1:gach_noi_giua_cap
259 Đường 3 - Bình Tân	1:gach_noi_giua_cap | 4:duoi_32_ky_tu
the morning star plaza - bình thạnh hồ chí minh	1:gach_noi_giua_cap
phường 12 - bình thạnh - hồ chí minh	1:gach_noi_giua_cap
55/ 79 thạnh mỹ, p. 8	4:duoi_32_ky_tu
phố cấm, ngô quyền hải phòng	4:duoi_32_ky_tu
Đường Dương Tôn Hải - Ngũ Hành Sơn Đà Nẵng	1:gach_noi_giua_cap
158 Đường Hoàng Hoa Thám - Tân Bình - Hồ Chí Minh	1:gach_noi_giua_cap
Xã Thanh Tân, Hà Nam	4:duoi_32_ky_tu
trần bình trọng, quận 5	4:duoi_32_ky_tu
mỹ thái 3	4:duoi_32_ky_tu
phường 6 - đường phạm dinh toai - quận 3 hồ chí minh	1:gach_noi_giua_cap
đường số 10 liên chiểu đà nẵng	4:duoi_32_ky_tu
đường phạm thế hiển, quận 8	4:duoi_32_ky_tu
số 43/ 27kp 3 vuon lai an phú đông quận 12 - tp hồ chí minh	0:thieu_dau_sai_chinh_ta[vuon] | 1:gach_noi_giua_cap
315 - 317 - đường trần thủ độ - tân phú - hồ chí minh	1:gach_noi_giua_cap
calmette quận 1hồ, chí minh	4:duoi_32_ky_tu
yên thủy hòa bình	4:duoi_32_ky_tu
Đường Cienco Hạ Long Quảng Ninh	4:duoi_32_ky_tu
bằng lộc	4:duoi_32_ky_tu
tân hội, đan phượng	4:duoi_32_ky_tu
dự án khu đỗ thị mỹ phước 3 - bình dương	1:gach_noi_giua_cap
nguyễn kiệm - phú nhuận - hồ chí minh	1:gach_noi_giua_cap
gold star tower thủ dầu một - bình dương	1:gach_noi_giua_cap
tôn đức thắng hội an, quảng nam	4:duoi_32_ky_tu
đường doi nhân, ba đình	4:duoi_32_ky_tu
Hóc môn, Hồ Chí Minh	4:duoi_32_ky_tu
phan lang 11 - thanh khê - đà nẵng	1:gach_noi_giua_cap
tôn đức thắng - liên chiểu - đà nẵng	1:gach_noi_giua_cap
hòa nam 6 - cẩm lệ - đà nẵng	1:gach_noi_giua_cap | 4:duoi_32_ky_tu
xã long thành trung - tây ninh	1:gach_noi_giua_cap | 4:duoi_32_ky_tu
Đường Nguyễn Đình Khơi - Phường 4 - Tân Bình - Hồ Chí Minh	1:gach_noi_giua_cap
đường calmette quận 1ho, chí minh	0:thieu_dau_sai_chinh_ta[quận ho,ho chí]
đường tho thap	0:thieu_dau_sai_chinh_ta[thap] | 4:duoi_32_ky_tu
đường hiep nhat hồ chí minh	0:thieu_dau_sai_chinh_ta[hiep,nhat,đường hiep] | 4:duoi_32_ky_tu
đường 7 - quận 7 hồ chí minh	1:gach_noi_giua_cap | 4:duoi_32_ky_tu
hòa bình quận 11, hồ chí minh	4:duoi_32_ky_tu
đường vĩnh tiến 1 phường vĩnh niệm - lê chân hải phòng	1:gach_noi_giua_cap
khu phức hợp đầm sen	4:duoi_32_ky_tu
563a/ 29	3:keyword_la_toan_so | 4:duoi_32_ky_tu
ngõ 94 đường tân mai, hoàng mai	4:duoi_32_ky_tu
đường 35 thủ đức	4:duoi_32_ky_tu
Đường Chương Dương Thủ Đức	4:duoi_32_ky_tu
phường tân thuận tây quận 7	4:duoi_32_ky_tu
Hàm Hiệp - Bình Thuận	1:gach_noi_giua_cap | 4:duoi_32_ky_tu
đường thanh nien hóc môn hồ chí minh	0:thieu_dau_sai_chinh_ta[nien]
1 bến văn đồn	4:duoi_32_ky_tu
sư vạn hạnh - kiên giang	1:gach_noi_giua_cap | 4:duoi_32_ky_tu
thị trần na hối, bắc hà lào cai	4:duoi_32_ky_tu
55/ 79 thạnh mỹ p. 8	4:duoi_32_ky_tu
vĩnh niệm hải phòng	4:duoi_32_ky_tu
517/ 18 Nguyễn Trãi	4:duoi_32_ky_tu
dự án chung cư	4:duoi_32_ky_tu
phường khương trung - hà nội	1:gach_noi_giua_cap | 4:duoi_32_ky_tu
trần xuân soạn - quận 7 hồ chí minh	1:gach_noi_giua_cap
đường 14 - bến cát - bình dương	1:gach_noi_giua_cap | 4:duoi_32_ky_tu
khu đô thị mới đông tăng long - quận 9 hồ chí minh	1:gach_noi_giua_cap
đt 768 - xã thạnh phú - vĩnh cửu - đồng nai	1:gach_noi_giua_cap
số 3 - nghach 23 - ngõ 214 - đường nguyễn xiển - q. thanh xuân - hà nội	0:thieu_dau_sai_chinh_ta[nghach] | 1:gach_noi_giua_cap
11 50 đường lĩnh nam hoàng mai	4:duoi_32_ky_tu
lê đại hành, hà nội	4:duoi_32_ky_tu
dự án nam la khê - hà đông hà nội	1:gach_noi_giua_cap
Đường 768B	4:duoi_32_ky_tu
đường nguyễn tất thành - phường 2 tuy hòa	1:gach_noi_giua_cap
dự án dự án viện bỏng lê hữu trác thanh trì hà nội	2:trung_keyword[dự án dự án]
dự án ruby garden - tân bình - tp hồ chí minh	1:gach_noi_giua_cap
đường 61 quận 7	4:duoi_32_ky_tu
Đường Lê Lợi, Quảng Ngãi	4:duoi_32_ky_tu
32 đường tống văn hên p15 - hồ chí minh	1:gach_noi_giua_cap
quốc tuấn nha trang, khánh hòa	4:duoi_32_ky_tu
89 an dương vương, vinh nghệ an	4:duoi_32_ky_tu
kim hoa hà nội	4:duoi_32_ky_tu
phường tân phú cái răng cần thơ	4:duoi_32_ky_tu
73a - đường huỳnh tịnh của, quận 3	1:gach_noi_giua_cap
đường 1 - thủ đức hồ chí minh	1:gach_noi_giua_cap | 4:duoi_32_ky_tu
đường trần trọng khiêm, quận 9	4:duoi_32_ky_tu
222 đội cấn - ba đình	1:gach_noi_giua_cap | 4:duoi_32_ky_tu
đông tác - dĩ an bình dương	1:gach_noi_giua_cap | 4:duoi_32_ky_tu
lý đạo thạnh - phường	1:gach_noi_giua_cap | 4:duoi_32_ky_tu
thiên phước, tân bình	4:duoi_32_ky_tu
Lê Quang Đào - An Hải Dong - Sơn Trà Đà Nẵng	1:gach_noi_giua_cap
147/ 25 Đường Ama Khê, Đắk Lắk	4:duoi_32_ky_tu
đường lê dinh tham, tân phú	0:thieu_dau_sai_chinh_ta[dinh tham,tham tân] | 4:duoi_32_ky_tu
Đường 14 Phước Long B Quận 9	4:duoi_32_ky_tu
dự án thuận việt - đường thiên phước - quận 11 - hồ chí minh	1:gach_noi_giua_cap
đường 11 - phường hưng phú - cái răng - cần thơ	1:gach_noi_giua_cap
nhuong cua hàng 7a3 ttdh ngoai ngu cầu giấy, hà nội	0:thieu_dau_sai_chinh_ta[nhuong]
đường nghi phú nghệ an	4:duoi_32_ky_tu
tây sơn - phường khâm thiên đống đa - hà nội	1:gach_noi_giua_cap
đường d21 bình dương	4:duoi_32_ky_tu
đường thiên loi, lê chân	4:duoi_32_ky_tu
điện biên phủ bình thạnh	4:duoi_32_ky_tu
the monarchy sơn trà đà nẵng	4:duoi_32_ky_tu
Đổ Bá, Ngũ Hành Sơn, Đà Nẵng	4:duoi_32_ky_tu
64, quận 2, hồ chí minh	4:duoi_32_ky_tu
quảng minh - hà đông - hà nội	1:gach_noi_giua_cap | 4:duoi_32_ky_tu
tân thành, bà rịa vũng tàu	4:duoi_32_ky_tu
dự án nam cầu tuyen sơn - nam việt a - đường trần hoanh - phường	0:thieu_dau_sai_chinh_ta[tuyen] | 1:gach_noi_giua_cap
34/ 1A Trần Khánh Du Quận 1 - Hồ Chí Minh	1:gach_noi_giua_cap
nguyễn minh hoàng p. 12	4:duoi_32_ky_tu
đường cao bá quát. - nha trang - khánh hòa	1:gach_noi_giua_cap
xuân mai tower hà cầu hà nội	4:duoi_32_ky_tu
Đường Ngọc Truc Nam Từ Liêm	0:thieu_dau_sai_chinh_ta[truc] | 4:duoi_32_ky_tu
đường ne3, bến cát, bình dương	4:duoi_32_ky_tu
đường trần phú	4:duoi_32_ky_tu
phố đặng thái thân - hoàn kiếm	1:gach_noi_giua_cap | 4:duoi_32_ky_tu
Vườn Chay - Hải Phòng	1:gach_noi_giua_cap | 4:duoi_32_ky_tu
võ nguyên giáp - phước tân	1:gach_noi_giua_cap | 4:duoi_32_ky_tu
Đường No Trang Long, phường 13, Bình Thạnh	0:thieu_dau_sai_chinh_ta[no trang]
hàng non hoàn kiếm	4:duoi_32_ky_tu
đường tân thái 1	4:duoi_32_ky_tu
đường bàu cát 2, hồ chí minh	4:duoi_32_ky_tu
xã phước thạnh, tây ninh	4:duoi_32_ky_tu
nam hòa - quận 9	1:gach_noi_giua_cap | 4:duoi_32_ky_tu
xã mỹ hạnh bắc - đường 9 - đức hòa - long an	1:gach_noi_giua_cap
281/ 2/ 44 bình lợi - hồ chí minh	1:gach_noi_giua_cap
Viện bỏng Lê Hữu Trác - Thanh Trì - Hà Nội	1:gach_noi_giua_cap
đường nguyễn khac hieu - hà nội	0:thieu_dau_sai_chinh_ta[khac] | 1:gach_noi_giua_cap | 4:duoi_32_ky_tu
dự án 12 view - đường trường chinh - phường tân thới nhất - quận 12	1:gach_noi_giua_cap
hẻm 50 đường lê lợi - gò vấp - hồ chí minh	1:gach_noi_giua_cap
Xã Tân Hội, Đan Phượng	4:duoi_32_ky_tu
đặng thúc vịnh - đông thạnh - hóc môn - hồ chí minh	1:gach_noi_giua_cap
huỳnh văn cọ - hồ chí minh	1:gach_noi_giua_cap | 4:duoi_32_ky_tu
xã thống nhất - thường tín	1:gach_noi_giua_cap | 4:duoi_32_ky_tu
dự án 8x đầm sen tân phú - hồ chí minh	1:gach_noi_giua_cap
đường tân thạnh - quận 5 - tp hồ chí minh	1:gach_noi_giua_cap
Phú Lộc 10, Thanh Khê, Đà Nẵng	4:duoi_32_ky_tu
xã lộ đại hàn thủ đức - hồ chí minh	1:gach_noi_giua_cap
cầu lu thanh xuân	4:duoi_32_ky_tu
lý thái tổ quận 3 hồ chí minh	4:duoi_32_ky_tu
tam đảo quận 10 hồ chí minh	4:duoi_32_ky_tu
KĐT thương mại Petro Town	4:duoi_32_ky_tu
dự án trung sơn - đường 6 - bình chánh hồ chí minh	1:gach_noi_giua_cap
nguyễn thị bẹ - thị trấn cần giuộc long an	1:gach_noi_giua_cap
Yên phúc Hà đông	4:duoi_32_ky_tu
Xã Long Thới, Chợ Lách Bến Tre	4:duoi_32_ky_tu
đường 401 huyện tân uyên - bình dương	1:gach_noi_giua_cap
Phú Diễn - Hà Nội	1:gach_noi_giua_cap | 4:duoi_32_ky_tu
793/ 12 trần xuân soạn, quận 7	4:duoi_32_ky_tu
1302 huỳnh tấn phát quận 7	4:duoi_32_ky_tu
Đường 10 Cái Răng	4:duoi_32_ky_tu
đường trương vĩnh ký - bến tre	1:gach_noi_giua_cap | 4:duoi_32_ky_tu
phố hai bà trưng đồng hới	4:duoi_32_ky_tu
104/ 2n tân hiệp 16 hóc môn	4:duoi_32_ky_tu
đường 2/ 9 - xã trường an - vĩnh long	1:gach_noi_giua_cap
Đường Hương lộ 14 Long Điền	4:duoi_32_ky_tu
Đường Nhị Châu - Xã Liên Ninh - Thanh Trì Hà Nội	1:gach_noi_giua_cap
đường thanh lương hai bà trưng - hà nội	1:gach_noi_giua_cap
Dự án Mỹ Phước 2, NA11 Bến Cát	4:duoi_32_ky_tu
đường trần mai ninh hồ chí minh	4:duoi_32_ky_tu
Đường Yên Vĩnh Hoài Đức Hà Nội	4:duoi_32_ky_tu
khương trung - hà nội	1:gach_noi_giua_cap | 4:duoi_32_ky_tu
chung cu tân mỹ quận 7 tp hồ chí minh	0:thieu_dau_sai_chinh_ta[chung cu]
15, gò vấp, hồ chí minh	4:duoi_32_ky_tu
đường ngô thì nhậm, thái bình	4:duoi_32_ky_tu
phường bạch mai, phố phố huế, hai bà trưng, hà nội	2:trung_keyword[phố phố]
Đường 10, Thủ Đức, Sài Gòn	4:duoi_32_ky_tu
62 đường 7 thủ đức hồ chí minh	4:duoi_32_ky_tu
đường cầu cốc - nam từ liêm - hà nội	1:gach_noi_giua_cap
đường thiên phước - phường 8 tân bình hồ chí minh	1:gach_noi_giua_cap
đường ho hoc lam sơn trà đa nang	0:thieu_dau_sai_chinh_ta[hoc,đường ho,ho hoc,hoc lam,đa nang]
nguyễn bá tòng tân bình	4:duoi_32_ky_tu
Nguyễn Kim Cẩm Lệ	4:duoi_32_ky_tu
Thạnh Lộc 40 - Quận 12	1:gach_noi_giua_cap | 4:duoi_32_ky_tu
9 hoàng minh giam	4:duoi_32_ky_tu
xã thanh phú bình long - bình phước	1:gach_noi_giua_cap
dự án khu can ho thuan việt, quận 11 hồ chí minh	0:thieu_dau_sai_chinh_ta[can ho]
đường nguyễn hữu thọ - xã phước đồng - nha trang - khánh hòa	1:gach_noi_giua_cap
đường tân trào, nha trang	4:duoi_32_ky_tu
Huy Hoàng Phường	4:duoi_32_ky_tu
phố nguyễn siêu, đà lạt	4:duoi_32_ky_tu
95 quận nhân thanh xuân	4:duoi_32_ky_tu
diamond lotus lake view	3:keyword_la_toan_so | 4:duoi_32_ky_tu
Đường Hà Huy Giáp Cẩm Lệ - Đà Nẵng	1:gach_noi_giua_cap
Ham Nghi, Nam Từ Liêm Hà Nội	4:duoi_32_ky_tu
đường hiệp thành - quận 12	1:gach_noi_giua_cap | 4:duoi_32_ky_tu
trần minh quyen quận 10 hồ chí minh	0:thieu_dau_sai_chinh_ta[quyen]
đường 28hbc thủ đức hồ chí minh	4:duoi_32_ky_tu
Đường Nhân Hòa 4	4:duoi_32_ky_tu
đường nguyễn thượng hiền cẩm lệ	4:duoi_32_ky_tu
Phố Cấm Ngô Quyền Hải Phòng	4:duoi_32_ky_tu
the hyco4 tower nguyễn xí - hồ chí minh	1:gach_noi_giua_cap
đường tỉnh lộ 10 - xã bình lợi bình chánh	1:gach_noi_giua_cap
81/ 15 - đường tô vĩnh diện dĩ an - bình dương	1:gach_noi_giua_cap
Đường Đất Mới, Bình Tân, Hồ ChÍ	4:duoi_32_ky_tu
đường tân mai hoàng mai	4:duoi_32_ky_tu
phùng khắc khoan phường đa kao - quận 1 - hồ chí minh	1:gach_noi_giua_cap
Xã Phước Thạnh Gò Dầu	4:duoi_32_ky_tu
hồng bàng nha trang	4:duoi_32_ky_tu
khu nha o ciri an khánh	4:duoi_32_ky_tu
đường Âu Cơ - - Tân Phú Hồ Chí Minh	1:gach_noi_giua_cap
phố ngọc khánh ba đình	4:duoi_32_ky_tu
Dĩ An, Bình Dương	4:duoi_32_ky_tu
đường đê.  thành - ba đình - hà nội	1:gach_noi_giua_cap
Đường Xuân Thiều 6	4:duoi_32_ky_tu
267bis/ 5 điện biên phủ - p. 7 - q. 3	1:gach_noi_giua_cap
green lake bàu gia thượng 3	4:duoi_32_ky_tu
đường phú thọ hòa	4:duoi_32_ky_tu
xã lộ hà nội biên hòa	4:duoi_32_ky_tu
Khu biet thu Thiên Nga	0:thieu_dau_sai_chinh_ta[biet] | 4:duoi_32_ky_tu
đường hà huy tập - thanh khê	1:gach_noi_giua_cap | 4:duoi_32_ky_tu
Bác Ái - Bình Thọ - Thủ Đức - Hồ Chí Minh	1:gach_noi_giua_cap
nguyễn hữu canh bình thạnh	4:duoi_32_ky_tu
mac dinh chi quận 1	0:thieu_dau_sai_chinh_ta[mac] | 4:duoi_32_ky_tu
dự án dầu giây center city thống nhất - đồng nai	1:gach_noi_giua_cap
tô hiến thành	4:duoi_32_ky_tu
Natural Village - Tỉnh Lộ 10 Đức Hòa - Long An	1:gach_noi_giua_cap
Tân Chánh Hiệp 2 - Quận 12 Hồ Chí Minh	1:gach_noi_giua_cap
507 Đường Huỳnh Tấn Phát - Nhà Bè Hồ Chí Minh	1:gach_noi_giua_cap
cao triệu phát - quận 7 - tp hồ chí minh	1:gach_noi_giua_cap
Bàu Cát Đôi - Tân Bình Hồ Chí Minh	1:gach_noi_giua_cap
đường hoàng co thach - đà nẵng	0:thieu_dau_sai_chinh_ta[thach] | 1:gach_noi_giua_cap | 4:duoi_32_ky_tu
đường tam bình - phường linh đông - hồ chí minh	1:gach_noi_giua_cap
đường cầu xây - phường tân phú quận 9 - hồ chí minh	1:gach_noi_giua_cap
đường nguyễn hữu tri bến lức	4:duoi_32_ky_tu
chợ lũng - hải an	1:gach_noi_giua_cap | 4:duoi_32_ky_tu
Giải Phóng Hai Bà Trưng, Hà Nội	4:duoi_32_ky_tu
đường 35, thủ đức, hồ chí minh	4:duoi_32_ky_tu
pasteur hải châu - đà nẵng	1:gach_noi_giua_cap | 4:duoi_32_ky_tu
Dự án Tòa nha 3A - Cầu Giấy Hà Nội	1:gach_noi_giua_cap
18 - nguyễn hồng - gò vấp hồ chí minh	1:gach_noi_giua_cap
phố hàng ga - phường hàng bồ - hoàn kiếm - hà nội	1:gach_noi_giua_cap
hoàng mai - hà nội	1:gach_noi_giua_cap | 4:duoi_32_ky_tu
Dự án HPC Landmark 105 Hà Đông - Hà Nội	1:gach_noi_giua_cap
The EverRich II - Đường Đào Tri - Quận 7 Hồ Chí Minh	1:gach_noi_giua_cap
đường dang nguyễn can phường 14 - quận 6	1:gach_noi_giua_cap
nguyễn thái bình - phường 4 - tân bình	1:gach_noi_giua_cap
đường hưng gia 2 hồ chí minh	4:duoi_32_ky_tu
250/ 15/ 14 nguyễn thượng hiền phú nhuận - hồ chí minh	1:gach_noi_giua_cap
phố bà triệu, hà đông	4:duoi_32_ky_tu
vinhomes green bay hà nội	4:duoi_32_ky_tu
kiến tường, long an	4:duoi_32_ky_tu
21/ 6 đường tân mỹ, hồ chí minh	4:duoi_32_ky_tu
thị xã bình minh, vĩnh long	4:duoi_32_ky_tu
54 đường 8 quận 8, hồ chí minh	4:duoi_32_ky_tu
Đường Khiếu Năng Tĩnh - Phường An Lạc A Quận Bình Tân - Tp Hồ Chí Minh	1:gach_noi_giua_cap
số nhà 324 trần hưng đạo - tp thái bình	1:gach_noi_giua_cap
đường an dương tây hồ, hà nội	4:duoi_32_ky_tu
thuong thuy, tây hồ, hà nội	0:thieu_dau_sai_chinh_ta[thuong] | 4:duoi_32_ky_tu
33 đường cư xá phú lâm a	4:duoi_32_ky_tu
phạm tuan tai cầu giấy hà nội	4:duoi_32_ky_tu
đường song hanh, phường	4:duoi_32_ky_tu
phố nha chung hoàn kiếm, hà nội	4:duoi_32_ky_tu
237/ 17 Đường Tân Thới Hiệp 21	4:duoi_32_ky_tu
chợ gạo	4:duoi_32_ky_tu
lý đạo thành phường	4:duoi_32_ky_tu
Đường Lương văn can	4:duoi_32_ky_tu
71 74 hữu hung	4:duoi_32_ky_tu
dự án mỹ khang - nguyễn lương bằng quận 7 hồ chí minh	1:gach_noi_giua_cap
2/ 3 Bàu Cát 2 - Tân Bình	1:gach_noi_giua_cap | 4:duoi_32_ky_tu
Đường Hưng Phú - Ninh Kiều - Cần Thơ	1:gach_noi_giua_cap
Vạn Bảo Ba Đình Hà Nội	4:duoi_32_ky_tu
337/ 11 lê văn sy - tân bình - hồ chí minh	1:gach_noi_giua_cap
tổ 8b - khu phố 3 - phường trảng dài - biên hòa - đồng nai	1:gach_noi_giua_cap
nguyễn du, hoàn kiếm, hà nội	4:duoi_32_ky_tu
đường phan huy ich - gò vấp	0:thieu_dau_sai_chinh_ta[ich] | 1:gach_noi_giua_cap | 4:duoi_32_ky_tu
khu căn hộ thuận việt - quận 11 - sài gòn	1:gach_noi_giua_cap
Đường Quốc Lộ 22, Củ Chi	4:duoi_32_ky_tu
68/ 17a trần quang khải, quận 1	4:duoi_32_ky_tu
Đường Tỉnh lộ 9 - Cam Ranh - Khánh Hòa	1:gach_noi_giua_cap
đường lê đức thọ - gò vấp	1:gach_noi_giua_cap | 4:duoi_32_ky_tu
56 bùi văn them	4:duoi_32_ky_tu
trần nguyên đán hải dương	4:duoi_32_ky_tu
nguyễn bỉnh khiêm	4:duoi_32_ky_tu
đường 8 quận 9 tp hồ chí minh	4:duoi_32_ky_tu
đường điện biên phủ - phường vĩnh hòa - khánh hòa	1:gach_noi_giua_cap
Đường Láng Hạ Ba Đình	4:duoi_32_ky_tu
đường an dương, tây hồ hà nội	4:duoi_32_ky_tu
láng hạ hà nội	4:duoi_32_ky_tu
D5 - Thuận An - Bình Dương	1:gach_noi_giua_cap | 4:duoi_32_ky_tu
Phùng Khoang Nam Từ Liêm Hà Nội	4:duoi_32_ky_tu
thanh lâm - mê linh - hà nội	1:gach_noi_giua_cap | 4:duoi_32_ky_tu
2, tân lập 1, tiền giang	4:duoi_32_ky_tu
19 lỗ giáng 16, đà nẵng	4:duoi_32_ky_tu
đường t1 - tân phú - hồ chí minh	1:gach_noi_giua_cap
228 - cộng hòa - p. 12 - q. tân bình tp hồ chí minh	1:gach_noi_giua_cap
bảo quang - long khánh - đồng nai	1:gach_noi_giua_cap
Đường Võ Nguyên Giáp phước tân	4:duoi_32_ky_tu
Chung cư 125 - Hoàng Ngân Cầu Giấy - Hà Nội	1:gach_noi_giua_cap
đường trần khánh du, vũng tàu	4:duoi_32_ky_tu
đường nguyễn thái bình tân bình	4:duoi_32_ky_tu
đường 13, chơn thành	4:duoi_32_ky_tu
đường 28, gò vấp	4:duoi_32_ky_tu
đổ bá ngũ hành sơn đà nẵng	4:duoi_32_ky_tu
nha 80a - ngõ 76 - 12 mau lương kiến hưng - hà đông - hà nội	1:gach_noi_giua_cap
Đường Nguyễn Địa Lô - Đà Nẵng	1:gach_noi_giua_cap | 4:duoi_32_ky_tu
phú thượng hà nội	4:duoi_32_ky_tu
triệu việt vương - hai bà trưng hà nội	1:gach_noi_giua_cap
minh khai hồng bàng	4:duoi_32_ky_tu
lý thường kiệt - tp. cà mau	1:gach_noi_giua_cap | 4:duoi_32_ky_tu
quốc lộ 32, nam từ liêm, hà nội	4:duoi_32_ky_tu
Hương lộ 2 Bình Tân Hồ Chí Minh	4:duoi_32_ky_tu
xã đắk sin	4:duoi_32_ky_tu
phố hà huy tập thanh khê	4:duoi_32_ky_tu
Hóc môn Tp Hồ Chí Minh	4:duoi_32_ky_tu
Quận Hai bà trưng Hà Nội	4:duoi_32_ky_tu
dự án chung cư tân mỹ - quận 7 - tp hồ chí minh	1:gach_noi_giua_cap
lê đức thọ - phường mỹ đình 2 - nam từ liêm	1:gach_noi_giua_cap
32 lê văn lương, tân hưng, q7	4:duoi_32_ky_tu
đường 26 thủ đức - tp hồ chí minh	1:gach_noi_giua_cap
đường 8, đức hòa long an	4:duoi_32_ky_tu
Đường Nguyễn Biểu Gia Lai	4:duoi_32_ky_tu
đường b6 - tân bình - hồ chí minh	1:gach_noi_giua_cap
đường thủ khoa huân - đà lạt - lâm đồng	1:gach_noi_giua_cap
168 - đường tam bình - hồ chí minh	1:gach_noi_giua_cap
trần đăng ninh sơn la	4:duoi_32_ky_tu
843 Đường Hồng Bàng Quận 6	4:duoi_32_ky_tu
dự án hei tower dien luc nhân chính nguy nhu kon tum thanh xuân - hà nội	0:thieu_dau_sai_chinh_ta[dien,luc] | 1:gach_noi_giua_cap
nguyễn minh không hòa minh	4:duoi_32_ky_tu
đường nguyễn văn luông - phường 10 - quận 6	1:gach_noi_giua_cap
33 đốc ngữ ba đình	4:duoi_32_ky_tu
xã thanh phú - bình phước	1:gach_noi_giua_cap | 4:duoi_32_ky_tu
phường hòa xuân - cẩm lệ đà nẵng	1:gach_noi_giua_cap
Đường Mười Cung, Nhà Bè	4:duoi_32_ky_tu
The Coast Villas	3:keyword_la_toan_so | 4:duoi_32_ky_tu
đường lê quy don - gia cẩm - việt trì - phú thọ	1:gach_noi_giua_cap
chung cu ct2a nghĩa đô bắc từ liêm - hà nội	0:thieu_dau_sai_chinh_ta[chung cu] | 1:gach_noi_giua_cap
xuân thieu 6 liên chiểu, đà nẵng	0:thieu_dau_sai_chinh_ta[xuân thieu]
7	3:keyword_la_toan_so | 4:duoi_32_ky_tu
Phường Lưu 6 Hải An Hải Phòng	4:duoi_32_ky_tu
dự án khu đô thị mới đông tăng long - quận 9 - hồ chí minh	1:gach_noi_giua_cap
28 3 phạm văn đồng, nam từ liêm	4:duoi_32_ky_tu
đường bình nhâm 82	4:duoi_32_ky_tu
xã ia sao ia grai gia lai	4:duoi_32_ky_tu
Bình Lộc - BìnhThành Phố Hải Dương	1:gach_noi_giua_cap
phường đồng nhân lê gia định - hai bà trưng hà nội	1:gach_noi_giua_cap
xã tiên dương (thôn lê phap) - đông anh - hà nội	0:thieu_dau_sai_chinh_ta[phap] | 1:gach_noi_giua_cap
Phố Tân Phong, Hà Nội	4:duoi_32_ky_tu
lê lâm tân phú - hồ chí minh	1:gach_noi_giua_cap | 4:duoi_32_ky_tu
đường nhơn hòa 5 - phường hòa phát - cẩm lệ - đà nẵng	1:gach_noi_giua_cap
đường khương đình hạ đình	4:duoi_32_ky_tu
299/ 23f lý thường kiệt - quận 10	1:gach_noi_giua_cap
Lê Lợi Bến Cát	4:duoi_32_ky_tu
tam đông 25 - hóc môn - hồ chí minh	1:gach_noi_giua_cap
đường lê duẩn - cẩm lệ đà nẵng	1:gach_noi_giua_cap | 4:duoi_32_ky_tu
long thuận, long phước, quận 9	4:duoi_32_ky_tu
ea wer - đắk lắk	1:gach_noi_giua_cap | 4:duoi_32_ky_tu
phường 17 trường sa	4:duoi_32_ky_tu
505 minh khai, hai bà trưng	4:duoi_32_ky_tu
Đường Mau Lương Hà Đông	4:duoi_32_ky_tu
dự án khu đô thị xuân phương - nam từ liêm hà nội	1:gach_noi_giua_cap
trung hanh 8	3:keyword_la_toan_so | 4:duoi_32_ky_tu
47 ngách 21 80 Đường	4:duoi_32_ky_tu
phường 6 phạm đình toái - quận 3 - hồ chí minh	1:gach_noi_giua_cap
Phố Pháo Đài Láng - Hà Nội	1:gach_noi_giua_cap | 4:duoi_32_ky_tu
đường 22 - thủ dầu một - bình dương	1:gach_noi_giua_cap
đường tô vĩnh diện, đà nẵng	4:duoi_32_ky_tu
ICON 56, Quận 4 Tp Hồ Chí Minh	4:duoi_32_ky_tu
88 đường 49 - thủ đức	1:gach_noi_giua_cap | 4:duoi_32_ky_tu
lý thường kiệt - vũng tàu	1:gach_noi_giua_cap | 4:duoi_32_ky_tu
Phạm Hùng, Đắk Lắk	4:duoi_32_ky_tu
đường vũ huỳnh	4:duoi_32_ky_tu
Lê Văn Lương, Sơn Trà	4:duoi_32_ky_tu
Đường Cẩm Bắc 5	4:duoi_32_ky_tu
381 thụy phương - bắc từ liêm - hà nội	1:gach_noi_giua_cap
Đường 904	4:duoi_32_ky_tu
trần phú cẩm phả quảng ninh	4:duoi_32_ky_tu
đường 24 - linh đông - thủ đức - tp hồ chí minh	1:gach_noi_giua_cap
dự án trung sơn - đường 6b - xã bình hưng - bình chánh	1:gach_noi_giua_cap
cầu gỗ hoàn kiếm hà nội	4:duoi_32_ky_tu
tân phong, vĩnh phúc	4:duoi_32_ky_tu
478 đường nguyễn oanh gò vấp - hồ chí minh	1:gach_noi_giua_cap
7/ 47b đường hoàng bat dat, hồ chí minh	0:thieu_dau_sai_chinh_ta[bat,dat]
quốc lộ 13 bến cát	4:duoi_32_ky_tu
xã thanh lâm - mê linh - hà nội	1:gach_noi_giua_cap | 4:duoi_32_ky_tu
Đường An Dương Vương - Quảng Ngãi	1:gach_noi_giua_cap
đường tây sơn, ba đình, hà nội	4:duoi_32_ky_tu
Cầu Đình - P. Long Phước - Quận 9 - Hồ Chí Minh	1:gach_noi_giua_cap
đường việt bắc, ngũ hành sơn	4:duoi_32_ky_tu
first home khang việt - đường vành đai 2 - phú hữu - quận 9 - hồ chí minh	1:gach_noi_giua_cap
đường nguyễn thị be	4:duoi_32_ky_tu
ai mo thị trấn yên viên - gia lâm - hà nội	0:thieu_dau_sai_chinh_ta[ai mo] | 1:gach_noi_giua_cap
155 An Trạch, Đống Đa, Hà Nội	4:duoi_32_ky_tu
olalani resort & condotel	3:keyword_la_toan_so | 4:duoi_32_ky_tu
nội hóa - dĩ an - bình dương	1:gach_noi_giua_cap | 4:duoi_32_ky_tu
đường dã tượng, hà nội	4:duoi_32_ky_tu
đường vĩnh tuy hoàng mai - hà nội	1:gach_noi_giua_cap
the eastern - quận 9 - hồ chí minh	1:gach_noi_giua_cap
dự án la paz tower - trần phú - hải châu	1:gach_noi_giua_cap
nhân hoà 8 - cẩm lệ - đà nẵng	1:gach_noi_giua_cap | 4:duoi_32_ky_tu
long thuận, long phước quận 9	4:duoi_32_ky_tu
24 quận 6 hồ chí minh	4:duoi_32_ky_tu
phố bùi ngọc dương - hà nội	1:gach_noi_giua_cap | 4:duoi_32_ky_tu
Hoàng Si Khai Đà Nẵng	4:duoi_32_ky_tu
132 khâm thiên - đống đa hà nội	1:gach_noi_giua_cap | 4:duoi_32_ky_tu
Hạ Lũng Hải An Hải Phòng	4:duoi_32_ky_tu
phường 2 - đường nguyễn trong tuyen tân bình - hồ chí minh	0:thieu_dau_sai_chinh_ta[tuyen] | 1:gach_noi_giua_cap
Gia Thy Building	3:keyword_la_toan_so | 4:duoi_32_ky_tu
đường đông thiên	4:duoi_32_ky_tu
Đường T5 - Tân Phú - Hồ Chí Minh	1:gach_noi_giua_cap
đường 1b - bình chánh	1:gach_noi_giua_cap | 4:duoi_32_ky_tu
Nguyễn Thái Bình, Phan Rang - Thap Cham, Ninh Thuận	0:thieu_dau_sai_chinh_ta[thap] | 1:gach_noi_giua_cap
ninh trung, khánh hòa	4:duoi_32_ky_tu
trung văn	4:duoi_32_ky_tu
Đường Đông An Dĩ An	4:duoi_32_ky_tu
đường văn bao, ba đình, hà nội	4:duoi_32_ky_tu
gò dầu, tây ninh	4:duoi_32_ky_tu
đường nguyễn trung trực sơn trà	4:duoi_32_ky_tu
phường lái thiêu	4:duoi_32_ky_tu
lê phụng hiểu hoàn kiếm - hà nội	1:gach_noi_giua_cap
nguyễn trung trực, quận 10	4:duoi_32_ky_tu
long thới chợ lách, bến tre	4:duoi_32_ky_tu
thich quảng đức p5, phú nhuận	0:thieu_dau_sai_chinh_ta[thich] | 4:duoi_32_ky_tu
hoàng việt - tân bình - hồ chí minh	1:gach_noi_giua_cap
phố 15 - gò vấp - hồ chí minh	1:gach_noi_giua_cap | 4:duoi_32_ky_tu
xuân thới thượng - hồ chí minh	1:gach_noi_giua_cap | 4:duoi_32_ky_tu
đường 5 - an dương hải phòng	1:gach_noi_giua_cap | 4:duoi_32_ky_tu
315 - 317 đường trần thủ độ - tân phú	1:gach_noi_giua_cap
khu phố hưng phước quận 7	4:duoi_32_ky_tu
đường trần văn đang, quận 3	4:duoi_32_ky_tu
22 ton that tung	0:thieu_dau_sai_chinh_ta[that,ton that] | 3:keyword_la_toan_so | 4:duoi_32_ky_tu
số 11 ngõ 50 lĩnh nam - hoàng mai hà nội	1:gach_noi_giua_cap
số 1 - lô 5b trung yên - phường yên hoà - cầu giấy hà nội	1:gach_noi_giua_cap
Truong Quyen Đà Nẵng	0:thieu_dau_sai_chinh_ta[truong,quyen] | 4:duoi_32_ky_tu
phường tân khánh tân an long an	4:duoi_32_ky_tu
Dự án Aurora Đà Nẵng City - Phường Hòa Minh - Liên Chiểu	1:gach_noi_giua_cap
Marine City	3:keyword_la_toan_so | 4:duoi_32_ky_tu
8 - ngách 106 - ngõ gốc đề - đường minh khai - hoàng mai - hà nội	1:gach_noi_giua_cap
Phường Tân Thuận Tây Đường 1 - Quận 7	1:gach_noi_giua_cap
nguyễn nghiêm - ngũ hành sơn - đà nẵng	1:gach_noi_giua_cap
nam an khánh - hoài đức - hà nội	1:gach_noi_giua_cap
Trung Hoà, Hà Nội	4:duoi_32_ky_tu
cầu trì hà nội	4:duoi_32_ky_tu
Chung cư xphomes Đan Phượng - Hà Nội	1:gach_noi_giua_cap
lê phụng hiểu - hoàn kiếm	1:gach_noi_giua_cap | 4:duoi_32_ky_tu
Vạn Xuân - Thừa Thiên Huế	1:gach_noi_giua_cap | 4:duoi_32_ky_tu
du dinh, an giang	3:keyword_la_toan_so | 4:duoi_32_ky_tu
vĩnh phú, bình dương	4:duoi_32_ky_tu
đường b6 - tân bình	1:gach_noi_giua_cap | 4:duoi_32_ky_tu
tân lập khánh hòa	4:duoi_32_ky_tu
đường 10, thủ đức	4:duoi_32_ky_tu
96 - Đại Co Việt	1:gach_noi_giua_cap | 4:duoi_32_ky_tu
số 2 bình tân, hồ chí minh	4:duoi_32_ky_tu
đường thái sanh hạnh	4:duoi_32_ky_tu
Dự án Vinhomes Riverside Đường Anh Đào Long Biên - Hà Nội	1:gach_noi_giua_cap
đường tỉnh lộ 284, bắc giang	4:duoi_32_ky_tu
can ho 303, b3	0:thieu_dau_sai_chinh_ta[can ho] | 3:keyword_la_toan_so | 4:duoi_32_ky_tu
Đường Tỉnh Lộ 10 Bình Chánh	4:duoi_32_ky_tu
đường cầu niệm - lê chân	1:gach_noi_giua_cap | 4:duoi_32_ky_tu
đường đội cấn vĩnh yên - vĩnh phúc	1:gach_noi_giua_cap
Hồ Chí Minh - Bình Dương	1:gach_noi_giua_cap | 4:duoi_32_ky_tu
đội cấn vĩnh phúc	4:duoi_32_ky_tu
đường phung khac khoan, quận 1	0:thieu_dau_sai_chinh_ta[khac,đường phung,phung khac] | 4:duoi_32_ky_tu
Đường Đào Su Tich, Phường Hòa Minh Liên Chiểu	0:thieu_dau_sai_chinh_ta[tich]
Đường Đầm Trấu - Hà Nội	1:gach_noi_giua_cap | 4:duoi_32_ky_tu
Dự án Sunset Sanato - Phú Quốc Kiên Giang	1:gach_noi_giua_cap
Đường Cây Da - Củ Chi - Hồ Chí Minh	1:gach_noi_giua_cap
Phố 14 Gò Vấp - Hồ Chí Minh	1:gach_noi_giua_cap | 4:duoi_32_ky_tu
thuỷ sơn 5 - ngũ hành sơn	1:gach_noi_giua_cap | 4:duoi_32_ky_tu
miêu nha, nam từ liêm, hà nội	4:duoi_32_ky_tu
Cát Bi - Hải An	1:gach_noi_giua_cap | 4:duoi_32_ky_tu
bạch hạc	4:duoi_32_ky_tu
số 34 tân quy 7 hồ chí minh	4:duoi_32_ky_tu
109 trường chinh, thanh xuân	0:thieu_dau_sai_chinh_ta[chinh thanh] | 4:duoi_32_ky_tu
18 đường phạm ngọc - tân phú	1:gach_noi_giua_cap | 4:duoi_32_ky_tu
Quốc lộ 1A - Phạm Văn Hai Bình Chánh Hồ Chí Minh	1:gach_noi_giua_cap
đường đất mới bình tân hồ chí	4:duoi_32_ky_tu
phố lê văn thọ	4:duoi_32_ky_tu
Đường Lý Thái Tổ, Hà Nội	4:duoi_32_ky_tu
quốc lộ 18a chí linh	4:duoi_32_ky_tu
hà trung hàng bông - hoàn kiếm - hà nội	1:gach_noi_giua_cap
đường quốc lộ 1k thủ đức - tp hồ chí minh	1:gach_noi_giua_cap
trần nhân tông hai bà trưng	4:duoi_32_ky_tu
hạ long	4:duoi_32_ky_tu
hưng gia 3 phú mỹ hưng - quận 7 hồ chí minh	1:gach_noi_giua_cap
25a mai thị lựu - quận 1 - hồ chí minh	1:gach_noi_giua_cap
đường 11 - quận 7	1:gach_noi_giua_cap | 4:duoi_32_ky_tu
Đường 1 - Thủ Đức	1:gach_noi_giua_cap | 4:duoi_32_ky_tu
A6, Nha Trang Khánh Hòa	4:duoi_32_ky_tu
dự án kdt quảng minh thị trấn quang minh - hà nội	1:gach_noi_giua_cap
mỹ khang nguyễn lương bằng - quận 7	1:gach_noi_giua_cap
thanh tân, thanh liêm	4:duoi_32_ky_tu
trung hoà - trảng bom - đồng nai	1:gach_noi_giua_cap
Đường Mieu Nha - Nam Từ Liêm - Hà Nội	1:gach_noi_giua_cap
hòn đất - kiên giang	1:gach_noi_giua_cap | 4:duoi_32_ky_tu
lạch tray	4:duoi_32_ky_tu
đường lê duẩn hải châu đà nẵng	4:duoi_32_ky_tu
đường ngõ xuân quang, hà nội	4:duoi_32_ky_tu
d52 - thủ đức	1:gach_noi_giua_cap | 4:duoi_32_ky_tu
him lam kênh tẻ - p. tân hưng - quận 7 hồ chí minh	1:gach_noi_giua_cap
Đường 26 Thủ Đức	4:duoi_32_ky_tu
huyen ky, hà đông	0:thieu_dau_sai_chinh_ta[huyen] | 4:duoi_32_ky_tu
tam giang hải dương	4:duoi_32_ky_tu
phường hải châu ii - thanh khê - đà nẵng	1:gach_noi_giua_cap
dự án mulberry lane - mỗ lao - hà nội	1:gach_noi_giua_cap
44/ 16/ 8 phạm văn chiêu - phường 8 gò vấp - hồ chí minh	1:gach_noi_giua_cap
đường cổ mân lan 2	4:duoi_32_ky_tu
số 11, quận 4, hồ chí minh	4:duoi_32_ky_tu
80 quận 12 - hồ chí minh	1:gach_noi_giua_cap | 4:duoi_32_ky_tu
Citi Soho Quận 2 Hồ Chí Minh	4:duoi_32_ky_tu
K82/ 17 Trần Khánh Dư Đà Nẵng	4:duoi_32_ky_tu
vũ trọng phụng tân phú	4:duoi_32_ky_tu
đường sư vạn hạnh - phường 10 - quận 10 hồ chí minh	1:gach_noi_giua_cap
dự án him lam riverside - nguyễn thị thập - quận 7	1:gach_noi_giua_cap
đường 61, quận 7, hồ chí minh	4:duoi_32_ky_tu
Xã Thanh Lâm - Hà Nội	1:gach_noi_giua_cap | 4:duoi_32_ky_tu
Đường 647 Hồ Chí Minh	4:duoi_32_ky_tu
25a - đường mai thị lựu, hồ chí minh	1:gach_noi_giua_cap
nguyễn nhu đỗ văn miếu - đống đa	1:gach_noi_giua_cap
đường tu kiệt tiền giang	4:duoi_32_ky_tu
Đường Tân Mai - Hoàng Mai	1:gach_noi_giua_cap | 4:duoi_32_ky_tu
long biên 1	4:duoi_32_ky_tu
phố tôn đức thắng liên chiểu	4:duoi_32_ky_tu
21 Đường Han Hai Nguyễn	4:duoi_32_ky_tu
Phan Bội Châu - Hồng Bàng Hải Phòng	1:gach_noi_giua_cap
Đường Tỉnh lộ 282 Gia Bình	4:duoi_32_ky_tu
đường t5 tân phú, hồ chí minh	4:duoi_32_ky_tu
Đường 4 - Phường 6 - Quận 8 - Hồ Chí Minh	1:gach_noi_giua_cap
thái bình	4:duoi_32_ky_tu
chung cu bo công an dương số 3, trần não,, 2 hồ chí minh	0:thieu_dau_sai_chinh_ta[chung cu]
Đường Lê Duẩn - Thanh Khê - Đà Nẵng	1:gach_noi_giua_cap
đường thợ nhuộm, hà nội	4:duoi_32_ky_tu
đường tựu liệt - phường định công - hoàng mai hà nội	1:gach_noi_giua_cap
đường nguyễn bieu b - nha trang khánh hòa	1:gach_noi_giua_cap
PCC1 Complex, Hà Đông, Hà Nội	4:duoi_32_ky_tu
xã phú cát - đường quốc lộ 21a - quốc oai - hà nội	1:gach_noi_giua_cap
dự án discovery complex - cầu giấy hà nội	1:gach_noi_giua_cap
785/ 5F Hồng Bàng, Quận 6	4:duoi_32_ky_tu
xã vĩnh điện, quảng nam	4:duoi_32_ky_tu
90 Gia Quất	4:duoi_32_ky_tu
dự án hei tower dien luc nguy nhu kon tum, nhân chính thanh xuân	0:thieu_dau_sai_chinh_ta[dien,luc]
Đường 32B - Bình Tân - Hồ Chí Minh	1:gach_noi_giua_cap
Phố Huế Hoàn Kiếm	4:duoi_32_ky_tu
phường phú xá, thái nguyên	4:duoi_32_ky_tu
xã hải quảng, hải hậu, nam định	4:duoi_32_ky_tu
số 90 đường gia quat hà nội	0:thieu_dau_sai_chinh_ta[quat] | 4:duoi_32_ky_tu
trường sa, phú nhuận	4:duoi_32_ky_tu
thôn doai - xã phú minh - sóc sơn	1:gach_noi_giua_cap
phan chu trinh, tây ninh	4:duoi_32_ky_tu
empire tower hàm nghi quận 1	4:duoi_32_ky_tu
bình thới quận 11 - hồ chí minh	1:gach_noi_giua_cap | 4:duoi_32_ky_tu
255 lĩnh nam hoàng mai hà nội	4:duoi_32_ky_tu
nam trung yên, cầu giấy, hà nội	4:duoi_32_ky_tu
đường lê lai - hà đông	1:gach_noi_giua_cap | 4:duoi_32_ky_tu
phường lưu hải an, hải phòng	4:duoi_32_ky_tu
Xã Vĩnh Lương - Hòn Nghê	1:gach_noi_giua_cap | 4:duoi_32_ky_tu
đường huỳnh văn nhut - tân an long an	0:thieu_dau_sai_chinh_ta[nhut] | 1:gach_noi_giua_cap
đường 46a	4:duoi_32_ky_tu
đường huỳnh tấn phát - hải châu - đà nẵng	1:gach_noi_giua_cap
553/ 2/ 5 lũy bán bích tân phú	4:duoi_32_ky_tu
Dự án Eco Town Nguyễn Văn Bứa - Hóc Môn	1:gach_noi_giua_cap
đinh tiên hoàng sơn tây, hà nội	4:duoi_32_ky_tu
Đường Hưng Phước, Quận 7	4:duoi_32_ky_tu
324 trần hưng đạo thái bình	4:duoi_32_ky_tu
Đường Phan Dinh Giọt Phường 2, Tân Bình, Hồ Chí Minh	0:thieu_dau_sai_chinh_ta[phan dinh]
đường lê tân be	4:duoi_32_ky_tu
Đường 10, Cái Răng	4:duoi_32_ky_tu
duy tân thừa thiên huế	4:duoi_32_ky_tu
đường 8 lò lu quận 9 - hồ chí minh	1:gach_noi_giua_cap
đườn. g đại cồ việt, hà nội	4:duoi_32_ky_tu
Đường Me Coc, Hồ Chí Minh	0:thieu_dau_sai_chinh_ta[coc] | 4:duoi_32_ky_tu
ngô thì sĩ ngũ hành sơn đà nẵng	4:duoi_32_ky_tu
thôn 10 - xã thiên hương - hải phòng	1:gach_noi_giua_cap
đường tứ kiệt tiền giang	4:duoi_32_ky_tu
Đường 6 Bến Lức, Long An	4:duoi_32_ky_tu
đường tỉnh lộ 10 - -, bình chánh, hồ chí minh	1:gach_noi_giua_cap
tân hiệp kiên giang	4:duoi_32_ky_tu
ngõ 132 khâm thiên đống đa	4:duoi_32_ky_tu
xã hưng lộc đồng nai	4:duoi_32_ky_tu
182, Phố Đà Nẵng, Ngô Quyền	4:duoi_32_ky_tu
đường lý chính thắng, quận 3	4:duoi_32_ky_tu
phố mai hắc đế - hà huy tập - nghệ an	1:gach_noi_giua_cap
đường vành đại phường 7 - trà vinh	1:gach_noi_giua_cap
dự án an hà riverside đức hòa - long an	1:gach_noi_giua_cap
quảng tiến - trảng bom	1:gach_noi_giua_cap | 4:duoi_32_ky_tu
cao bá quát - quảng nam	1:gach_noi_giua_cap | 4:duoi_32_ky_tu
đường quang trung - gò vấp. - hồ chí minh	1:gach_noi_giua_cap
blue sapphire bình phú - quận 6 - sài gòn	1:gach_noi_giua_cap
nhất chi mai - cẩm lệ	1:gach_noi_giua_cap | 4:duoi_32_ky_tu
tx 14 quận 12 hồ chí minh	4:duoi_32_ky_tu
đường hoàng ngọc phách - tân phú - tp hồ chí minh	1:gach_noi_giua_cap
đường cao bá quát xã cu e bur buôn ma thuột - đắk lắk	1:gach_noi_giua_cap
đường nguyễn hoàng tôn - xuân la tây hồ hà nội	1:gach_noi_giua_cap
Đường Ngô Thì Sỹ Hà Đông Hà Nội	4:duoi_32_ky_tu
324 tân sơn nhì tân phú - hồ chí minh	1:gach_noi_giua_cap
Lê Xuân Đào - Vinh	1:gach_noi_giua_cap | 4:duoi_32_ky_tu
501 đường nơ trang long - bình thạnh - hồ chí minh	1:gach_noi_giua_cap
Đường Thạnh Mỹ	4:duoi_32_ky_tu
đường lưu xuân tín - hồ chí minh	1:gach_noi_giua_cap
Võ Văn Dung, Đống Đa	4:duoi_32_ky_tu
hùng vương - bình định	1:gach_noi_giua_cap | 4:duoi_32_ky_tu
đường long biên 1, hà nội	4:duoi_32_ky_tu
đường tố hữu, thái nguyên	4:duoi_32_ky_tu
Phố Yên, Thái Nguyên	4:duoi_32_ky_tu
đường 836 - hồ chí minh	1:gach_noi_giua_cap | 4:duoi_32_ky_tu
3 thang 2, Quận 10, Hồ Chí Minh	0:thieu_dau_sai_chinh_ta[thang quận] | 4:duoi_32_ky_tu
mỹ gia 2	4:duoi_32_ky_tu
hồng lĩnh - quận 10	1:gach_noi_giua_cap | 4:duoi_32_ky_tu
thới bình cà mau	4:duoi_32_ky_tu
phạm ngọc thạch, đống đa	4:duoi_32_ky_tu
kdc cao cấp đại việt đường nguyễn duy trinh quận 9 - hồ chí minh	1:gach_noi_giua_cap
đường lê văn lương, đà nẵng	4:duoi_32_ky_tu
bàu bàng - bình dương	1:gach_noi_giua_cap | 4:duoi_32_ky_tu
đường 15, quận 2	4:duoi_32_ky_tu
đường đông ba, bình dương	4:duoi_32_ky_tu
xã tân ước	4:duoi_32_ky_tu
thuỷ sơn 5 ngũ hành sơn đà nẵng	4:duoi_32_ky_tu
Nguyễn Văn Linh - Trâu Quỳ - Gia Lâm	1:gach_noi_giua_cap
hẻm 751 huỳnh tấn phát, quận 7	4:duoi_32_ky_tu
298 d2 bình thạnh	4:duoi_32_ky_tu
đường hoa sứ	4:duoi_32_ky_tu
số 10 phan văn trường cầu giấy	4:duoi_32_ky_tu
đường 1 bình chánh hồ chí minh	4:duoi_32_ky_tu
Xã Ninh Trung - Ninh Hòa Khánh Hòa	1:gach_noi_giua_cap
178 đường phạm văn bạch - gò vấp	1:gach_noi_giua_cap
đường thuong thuy, tây hồ	0:thieu_dau_sai_chinh_ta[thuong] | 4:duoi_32_ky_tu
đường bùi thị xuân - quảng ngãi	1:gach_noi_giua_cap | 4:duoi_32_ky_tu
số 9 118 - phường phương canh - hà nội	1:gach_noi_giua_cap
phố bà triệu - hoàn kiếm hà nội	1:gach_noi_giua_cap | 4:duoi_32_ky_tu
đường nguyễn thái bình - phan rang - tháp chàm - ninh thuận	1:gach_noi_giua_cap
thúy lĩnh hoàng mai hà nội	4:duoi_32_ky_tu
đường lê văn lương phước kiển nhà bè - hồ chí minh	1:gach_noi_giua_cap
dự án chung cư mỹ phước bình thạnh - hồ chí minha	1:gach_noi_giua_cap
đường trần bình trọng, quận 10	4:duoi_32_ky_tu
Investco Babylon Phường Tân Thành - Âu Cơ Tân Phú	1:gach_noi_giua_cap
lái thiêu - thuận an - bình dương	1:gach_noi_giua_cap
xuân đỉnh bắc từ liêm	4:duoi_32_ky_tu
Đường Hiệp Thành 6	4:duoi_32_ky_tu
ân thị, hưng yên	4:duoi_32_ky_tu
phường 6 đường phạm dinh toai - quận 3 - hồ chí minh	1:gach_noi_giua_cap
trương quốc hoàng - tân bình - hồ chí minh	1:gach_noi_giua_cap
Ngõ 132 - Khâm Thiên - Hà Nội	1:gach_noi_giua_cap | 4:duoi_32_ky_tu
ngõ 94 đường tân mai, hà nội	4:duoi_32_ky_tu
dự án khu đô thị an khánh - an thượng - hoài đức	1:gach_noi_giua_cap
thới an.  quận 12, hồ chí minh	4:duoi_32_ky_tu
đường 2 - gò vấp - tp hồ chí minh	1:gach_noi_giua_cap
hòa bình, quận 11 hồ chí minh	4:duoi_32_ky_tu
đắk sin, dak r'lap, đắk nông	0:thieu_dau_sai_chinh_ta[lap] | 4:duoi_32_ky_tu
Đường Giải Phóng Thanh Xuân	4:duoi_32_ky_tu
thọ lão	4:duoi_32_ky_tu
Tân bình, Tp Hồ Chí Minh	4:duoi_32_ky_tu
võ văn điều, hồ chí minh	4:duoi_32_ky_tu
Đường Hà Huy Giáp - Cẩm Lệ - Đà Nẵng	1:gach_noi_giua_cap
43 ngõ 85 nguyễn lương bằng - đống đa - hà nội	1:gach_noi_giua_cap
Đường Dong Thiên	0:thieu_dau_sai_chinh_ta[đường dong] | 4:duoi_32_ky_tu
xo việt nghệ tỉnh thanh khê	4:duoi_32_ky_tu
an dương vương, bạc liêu	4:duoi_32_ky_tu
đường cầu tri - hà nội	0:thieu_dau_sai_chinh_ta[tri hà] | 1:gach_noi_giua_cap | 4:duoi_32_ky_tu
dự án kdc hoàng hải - đường 7 phường bà điểm - hóc môn - hồ chí minh	1:gach_noi_giua_cap
phường đa kao - nguyễn đình chiểu quận 1 - hồ chí minh	1:gach_noi_giua_cap
95 - quận nhân thanh xuân hà nội	1:gach_noi_giua_cap
Nguyễn Tri Phương - P6 - Q5 - Tp Hồ Chí Minh	1:gach_noi_giua_cap
đường miêu nha - nam từ liêm	1:gach_noi_giua_cap | 4:duoi_32_ky_tu
DiamondLotus Riverside	3:keyword_la_toan_so | 4:duoi_32_ky_tu
Số 1 Bình Tân, hồ chí minh	4:duoi_32_ky_tu
kim đồng - thị trấn liên nghĩa - đức trọng - lâm đồng	1:gach_noi_giua_cap
số 10 Thủ Đức Tp Hồ Chí Minh	4:duoi_32_ky_tu
đường quốc lộ 1a - núi thành - quảng nam	1:gach_noi_giua_cap
Quận 5 Tp Hồ Chí Minh	4:duoi_32_ky_tu
đường tỉnh lộ 746	4:duoi_32_ky_tu
728/ 1 - hồng bàng - quận 11	1:gach_noi_giua_cap | 4:duoi_32_ky_tu
bình long - bình phước	1:gach_noi_giua_cap | 4:duoi_32_ky_tu
hồ đắc di, tân phú, hồ chí minh	4:duoi_32_ky_tu
lạch tray, lê chân hải phòng	4:duoi_32_ky_tu
quận 5 - tp hồ chí minh	1:gach_noi_giua_cap | 4:duoi_32_ky_tu
đường nguyễn hữu cảnh vũng tàu	4:duoi_32_ky_tu
xã an đồng - cái tắt - an dương	1:gach_noi_giua_cap | 4:duoi_32_ky_tu
La Xuân oai Quận 9, Hồ Chí Minh	4:duoi_32_ky_tu
Phú Lãm, Hà Đông	4:duoi_32_ky_tu
cai lậy - tiền giang	1:gach_noi_giua_cap | 4:duoi_32_ky_tu
đường nguyễn thuy	4:duoi_32_ky_tu
an dương - tây hồ - hà nội	1:gach_noi_giua_cap | 4:duoi_32_ky_tu
tân sơn hòa, hồ chí minh	4:duoi_32_ky_tu
Nguyễn Ngọc Nhựt	4:duoi_32_ky_tu
218 đường lĩnh nam, hà nội	4:duoi_32_ky_tu
den lu 2, hà nội	4:duoi_32_ky_tu
pastuer, nha trang	3:keyword_la_toan_so | 4:duoi_32_ky_tu
phường an lạc - đường nguyễn quý yêm - bình tân hồ chí minh	1:gach_noi_giua_cap
dự án hòa bình green city mạc thị bưởi phường vĩnh tuy - hai bà trưng	1:gach_noi_giua_cap
xã núi thành - núi thành - quảng nam	1:gach_noi_giua_cap | 2:trung_keyword[núi thành]
Đồng Khởi Vĩnh Cửu	4:duoi_32_ky_tu
hồ chí minh	4:duoi_32_ky_tu
đường phú diễn bắc từ liêm	4:duoi_32_ky_tu
09, đường 4b, nha trang	4:duoi_32_ky_tu
Đường Trung Lương 5 Hòa Xuân - Cẩm Lệ	1:gach_noi_giua_cap
đường bùi đình túy - bình thạnh - hồ chí minh	1:gach_noi_giua_cap
căn hộ 303 b3 tô hiệu, cầu giấy	4:duoi_32_ky_tu
đường y wang - buôn ma thuột đắk lắk	1:gach_noi_giua_cap
ngõ 25 đông khê, ngô quyền	4:duoi_32_ky_tu
đa kao - nguyễn đình chiểu quận 1 - hồ chí minh	1:gach_noi_giua_cap
Lâm Hà - Lâm Đồng	1:gach_noi_giua_cap | 4:duoi_32_ky_tu
07 - 09 - đường đoàn phú tứ - liên chiểu - đà nẵng	1:gach_noi_giua_cap
Đường Long Biên	4:duoi_32_ky_tu
đường kt 11 hóc môn - hồ chí minh	1:gach_noi_giua_cap
âu cơ tân phú tp hồ chí minh	4:duoi_32_ky_tu
phường cẩm phô	4:duoi_32_ky_tu
8x dam sen - tân phú hồ chí minh	1:gach_noi_giua_cap
Đường Phạm Văn Đồng Sơn Trà	4:duoi_32_ky_tu
an thượng 1 sơn trà đà nẵng	4:duoi_32_ky_tu
Đường Trần Thái Tông - Đà Lạt - Lâm Đồng	1:gach_noi_giua_cap
Dự án V - Star - Phường Phú Thuận - Quận 7 - Hồ Chí Minh	1:gach_noi_giua_cap
thạnh mỹ lợi - quận 2	1:gach_noi_giua_cap | 4:duoi_32_ky_tu
Mon City	3:keyword_la_toan_so | 4:duoi_32_ky_tu
đường điện biên yên bái	4:duoi_32_ky_tu
đường mạc đĩnh chi - quận 1	1:gach_noi_giua_cap | 4:duoi_32_ky_tu
khu căn hộ chánh hưng - giai việt	1:gach_noi_giua_cap
đường sơn phong, quảng nam	4:duoi_32_ky_tu
đường cư xá bắc hải - hồ chí minh	1:gach_noi_giua_cap
842a đường lê lợi, bắc giang	4:duoi_32_ky_tu
mai xuân thưởng - buôn ma thuột	1:gach_noi_giua_cap | 4:duoi_32_ky_tu
dự án khu phố hưng phước quận 7	4:duoi_32_ky_tu
Quảng Minh - Hà Đông	1:gach_noi_giua_cap | 4:duoi_32_ky_tu
phố kim mã ba đình	4:duoi_32_ky_tu
Hòa Bình, Bình Tân	4:duoi_32_ky_tu
vcn phước long nha trang	4:duoi_32_ky_tu
9/ 12 đường 8 - thủ đức - hồ chí minh	1:gach_noi_giua_cap
đa mặn - đà nẵng	1:gach_noi_giua_cap | 4:duoi_32_ky_tu
nha 52 đường 85 quận 7 - hồ chí minh	1:gach_noi_giua_cap
đường tân chánh hiệp. - quận 12 - hồ chí minh	1:gach_noi_giua_cap
đường phúc tân - hoàn kiếm - hà nội	1:gach_noi_giua_cap
số 17 - quận 7 - hồ chí minh	1:gach_noi_giua_cap | 4:duoi_32_ky_tu
Dự án KDC Hoằng Hải - Đường 7 - Bà Điểm - Hóc Môn - Hồ Chí Minh	1:gach_noi_giua_cap
vũ huy tấn - phường 13 - bình thạnh	1:gach_noi_giua_cap
Đường Phú Lộc 17, Liên Chiểu	4:duoi_32_ky_tu
tỉnh lộ 822 đức hòa	4:duoi_32_ky_tu
phố thanh bình	4:duoi_32_ky_tu
đường đặng minh khiêm - phường vĩnh hòa - khánh hòa	1:gach_noi_giua_cap
công ty phúc an cos37 - 3 - dự án sky garden 3 - quận 7 - tp. hồ chí minh	1:gach_noi_giua_cap
bến đoan quảng ninh	4:duoi_32_ky_tu
trần văn nam tân an - long an	1:gach_noi_giua_cap | 4:duoi_32_ky_tu
10 mai xuân thưởng thanh khê	4:duoi_32_ky_tu
số 5 gò vấp hồ chí minh	4:duoi_32_ky_tu
Trần Hưng Đạo - Hải An Hải Phòng	1:gach_noi_giua_cap
379 đường đội cấn ba đình	4:duoi_32_ky_tu
9 hoàng minh giám	4:duoi_32_ky_tu
an bình, tân phú, hồ chí minh	4:duoi_32_ky_tu
grand world - xã gành dầu phú quốc kiên giang	1:gach_noi_giua_cap
đường dong dien - hải phòng	0:thieu_dau_sai_chinh_ta[dien,đường dong] | 1:gach_noi_giua_cap | 4:duoi_32_ky_tu
dự án camellia garden - đường nguyễn văn linh - xã bình hưng - bình chánh - hồ chí minh	1:gach_noi_giua_cap
Đại lộ Độc Lập Dĩ An Bình Dương	4:duoi_32_ky_tu
hoà phú thủ dầu một bình dương	4:duoi_32_ky_tu
30 chu văn an, quảng ngãi	4:duoi_32_ky_tu
chơn thành golden land chơn thành bình phước	2:trung_keyword[chơn thành]
ql 1a - phường bình chiểu - quận thủ đức - hồ chí minh	1:gach_noi_giua_cap
xã long an, cần giuộc	4:duoi_32_ky_tu
đường hoàng hoa thám bình thạnh	4:duoi_32_ky_tu
đường lương ngọc quyen huế	0:thieu_dau_sai_chinh_ta[quyen] | 4:duoi_32_ky_tu
hiệp thành 6 hồ chí minh	4:duoi_32_ky_tu
ngõ 467 đường lĩnh nam - hoàng mai - hà nội	1:gach_noi_giua_cap
đường tản đà, thanh khê	4:duoi_32_ky_tu
Đường 20 - Thuận An - Bình Dương	1:gach_noi_giua_cap
liên khu 2 - 10 bình tân	4:duoi_32_ky_tu
10 - Thiên Hương	1:gach_noi_giua_cap | 4:duoi_32_ky_tu
bắc trà mỹ - quảng nam	1:gach_noi_giua_cap | 4:duoi_32_ky_tu
ngõ 173 - đường hoàng hoa thám ba đình	1:gach_noi_giua_cap
chung cu 379 đội cấn	0:thieu_dau_sai_chinh_ta[chung cu] | 4:duoi_32_ky_tu
Thich Thiên Chieu Bà Rịa	0:thieu_dau_sai_chinh_ta[thich] | 4:duoi_32_ky_tu
hoàng quốc việt - bắc từ liêm - hà nội	1:gach_noi_giua_cap
đường du dinh	4:duoi_32_ky_tu
eco village đức hoà hạ - đức hòa	1:gach_noi_giua_cap
phố trần bình - nam từ liêm - hà nội	1:gach_noi_giua_cap
Khương Thượng - Hà Nội	1:gach_noi_giua_cap | 4:duoi_32_ky_tu
6 bến phú lâm	4:duoi_32_ky_tu
tiền giang phường 4 tân bình	4:duoi_32_ky_tu
đường đào tông nguyên nhà bè	4:duoi_32_ky_tu
tân tiến - đồng phú bình phước	1:gach_noi_giua_cap | 4:duoi_32_ky_tu
đường đường khe tân phú tp hồ chí minh	2:trung_keyword[đường đường]
gia phù quận 6	4:duoi_32_ky_tu
Đường Tứ Kiệt, Tiền Giang	4:duoi_32_ky_tu
tỉnh lộ 868 - thị xã cai lậy - tiền giang	1:gach_noi_giua_cap
phú trung hồ chí minh	4:duoi_32_ky_tu
7 3 thái hà đống đa	4:duoi_32_ky_tu
đường 61, quận 2, hồ chí minh	4:duoi_32_ky_tu
đường đông thạnh 8 - 1 - hóc môn - hồ chí minh	1:gach_noi_giua_cap
đường xuân thới 2 - trung chánh hóc môn hồ chí minh	1:gach_noi_giua_cap
thịnh đức	4:duoi_32_ky_tu
phố đà nẵng hải an hải phòng	4:duoi_32_ky_tu
370 võ văn tần - quận 3 - hồ chí minh	1:gach_noi_giua_cap
đường 54, phường	4:duoi_32_ky_tu
đường 27, quận 9	4:duoi_32_ky_tu
Phú Nhuận Hồ Chí Minh	4:duoi_32_ky_tu
38 phùng chí kiên - cầu giấy - hà nội	1:gach_noi_giua_cap
tân trào ninh kiều	4:duoi_32_ky_tu
58 tố hữu	4:duoi_32_ky_tu
Phố Huế Hoàn Kiếm Hà Nội	4:duoi_32_ky_tu
hà huy tập đà nẵng	4:duoi_32_ky_tu
huỳnh khuông an - vũng tàu	1:gach_noi_giua_cap | 4:duoi_32_ky_tu
thạnh mỹ lợi - quận 2 hồ chí minh	1:gach_noi_giua_cap
Long Phụng Residence	4:duoi_32_ky_tu
cửa lấp - dương tơ kiên giang	1:gach_noi_giua_cap | 4:duoi_32_ky_tu
phường bưởi - hà nội	1:gach_noi_giua_cap | 4:duoi_32_ky_tu
đường cống quỳnh - quận 1 - hồ chí minh	1:gach_noi_giua_cap
xã Thới Hòa Bến Cát Bình Dương	4:duoi_32_ky_tu
trần thị đỗ, hồ chí minh	4:duoi_32_ky_tu
Etown Building	3:keyword_la_toan_so | 4:duoi_32_ky_tu
khu đỗ thị mới văn quán hà đông - hà nội	1:gach_noi_giua_cap
dự án dự án thăng long number one, nam từ liêm, hà nội	2:trung_keyword[dự án dự án]
đường mai thị lựu quận 1	4:duoi_32_ky_tu
Thị trấn Phước Dân - Ninh Phước - Ninh Thuận	1:gach_noi_giua_cap
lê lợi bến cát, bình dương	4:duoi_32_ky_tu
Đường 3, Ninh Kiều, Cần Thơ	4:duoi_32_ky_tu
nguyễn thái bình - đà nẵng	1:gach_noi_giua_cap | 4:duoi_32_ky_tu
28 huỳnh văn bánh - phú nhuận - hồ chí minh	1:gach_noi_giua_cap
đỗ đức dục - nam từ liêm	1:gach_noi_giua_cap | 4:duoi_32_ky_tu
Lý Đạo Thạnh, Phường	4:duoi_32_ky_tu
đường cư xá đô thành	4:duoi_32_ky_tu
lê trung kiên - phú yên	1:gach_noi_giua_cap | 4:duoi_32_ky_tu
1103 đường nguyễn văn linh - an dương - hải phòng	1:gach_noi_giua_cap
thạnh xuân 52 - hồ chí minh	1:gach_noi_giua_cap | 4:duoi_32_ky_tu
Đường 4, Phú Hòa, Thủ Dầu Một	4:duoi_32_ky_tu
142/ 2 bình phước a - bình dương	1:gach_noi_giua_cap
đường như nguyệt đà nẵng	4:duoi_32_ky_tu
đường bến phú định, hồ chí minh	4:duoi_32_ky_tu
nguyễn tịnh đông hương	4:duoi_32_ky_tu
xã hiệp thạnh - bình dương	1:gach_noi_giua_cap | 4:duoi_32_ky_tu
phường tân thuận tây - đường 1 - quận 7 - hồ chí minh	1:gach_noi_giua_cap
Đường T5	4:duoi_32_ky_tu
Long Thới, Nhà Bè Ho C. hi Minh	0:thieu_dau_sai_chinh_ta[bè ho] | 4:duoi_32_ky_tu
đường kim đồng đức trọng	4:duoi_32_ky_tu
đường 13/ 3 dầu tiếng - bình dương	1:gach_noi_giua_cap
phú diễn - Hồ tùng mậu	1:gach_noi_giua_cap | 4:duoi_32_ky_tu
phước vĩnh an	4:duoi_32_ky_tu
thạnh lộc 40 - hồ chí minh	1:gach_noi_giua_cap | 4:duoi_32_ky_tu
An Dương Vương	4:duoi_32_ky_tu
phan đình giót tân bình - tp hồ chí minh	1:gach_noi_giua_cap
âu cơ, tân bình	4:duoi_32_ky_tu
tân phú tp hồ chí minh	4:duoi_32_ky_tu
thống nhất gò vấp hồ chí minh	4:duoi_32_ky_tu
huỳnh văn co, hồ chí minh	4:duoi_32_ky_tu
Đường Nguyễn Việt Xuân Hà Đông Hà Noi	0:thieu_dau_sai_chinh_ta[hà noi]
đường 401 tân uyên - bình dương	1:gach_noi_giua_cap | 4:duoi_32_ky_tu
bưởi - hà nội	1:gach_noi_giua_cap | 4:duoi_32_ky_tu
đường đường văn cẩm	2:trung_keyword[đường đường] | 4:duoi_32_ky_tu
đường tỉnh lộ 822 đức hòa	4:duoi_32_ky_tu
lương văn can - quận 8 - tp hồ chí minh	1:gach_noi_giua_cap
chu văn an, ba đình hà nội	4:duoi_32_ky_tu
phú thuận - quận 7	1:gach_noi_giua_cap | 4:duoi_32_ky_tu
đường lý thường kiệt, hóc môn	4:duoi_32_ky_tu
62/ 3 Đường Tạ Mỹ Duật Đà Nẵng	4:duoi_32_ky_tu
đường nguyễn hữu trí bình chánh	4:duoi_32_ky_tu
Cầu Mới, Hà Nội	4:duoi_32_ky_tu
quận long biên hà nội	4:duoi_32_ky_tu
phố cầu cốn, hải dương	4:duoi_32_ky_tu
xã quảng giao, thanh hóa	4:duoi_32_ky_tu
Đường Nam Sơn 3 - Hải Châu	1:gach_noi_giua_cap | 4:duoi_32_ky_tu
chi lăng - phường 9 - đà lạt	1:gach_noi_giua_cap | 4:duoi_32_ky_tu
62/ 31/ 4 - đường 4 thủ đức hồ chí minh	1:gach_noi_giua_cap
đường trinh dinh trong, tân phú, hồ chí minh	0:thieu_dau_sai_chinh_ta[trong tân]
giap hai, củ chi	0:thieu_dau_sai_chinh_ta[giap] | 4:duoi_32_ky_tu
phường vĩnh trung đỗ quảng thanh khê - đà nẵng	1:gach_noi_giua_cap
đường vĩnh phú 19	4:duoi_32_ky_tu
Đường Giải Phóng Hai Bà Trưng	4:duoi_32_ky_tu
Đường Hà Huy Tập Buôn Ma Thuột	4:duoi_32_ky_tu
nghĩa tân cầu giấy	4:duoi_32_ky_tu
Đường Vũ Trọng Phụng - Tân Phú	1:gach_noi_giua_cap | 4:duoi_32_ky_tu
46 - phố quận nhân cầu giấy	1:gach_noi_giua_cap | 4:duoi_32_ky_tu
bùi thanh khiết - bình chánh	1:gach_noi_giua_cap | 4:duoi_32_ky_tu
lotus garden tân phú sài gòn	4:duoi_32_ky_tu
đường trần bình trọng - tân phú - hồ chí minh	1:gach_noi_giua_cap
đường gia phù quận 6	4:duoi_32_ky_tu
đội cấn, cẩm lệ, đà nẵng	4:duoi_32_ky_tu
Tuy Lý Vuong - Ngũ Hành Sơn - Đà Nẵng	0:thieu_dau_sai_chinh_ta[vuong] | 1:gach_noi_giua_cap
29 ngõ 102 Tô Vĩnh Diện Khương Trung - Thanh Xuân	1:gach_noi_giua_cap
đường tỉnh lộ 824 - hóc môn	1:gach_noi_giua_cap | 4:duoi_32_ky_tu
bạch mai, hai bà trưng, hà nội	4:duoi_32_ky_tu
đường cống quỳnh - quận 1 hồ chí minh	1:gach_noi_giua_cap
nguyễn chí thanh - quận 11 - hồ chí minh	1:gach_noi_giua_cap
đường 1 - bình chánh - hồ chí minh	1:gach_noi_giua_cap
đường truong quốc hoàng	0:thieu_dau_sai_chinh_ta[truong,đường truong] | 4:duoi_32_ky_tu
đường giảng võ - đống đa	1:gach_noi_giua_cap | 4:duoi_32_ky_tu
đường nguyễn khuyến biên hòa	4:duoi_32_ky_tu
an hải đông, sơn trà đà nẵng	4:duoi_32_ky_tu
phường nghĩa tân - cầu giấy - hà nội	1:gach_noi_giua_cap
đường nguyễn phúc chu bà rịa	4:duoi_32_ky_tu
đường 2 gò vấp tp hồ chí minh	4:duoi_32_ky_tu
Đường 618/ 44 Quang Trung - Gò Vấp Hồ Chí Minh	1:gach_noi_giua_cap
dự án city home cát lái	4:duoi_32_ky_tu
phường 2 - trần hưng đạo	1:gach_noi_giua_cap | 4:duoi_32_ky_tu
an lạc - đường nguyễn quy yem - bình tân - hồ chí minh	0:thieu_dau_sai_chinh_ta[yem] | 1:gach_noi_giua_cap
vi ba - phường 4 - vũng tàu	1:gach_noi_giua_cap | 4:duoi_32_ky_tu
ct number one, hoài đức, hà nội	4:duoi_32_ky_tu
phường vệ an - bắc ninh	1:gach_noi_giua_cap | 4:duoi_32_ky_tu
phú xá, thái nguyên	4:duoi_32_ky_tu
đồng tiến, đồng phú, bình phước	4:duoi_32_ky_tu
468 đường phan văn trị gò vấp	4:duoi_32_ky_tu
Dự án The Park Avenue - Phố Lý Thường Kiệt Phường 15 - Quận 11	1:gach_noi_giua_cap
phạm ngọc thạch đống đa	4:duoi_32_ky_tu
đầm trấu - hai bà trưng - hà nội	1:gach_noi_giua_cap
2c trần khánh dư - hồ chí minh	1:gach_noi_giua_cap | 4:duoi_32_ky_tu
Phố Tân Phong - Hà Nội	1:gach_noi_giua_cap | 4:duoi_32_ky_tu
phường 6 đường nhật tảo quận 10 - hồ chí minh	1:gach_noi_giua_cap
Tân Phú Quận 7 Tp Hồ Chí Minh	4:duoi_32_ky_tu
cầu đất - hoàn kiếm - hà nội	1:gach_noi_giua_cap | 4:duoi_32_ky_tu
Gia Lâm Hà Nội	4:duoi_32_ky_tu
lương thuc ky, ngũ hành sơn đà nẵng	0:thieu_dau_sai_chinh_ta[thuc]
phường Phú La - Hà Đông - Lê Trọng Tấn	1:gach_noi_giua_cap
nguyễn duy trinh quận 2	4:duoi_32_ky_tu
cầu dau - xã thanh liệt	1:gach_noi_giua_cap | 4:duoi_32_ky_tu
dự án kingston residence - 146 - phú nhuận hồ chí minh	1:gach_noi_giua_cap
mỹ tú 1	4:duoi_32_ky_tu
Chung cư 89 Phùng Hưng Hà Đông	4:duoi_32_ky_tu
phố 24, bình chánh hồ chí minh	4:duoi_32_ky_tu
đường cao bá quát - buôn ma thuột	1:gach_noi_giua_cap
phúc xá, hà nội	4:duoi_32_ky_tu
đường sơn thủy 12	4:duoi_32_ky_tu
kdc bến lợi bác phan thiết	4:duoi_32_ky_tu
trần não - quận 2 tp hồ chí minh	1:gach_noi_giua_cap
long khánh đồng nai	4:duoi_32_ky_tu
đất mới bình tân ho chi	0:thieu_dau_sai_chinh_ta[tân ho,ho chi] | 4:duoi_32_ky_tu
Đường Lê Hồng Phong - Thủ Dầu Một	1:gach_noi_giua_cap
Đường Xã Lộ Hà Nội Biên Hòa	4:duoi_32_ky_tu
đường 27 - thủ đức - hồ chí minh	1:gach_noi_giua_cap
nghi tân cửa lò - nghệ an	1:gach_noi_giua_cap | 4:duoi_32_ky_tu
đường phú lộc 5, liên chiểu	4:duoi_32_ky_tu
đường 14 sóc sơn - hà nội	1:gach_noi_giua_cap | 4:duoi_32_ky_tu
La Casa Villa	3:keyword_la_toan_so | 4:duoi_32_ky_tu
Đường Trung Hanh Hải An	4:duoi_32_ky_tu
Chung cu N105 Nguyễn Phong Sac	0:thieu_dau_sai_chinh_ta[chung cu,sac] | 4:duoi_32_ky_tu
đường thạnh lộc 15 - quận 12	1:gach_noi_giua_cap | 4:duoi_32_ky_tu
khánh hà lieu ngoai hà nội	4:duoi_32_ky_tu
Đường 1, Quận 8	4:duoi_32_ky_tu
Đường Tong Văn Hen Tân Bình - hồ chí minh	1:gach_noi_giua_cap
mỹ trong	4:duoi_32_ky_tu
phan văn hớn quận 12	4:duoi_32_ky_tu
Phạm Văn Bạch	4:duoi_32_ky_tu
Xã Sài Sơn	4:duoi_32_ky_tu
nguyễn tất thành, hòa vang	4:duoi_32_ky_tu
long xuyên - an giang	1:gach_noi_giua_cap | 4:duoi_32_ky_tu
dự án vcn - phước long khánh hòa	1:gach_noi_giua_cap
Phường Phú Bài, Đường Đường Thanh Bình, Hương Thủy	2:trung_keyword[đường đường]
đà nẵng hải an	4:duoi_32_ky_tu
linh trung thủ đức	4:duoi_32_ky_tu
93 28, hoàng văn thái hà nội	4:duoi_32_ky_tu
phường 2 vũng tàu	4:duoi_32_ky_tu
71 74 đường hữu hung	4:duoi_32_ky_tu
Lê Trọng Tấn Hoài Đức Hà Nội	4:duoi_32_ky_tu
đường 7 buôn ma thuột	4:duoi_32_ky_tu
central plaza - 91 phạm văn hai	1:gach_noi_giua_cap | 4:duoi_32_ky_tu
331 đê La Thành Hà Nội	4:duoi_32_ky_tu
ea wer	3:keyword_la_toan_so | 4:duoi_32_ky_tu
đường ho da	0:thieu_dau_sai_chinh_ta[đường ho] | 4:duoi_32_ky_tu
phố tôn đức thắng - liên chiểu - đà nẵng	1:gach_noi_giua_cap
đường cao lộ - đông anh	1:gach_noi_giua_cap | 4:duoi_32_ky_tu
số 30 353 an dương vương tây hồ	4:duoi_32_ky_tu
khu biet thu hưng thịnh - đà lạt - lâm đồng	0:thieu_dau_sai_chinh_ta[biet] | 1:gach_noi_giua_cap
đường hồng mai	4:duoi_32_ky_tu
Phường Thịnh Liệt, Hà Nội	4:duoi_32_ky_tu
số 3, thủ đức, hồ chí minh	4:duoi_32_ky_tu
Xã Hòa Phú Long An	4:duoi_32_ky_tu
284 dương quảng hàm p. 5 gò vấp	4:duoi_32_ky_tu
phạm văn đồng - q. sơn trà tp. đà nẵng	1:gach_noi_giua_cap
đường 8 - phường tân kiểng - quận 7	1:gach_noi_giua_cap
Đường Bàu Mạc 3 - Đà Nẵng	1:gach_noi_giua_cap | 4:duoi_32_ky_tu
đường mai dịch hà nội	4:duoi_32_ky_tu
đường tây sơn - phường khâm thiên - đống đa - hà nội	1:gach_noi_giua_cap
đường văn cao hải an hải phòng	4:duoi_32_ky_tu
đường 28, thủ đức	4:duoi_32_ky_tu
Tân Sơn Nhì Cầu Xéo	4:duoi_32_ky_tu
đường hoà bình 7 hai bà trưng - hà nội	1:gach_noi_giua_cap
trần hưng đạo hải an - hải phòng	1:gach_noi_giua_cap
Tân Thắng Bình Thuận	4:duoi_32_ky_tu
dự án mỹ phú 3 - đường 10 - phường tân phú - quận 7 - hồ chí minh	1:gach_noi_giua_cap
tổ 10 - đường thạch bàn	1:gach_noi_giua_cap | 4:duoi_32_ky_tu
cổ điển a thanh trì	4:duoi_32_ky_tu
Đường Tong Văn Hen - Tân Bình - Hồ Chí Minh	1:gach_noi_giua_cap
đường xuân đỉnh - bắc từ liêm - hà nội	1:gach_noi_giua_cap
mỹ phú 3 - đường 10 tân phú quận 7 - hồ chí minh	1:gach_noi_giua_cap
Đường Thái Bình, Nam Định	4:duoi_32_ky_tu
dự án hoàng anh gia lai 2 - phố trần xuân soạn - phường tân kiểng - hồ chí minh	1:gach_noi_giua_cap
Nam Hòa, Quận 9	4:duoi_32_ky_tu
xã khánh hà - đường lieu ngoai	1:gach_noi_giua_cap | 4:duoi_32_ky_tu
đường 21 quận 12, hồ chí minh	4:duoi_32_ky_tu
nhà chung hoàn kiếm	4:duoi_32_ky_tu
đông thạnh hồ chí minh	4:duoi_32_ky_tu
3 trung mau - gia lâm hà nội	1:gach_noi_giua_cap | 4:duoi_32_ky_tu
đường nguyễn phúc chu - bình thuận	1:gach_noi_giua_cap
đường phan bội châu, hồng bàng	4:duoi_32_ky_tu
71 74 hữu hung đại mỗ	4:duoi_32_ky_tu
Dự án City Garden - Bình Thạnh - Tp Hồ Chí Minh	1:gach_noi_giua_cap
thới an 9 - quận 12 - hồ chí minh	1:gach_noi_giua_cap
MIPEC Towers, Đống Đa, Hà Nội	4:duoi_32_ky_tu
phường khương trung	4:duoi_32_ky_tu
hồ tràm strip - phước thuận - bà rịa vũng tàu	1:gach_noi_giua_cap
bùi thị xuân cô giang quận 1	4:duoi_32_ky_tu
nghĩa dũng ba đình hà nội	4:duoi_32_ky_tu
Bàu Gia Thượng 1	4:duoi_32_ky_tu
đức lập hạ long an	4:duoi_32_ky_tu
Đường Xã lộ Đại Hàn Phường Hiệp Bình Chánh Thủ Đức - Hồ Chí Minh	1:gach_noi_giua_cap
phường minh đức - đồ sơn hải phòng	1:gach_noi_giua_cap
an hạ riverside đức hòa - long an	1:gach_noi_giua_cap
cầu diễn bắc từ liêm hà nội	4:duoi_32_ky_tu
thủ đức hồ chí minh	4:duoi_32_ky_tu
468 phan văn trị, phường 7	4:duoi_32_ky_tu
Kha Văn Can Hồ Chí Minh	4:duoi_32_ky_tu
đường tăng bạt hổ - huế thừa thiên huế	1:gach_noi_giua_cap
Đường Phan Khoi - Đà Nẵng	1:gach_noi_giua_cap | 4:duoi_32_ky_tu
khương thượng, đống đa	4:duoi_32_ky_tu
tòa nhà hipt	4:duoi_32_ky_tu
an hải bắc đà nẵng	4:duoi_32_ky_tu
Đường 19C, Bình Tân	4:duoi_32_ky_tu
10A - Nguyễn Thị Minh Khai - Quận 1 Hồ Chí Minh	1:gach_noi_giua_cap
Huỳnh Tấn Phát Quận 7	4:duoi_32_ky_tu
phường nghĩa tân, cầu giấy	4:duoi_32_ky_tu
xuân dieu, quy nhơn, bình định	4:duoi_32_ky_tu
tây sơn - ba đình - hà nội	1:gach_noi_giua_cap | 4:duoi_32_ky_tu
lê duẩn - cẩm lệ	1:gach_noi_giua_cap | 4:duoi_32_ky_tu
Đường Ngọc Hồi Hoàng Mai - Hà Nội	1:gach_noi_giua_cap
đường ngô thì nhậm thái bình	4:duoi_32_ky_tu
quốc lộ 1a, hòa vang, đà nẵng	4:duoi_32_ky_tu
đường trương đăng quế - gò vấp - hồ chí minh	1:gach_noi_giua_cap
Xã Bình Phú, Bến Tre	4:duoi_32_ky_tu
47A	3:keyword_la_toan_so | 4:duoi_32_ky_tu
đường lương yên hải ba trung hạ noi	0:thieu_dau_sai_chinh_ta[hạ noi]
Phường Cô Giang - Quận 1	1:gach_noi_giua_cap | 4:duoi_32_ky_tu
Đường La Xuân Oai - Quận 9	1:gach_noi_giua_cap | 4:duoi_32_ky_tu
Đường Xã Lộ Hà Nội - Biên Hòa	1:gach_noi_giua_cap | 4:duoi_32_ky_tu
Đức Chính Hải Dương	4:duoi_32_ky_tu
Sô 95 Tô Hiệu - Nghĩa Đô Cầu Giấy Hà Nội	1:gach_noi_giua_cap
phố mã mây, hoàn kiếm hà nội	4:duoi_32_ky_tu
172 Phạm nhu xuong hòa khánh	0:thieu_dau_sai_chinh_ta[xuong] | 4:duoi_32_ky_tu
long xuyên an giang	4:duoi_32_ky_tu
Hoàng Đạo Thúy, Đà Nẵng	4:duoi_32_ky_tu
phú la - hà đông - lê trọng tấn	1:gach_noi_giua_cap | 4:duoi_32_ky_tu
đường 49 hiệp bình chánh	4:duoi_32_ky_tu
tân trào ninh kiều cần thơ	4:duoi_32_ky_tu
đống đa, hà nội	4:duoi_32_ky_tu
quận 3 - tp hồ chí minh	1:gach_noi_giua_cap | 4:duoi_32_ky_tu
hei tower điện lực nhân chính ngụy như kon tum - hà nội	1:gach_noi_giua_cap
đường trương quyền, quận 3	4:duoi_32_ky_tu
đường vạn bảo - hà nội	1:gach_noi_giua_cap | 4:duoi_32_ky_tu
đường 477	4:duoi_32_ky_tu
Đà Nẵng Phường	4:duoi_32_ky_tu
trung hòa - trảng bom đồng nai	1:gach_noi_giua_cap | 4:duoi_32_ky_tu
phú mỹ hưng phường tân phú - hồ chí minh	1:gach_noi_giua_cap
Huyện Trảng Bàng - Tây Ninh	1:gach_noi_giua_cap | 4:duoi_32_ky_tu
nguyễn du hải châu đà nẵng	4:duoi_32_ky_tu
KDC Phú Mỹ - Công Ích Quận 4 Đường Phạm Hữu Lầu - Quận 7 - Hồ Chí Minh	1:gach_noi_giua_cap
đường an thành 2 tây hồ hà nội	4:duoi_32_ky_tu
31 đường 3	4:duoi_32_ky_tu
số 1 bình tân	4:duoi_32_ky_tu
hồ hảo hớn - quận 1	1:gach_noi_giua_cap | 4:duoi_32_ky_tu
phố bà triệu hoàn kiếm hà nội	4:duoi_32_ky_tu
Thới Hòa Bến Cát - Bình Dương	1:gach_noi_giua_cap | 4:duoi_32_ky_tu
Đường Nguyễn Văn Linh - Hải Châu	1:gach_noi_giua_cap
85 nguyễn thiện thuật, kon tum	4:duoi_32_ky_tu
đường bình phú quận 6	4:duoi_32_ky_tu
lĩnh nam	4:duoi_32_ky_tu
phong nẫm - hòa châu	1:gach_noi_giua_cap | 4:duoi_32_ky_tu
vid tower 1 hoàn kiếm hà nội	4:duoi_32_ky_tu
đường phạm ngũ lão, thủ dầu một	4:duoi_32_ky_tu
đường 4 quận 2	4:duoi_32_ky_tu
phường văn miếu hà nội	4:duoi_32_ky_tu
đường nguyễn văn cừ hạ long	4:duoi_32_ky_tu
đường quốc lộ 3 - mai đình - sóc sơn	1:gach_noi_giua_cap
xã đông ngac bắc từ liêm hà nội	0:thieu_dau_sai_chinh_ta[ngac] | 4:duoi_32_ky_tu
chí linh, tân bình, hồ chí minh	4:duoi_32_ky_tu
dự án ho tram strip phước thuận - xuyên mộc	1:gach_noi_giua_cap
the navita - đường gò dưa - thủ đức	1:gach_noi_giua_cap
đường mai dịch, hà nội	4:duoi_32_ky_tu
dự án tòa nha 249a thụy khuê - hà nội	1:gach_noi_giua_cap
bùi hữu nghĩa, đồng nai	4:duoi_32_ky_tu
lê lộ sơn trà	4:duoi_32_ky_tu
30/ 12 Đường 22 Thủ Đức	4:duoi_32_ky_tu
11 khuc hao sơn trà	0:thieu_dau_sai_chinh_ta[khuc] | 4:duoi_32_ky_tu
hà lung, hải an, hải phòng	4:duoi_32_ky_tu
phường việt hùng, hạ long	4:duoi_32_ky_tu
ea sar	3:keyword_la_toan_so | 4:duoi_32_ky_tu
đường mac thái tổ hà nội	0:thieu_dau_sai_chinh_ta[mac] | 4:duoi_32_ky_tu
Dự án Khu can ho Cao cap Chanh Hung Quận 8, Hồ Chí Minh	0:thieu_dau_sai_chinh_ta[can ho,cap,hung quận]
Trường Chính Phường 14 Tân Bình	4:duoi_32_ky_tu
cầu coc, hà nội	0:thieu_dau_sai_chinh_ta[coc] | 4:duoi_32_ky_tu
đường linh quang a	4:duoi_32_ky_tu
xã hiệp thành thủ dầu một	4:duoi_32_ky_tu
đường thông tây hội, gò vấp	4:duoi_32_ky_tu
135 - tôn đức thắng - đống đa	1:gach_noi_giua_cap | 4:duoi_32_ky_tu
269 trần đăng ninh cầu giấy	4:duoi_32_ky_tu
kt 11 hóc môn - hồ chí minh	1:gach_noi_giua_cap | 4:duoi_32_ky_tu
GoldSilk Complex Hà Đông Hà NỘi	4:duoi_32_ky_tu
19 - đường 11 phường bình an - quận 2 hồ chí minh	1:gach_noi_giua_cap
số 29 - đường 783 ta quang buu - p4 - quận 8	1:gach_noi_giua_cap
đt 747, tân uyên, bình dương	4:duoi_32_ky_tu
Đại Mỗ Nam Từ Liêm Hà N. ội	4:duoi_32_ky_tu
đường	4:duoi_32_ky_tu
Quận Long Biên, hà nội	4:duoi_32_ky_tu
Đường Huỳnh Mẫn Đạt, Đà Nẵng	4:duoi_32_ky_tu
phong 102 khu tap the đường sat, phố ngọc khánh	0:thieu_dau_sai_chinh_ta[tap,sat]
9/ 12 - đường 8 thủ đức hồ chí minh	1:gach_noi_giua_cap
dự án discovery complex cầu giấy - hà nội	1:gach_noi_giua_cap
đường cộng hòa - phường 2 - tân bình - hồ chí minh	1:gach_noi_giua_cap
đầm trấu hai bà trưng hà nội	4:duoi_32_ky_tu
đường nguyễn thị đinh xá quảng hưng - thanh hóa	1:gach_noi_giua_cap
11 ngach 2 định công thượng hoàng mai hà nội	0:thieu_dau_sai_chinh_ta[ngach]
đường dang dung - quận 1 - tp hồ chí minh	1:gach_noi_giua_cap
đường đội cấn cẩm lệ	4:duoi_32_ky_tu
đường b2 buôn ma thuột	4:duoi_32_ky_tu
phường chánh lộ - quang trung - quảng ngãi	1:gach_noi_giua_cap
dự án the pride, hà đông hà nội	4:duoi_32_ky_tu
Đường Số 11 Quận 4 Hồ Chí Minh	4:duoi_32_ky_tu
đường thiên hien xã mễ trì hà nội	0:thieu_dau_sai_chinh_ta[hien]
phường 13, tân bình, sài gòn	4:duoi_32_ky_tu
21/ 6 Đường Tân Mỹ - Quận 7 - Hồ Chí Minh	1:gach_noi_giua_cap
the green daisy	3:keyword_la_toan_so | 4:duoi_32_ky_tu
trần quang diệu - quận 3 - tp hồ chí minh	1:gach_noi_giua_cap
nguyễn lương bằng - liên chiểu - đà nẵng	1:gach_noi_giua_cap
Cu Xã Bắc Hải - Phường 15 - Quận 10 - Hồ Chí Minh	1:gach_noi_giua_cap
tig đại mỗ nam từ liêm hà nội	4:duoi_32_ky_tu
Lê Duẩn, Hải Châu, Đà Nẵng	4:duoi_32_ky_tu
Đường 6B Quận 9	4:duoi_32_ky_tu
ngõ 29 nguyễn chí thanh ba đình	4:duoi_32_ky_tu
thị trấn quảng khê dăk glong	4:duoi_32_ky_tu
cao ốc osc land	4:duoi_32_ky_tu
hải châu ii - đà nẵng	1:gach_noi_giua_cap | 4:duoi_32_ky_tu
96 - Đại Co Việt Hải Ba Trung - hà nội	1:gach_noi_giua_cap
âu cơ tower	4:duoi_32_ky_tu
đường 16 - phường linh trung	1:gach_noi_giua_cap | 4:duoi_32_ky_tu
Bình Long Bình Phước	4:duoi_32_ky_tu
xã tân lập 1 - tân phước - tiền giang	1:gach_noi_giua_cap
phú nhuận nguyễn huệ - thừa thiên huế	1:gach_noi_giua_cap
đường hùng vương - cam ranh - khánh hòa	1:gach_noi_giua_cap
Chung cu Mỹ Phước Bình Thạnh Hồ Chí Minh	0:thieu_dau_sai_chinh_ta[chung cu]
dự án an phú an khánh - đường 14 - quận 2 - hồ chí minh	1:gach_noi_giua_cap
xã an khánh, hoài đức, hà nội	4:duoi_32_ky_tu
đường đặng văn mây	4:duoi_32_ky_tu
quận bình tân - tp hồ chí minh	1:gach_noi_giua_cap | 4:duoi_32_ky_tu
phú luongphu - lam - hà đông hà nội	0:thieu_dau_sai_chinh_ta[lam hà] | 1:gach_noi_giua_cap
thôn san cổ loa - đông anh - hà nội	1:gach_noi_giua_cap
d11 - bến cát - bình dương	1:gach_noi_giua_cap | 4:duoi_32_ky_tu
đường trường lâm - hà nội	1:gach_noi_giua_cap | 4:duoi_32_ky_tu
Đường Triệu Quang Phục - Phường 10 - Quận 5 - Hồ Chí Minh	1:gach_noi_giua_cap
nguyễn quang bích tân bình - tp hồ chí minh	1:gach_noi_giua_cap
Muoi Cung - Xã Nhơn Đức - Hồ Chí Minh	1:gach_noi_giua_cap
Bình Minh, Vĩnh Long	4:duoi_32_ky_tu
đường dương thị giang	4:duoi_32_ky_tu
vista verde phường	4:duoi_32_ky_tu
đường 4 thủ dầu một	4:duoi_32_ky_tu
513 - nguyễn oanh - gò vấp hồ chí minh	1:gach_noi_giua_cap
nam sơn 3 hải châu	4:duoi_32_ky_tu
nguyễn hửu thọ	4:duoi_32_ky_tu
đường kênh 9 hồ chí minh	4:duoi_32_ky_tu
đường tân hưng quận 5	4:duoi_32_ky_tu
Đường 19C, Bình Tân Hồ Chí Minh	4:duoi_32_ky_tu
nguyễn thị định cầu giấy	4:duoi_32_ky_tu
đường hoàng đạo thúy, đà nẵng	4:duoi_32_ky_tu
tân phú quận sơn trà đà nẵng	4:duoi_32_ky_tu
đường 17 bình chuẩn thuận an	4:duoi_32_ky_tu
Phố Khương Hạ Thanh Xuân Hà Nội	4:duoi_32_ky_tu
đường trương định - hoàng mai - hà nội	1:gach_noi_giua_cap
Đường Ba Đình Quận 8	4:duoi_32_ky_tu
đường hiệp nhất - hồ chí minh	1:gach_noi_giua_cap | 4:duoi_32_ky_tu
đường 4 - phường long trường quận 9	1:gach_noi_giua_cap
hồng bàng, khánh hòa	4:duoi_32_ky_tu
đường an thượng 18 - ngũ hành sơn đà nẵng	1:gach_noi_giua_cap
dự án đất biệt thự nam quang -  mỹ hưng - quận 7 hồ chí minh	1:gach_noi_giua_cap
dự án thuận việt - thiên phước - quận 11	1:gach_noi_giua_cap
118/ 4 đường nguyễn chí thanh phường 16 - quận 11 - hồ chí minh	1:gach_noi_giua_cap
Tuy Lý Vương Quận 8 - hồ chí minh	1:gach_noi_giua_cap
17 tạ quang bửu - hai bà trưng - hà nội	1:gach_noi_giua_cap
kđt du lịch biển phan thiết	4:duoi_32_ky_tu
Đường Nguyễn Hữu Cảnh - Vũng Tàu	1:gach_noi_giua_cap
đường d52 thủ đức hồ chí minh	4:duoi_32_ky_tu
Hải Châu - Đà Nẵng	1:gach_noi_giua_cap | 4:duoi_32_ky_tu
đường trần lưu, hồ chí minh	4:duoi_32_ky_tu
Phường An Lạc Đường Nguyễn Quy Yem Bình Tân	0:thieu_dau_sai_chinh_ta[yem]
ngõ 491 trần nhân tông nam định	4:duoi_32_ky_tu
nha số 6	4:duoi_32_ky_tu
phú diễn hồ tùng mậu	4:duoi_32_ky_tu
preche - quận 2 - hồ chí minh	1:gach_noi_giua_cap | 4:duoi_32_ky_tu
019 ngõ nhac sơn - phường kim tân	0:thieu_dau_sai_chinh_ta[nhac] | 1:gach_noi_giua_cap
lê trọng tấn - p. sơn kỳ	1:gach_noi_giua_cap | 4:duoi_32_ky_tu
vĩnh tiến 1 hải phòng	4:duoi_32_ky_tu
thạnh lộc dân thành khe đà nẵng	0:thieu_dau_sai_chinh_ta[thành khe,khe đà] | 4:duoi_32_ky_tu
An Dương - Tây Hồ	1:gach_noi_giua_cap | 4:duoi_32_ky_tu
xã vạn lương	4:duoi_32_ky_tu
đường phan tứ ngũ hành sơn -  nẵng	1:gach_noi_giua_cap
đông hòa bình dương	4:duoi_32_ky_tu
long phước, đồng nai	4:duoi_32_ky_tu
81 ỷ lan nguyên phi	4:duoi_32_ky_tu
thông phong, hà nội	4:duoi_32_ky_tu
tây hòa, quận 9	4:duoi_32_ky_tu
Dự án Can ho RichStar Tân Phú, Hồ Chí Minh	0:thieu_dau_sai_chinh_ta[can ho]
dự án the sun city phước kiển - lê văn lương - nhà bè	1:gach_noi_giua_cap
nguyễn đức thuận, nam định	4:duoi_32_ky_tu
đường lê thanh nghị - phường	1:gach_noi_giua_cap | 4:duoi_32_ky_tu
Bình Chánh Sài Gòn	4:duoi_32_ky_tu
105 Lê Thạch Cẩm Lệ Đà Nẵng	4:duoi_32_ky_tu
ngô thì sỹ hà đông hà nội	4:duoi_32_ky_tu
tỉnh lộ 47, kiến giang	4:duoi_32_ky_tu
võ quy huấn - bắc từ liêm hà nội	1:gach_noi_giua_cap
bình tân la gi, bình thuận	4:duoi_32_ky_tu
đường hoàng hoa thám bình thạnh - tp hồ chí minh	1:gach_noi_giua_cap
đường vũ huy tân bình thạnh	4:duoi_32_ky_tu
tố hữu, yên nghĩa, hà đông	4:duoi_32_ky_tu
đường nguyễn tri phương - long khánh - đồng nai	1:gach_noi_giua_cap
ngọc hồi, hoàng mai	4:duoi_32_ky_tu
cái răng cần thơ	4:duoi_32_ky_tu
kcn long hậu long an	4:duoi_32_ky_tu
Phố 52, Thủ Đức, Hồ Chí Minh	4:duoi_32_ky_tu
Phường Văn Miếu Đống Đa - Hà Nội	1:gach_noi_giua_cap
66 yên lạc hai bà trưng	4:duoi_32_ky_tu
dự án huy hoàng - đường lê hien mai	0:thieu_dau_sai_chinh_ta[hien] | 1:gach_noi_giua_cap
xã hàm hiệp bình thuận	4:duoi_32_ky_tu
phường linh trung Thủ Đức	4:duoi_32_ky_tu
đường nguyễn hoàng quận 2	4:duoi_32_ky_tu
cao oc bmc hưng long	0:thieu_dau_sai_chinh_ta[oc] | 4:duoi_32_ky_tu
Đường Cát Bi Hải An, Hải Phòng	4:duoi_32_ky_tu
d2 bình thạnh	4:duoi_32_ky_tu
đường hoàng hoa thám - bình thạnh	1:gach_noi_giua_cap
trung văn - nam từ liêm - hà nội	1:gach_noi_giua_cap
96 đại cồ việt hà nội	4:duoi_32_ky_tu
Phường Bửu Long, Đồng Nai	4:duoi_32_ky_tu
trần minh quyền quận 10	4:duoi_32_ky_tu
phố trần phú - hoàn kiếm - hà nội	1:gach_noi_giua_cap
đường phù đổng thiên vuong, lâm đồng	0:thieu_dau_sai_chinh_ta[vuong]
22 ngõ 146/ 11/ 8 vuong thua vũ thanh xuân hà nội	0:thieu_dau_sai_chinh_ta[vuong]
discovery complex - cầu giấy hà nội	1:gach_noi_giua_cap
xã thung nai	4:duoi_32_ky_tu
Đường Phạm Văn Đồng Hòa Thành	4:duoi_32_ky_tu
đường đồng khởi, vĩnh cửu	4:duoi_32_ky_tu
ngọc lâm - long biên	1:gach_noi_giua_cap | 4:duoi_32_ky_tu
phố nguyễn ngọc vũ cầu giấy	4:duoi_32_ky_tu
đường hùng vương vũng tàu	4:duoi_32_ky_tu
đường trần nhân ton - quận 10 - hồ chí minh	1:gach_noi_giua_cap
cuu long phạm văn đồng phường 12 - bình thạnh - hồ chí minh	1:gach_noi_giua_cap
Green Lake - Hòa Thọ Đông - Bau Gia Thuong 3 Cẩm Lệ - Đà Nẵng	0:thieu_dau_sai_chinh_ta[thuong] | 1:gach_noi_giua_cap
Dự án Tân Tạo Garden - Bình Chánh - Hồ Chí Minh	1:gach_noi_giua_cap
324 - trần hưng đạo tp thái bình	1:gach_noi_giua_cap
dự án the gold view - đường bến vân đồn phường 1 - quận 4	1:gach_noi_giua_cap
đà nẵng - phường	1:gach_noi_giua_cap | 4:duoi_32_ky_tu
Lê Đình Thám - Tân Phú	1:gach_noi_giua_cap | 4:duoi_32_ky_tu
đường thạnh xuân 39 - quận 12	1:gach_noi_giua_cap | 4:duoi_32_ky_tu
đường 870b, mỹ tho, tiền giang	4:duoi_32_ky_tu
đông ba, bình dương	4:duoi_32_ky_tu
đường 3/ 2 - phường 11 - quận 10 - hồ chí minh	1:gach_noi_giua_cap
ngõ 80 hoàng đạo thành	4:duoi_32_ky_tu
Ngõ 351/ 108 Lĩnh Nam	4:duoi_32_ky_tu
Đường 7A Quận 11 Hồ Chí Minh	4:duoi_32_ky_tu
dự án an hạ riverside bình chánh - tp hồ chí minh	1:gach_noi_giua_cap
Minh Phung Quận 11 Hồ Chí Minh	4:duoi_32_ky_tu
đường tỉnh lộ 10a - phú vang - thừa thiên huế	1:gach_noi_giua_cap
the era town - phường phú mỹ - quận 7 - hồ chí minh	1:gach_noi_giua_cap
Linh Tây - Hồ Chí Minh	1:gach_noi_giua_cap | 4:duoi_32_ky_tu
bắc sơn đà nẵng	4:duoi_32_ky_tu
nguyễn phúc lan	4:duoi_32_ky_tu
đường b752	4:duoi_32_ky_tu
đường 16 quận 7 hồ chí minh	4:duoi_32_ky_tu
đường võ văn kiệt - phường 10 - quận 8 - hồ chí minh	1:gach_noi_giua_cap
trần bình trọng - khánh hòa	1:gach_noi_giua_cap | 4:duoi_32_ky_tu
phú đức - bình phước	1:gach_noi_giua_cap | 4:duoi_32_ky_tu
Huy Hoàng., Quận 2 Hồ Chí Minh	4:duoi_32_ky_tu
Phú Lãm Hà Nội	4:duoi_32_ky_tu
Phường An Lợi Đông	4:duoi_32_ky_tu
Đường Nguyễn Khánh Toàn Hà Nội	4:duoi_32_ky_tu
10 - Thạch Bàn - Hà Nội	1:gach_noi_giua_cap | 4:duoi_32_ky_tu
tig đại mỗ nam từ liêm, hà nội	4:duoi_32_ky_tu
ocean park, đống đa, hà nội	4:duoi_32_ky_tu
31/ 39 - ung văn khiêm - q. bình thạnh	1:gach_noi_giua_cap
thạnh lộc 26 - quận 12	1:gach_noi_giua_cap | 4:duoi_32_ky_tu
khuê trung đường bau gia thuong 1	0:thieu_dau_sai_chinh_ta[thuong]
Đường Chu Văn Hạ Long, Nam Định	4:duoi_32_ky_tu
an thượng 33 - phường mỹ an ngũ hành sơn - đà nẵng	1:gach_noi_giua_cap
phường trưng trắc - phúc yên	1:gach_noi_giua_cap | 4:duoi_32_ky_tu
quốc lộ 18a - hải dương	1:gach_noi_giua_cap | 4:duoi_32_ky_tu
Dự án E4 Tower Cầu Giấy Hà Nội	4:duoi_32_ky_tu
đường tỉnh lộ 826 bến lức	4:duoi_32_ky_tu
Nguyễn Chí Thanh Nga Tu Số - Đống Đa	1:gach_noi_giua_cap
đường 8 bình tân hồ chí minh	4:duoi_32_ky_tu
đường quốc lộ 1a từ sơn - bắc ninh	1:gach_noi_giua_cap
đường 1b phường bình hưng hòa b - bình tân	1:gach_noi_giua_cap
Đường 2, Quận 8, Hồ Chí Minh	4:duoi_32_ky_tu
bình tân - tp hồ chí minh	1:gach_noi_giua_cap | 4:duoi_32_ky_tu
32 lê văn lương - tân hưng q7	1:gach_noi_giua_cap | 4:duoi_32_ky_tu
số 45duong, ho ba mau, đống đa, hà nội	0:thieu_dau_sai_chinh_ta[duong,số duong,duong ho]
linh tây	4:duoi_32_ky_tu
herman - vinh - nghệ an	1:gach_noi_giua_cap | 4:duoi_32_ky_tu
104/ 2n tân hiệp 16 - hóc môn hồ chí minh	1:gach_noi_giua_cap
Đường Hà Huy Tập Quận 12 - Hồ Chí Minh	1:gach_noi_giua_cap
21/ 6 đường tân mỹ, quận 7	4:duoi_32_ky_tu
đường miêu nha, xã tây mỗ	4:duoi_32_ky_tu
võ văn tần, quận 3, hồ chí minh	4:duoi_32_ky_tu
Phú Lộc 17 Liên Chiểu	4:duoi_32_ky_tu
dự án dong phát park view tower đường vành đại 25, phường vĩnh hưng, hoàng mai	0:thieu_dau_sai_chinh_ta[án dong]
165a đường nguyễn sinh sac, nghệ an	0:thieu_dau_sai_chinh_ta[sac]
dự án garden court 2 - quận 7 hồ chí minh	1:gach_noi_giua_cap
Đường Trần Quốc Nghien Phường Hồng Hà Hạ Long	0:thieu_dau_sai_chinh_ta[nghien]
đội cấn - hà nội	1:gach_noi_giua_cap | 4:duoi_32_ky_tu
đường bùi xuong trách - hoàng mai hà nội	0:thieu_dau_sai_chinh_ta[xuong] | 1:gach_noi_giua_cap
đường phạm văn chiêu - gò vấp - hồ chí minh	1:gach_noi_giua_cap
đường an thượng 33 mỹ an - ngũ hành sơn	1:gach_noi_giua_cap
thuỷ nguyên - hải phòng	1:gach_noi_giua_cap | 4:duoi_32_ky_tu
kênh dương thiên lôi	4:duoi_32_ky_tu
Thôn Ngọc Truc - Đại Mỗ - Nam Từ Liêm	0:thieu_dau_sai_chinh_ta[truc] | 1:gach_noi_giua_cap
đường an hải 3 sơn trà đà nẵng	4:duoi_32_ky_tu
827b trường chính, tân phú	4:duoi_32_ky_tu
khu phuc hợp dam sen	0:thieu_dau_sai_chinh_ta[phuc] | 4:duoi_32_ky_tu
phố hồng mai	4:duoi_32_ky_tu
đường bưởi, ba đình, hà nội	4:duoi_32_ky_tu
garden court 2 - quận 7 - hồ chí minh	1:gach_noi_giua_cap
diamond flower tower - đường lê văn lương - thanh xuân	1:gach_noi_giua_cap
Số 11 ngõ 50 Đường Lĩnh Nam	4:duoi_32_ky_tu
số 7 73 lê văn lương thanh xuân	4:duoi_32_ky_tu
tân phong biên hoà	4:duoi_32_ky_tu
hoàng cầu - thái hà - hà nội	1:gach_noi_giua_cap | 4:duoi_32_ky_tu
đường quốc lộ 18a - chí linh	1:gach_noi_giua_cap | 4:duoi_32_ky_tu
đường đào duy anh - phú nhuận - tp hồ chí minh	1:gach_noi_giua_cap
đường quốc lộ 1a bình dương	4:duoi_32_ky_tu
đường buon krông á	0:thieu_dau_sai_chinh_ta[buon] | 4:duoi_32_ky_tu
Nguyễn Văn Tố Hoàn Kiếm	4:duoi_32_ky_tu
Đường Hoài Thanh, Hồ Chí Minh	4:duoi_32_ky_tu
đông hưng thuận 9, hồ chí minh	4:duoi_32_ky_tu
khu căn hộ ehome 3 - bình tân - sài gòn	1:gach_noi_giua_cap
đường hàn thuyên biên hòa	4:duoi_32_ky_tu
đường 30/ 4 - quảng ngãi	1:gach_noi_giua_cap | 4:duoi_32_ky_tu
dự án ct number one hoài đức - hà nội	1:gach_noi_giua_cap
Dự án Ecohome 2, Đường Xuân Đỉnh Xã Đông Ngac, Bắc Từ Liêm Hà Nội	0:thieu_dau_sai_chinh_ta[ngac]
Đường 10m Thanh Thái - Quận 10 - Hồ Chí Minh	1:gach_noi_giua_cap
Đường Phan Tây Hồ, phường 7	4:duoi_32_ky_tu
đường cái tắt - an dương hải phòng	1:gach_noi_giua_cap
15c ngõ 37 phố đại đồng hoàng mai - hà nội	1:gach_noi_giua_cap
số 8 - ngách 106 - ngõ gốc đề - đường minh khai - hoàng mai - hà nội	1:gach_noi_giua_cap
mỹ lệ long an	4:duoi_32_ky_tu
số nhà 16, tổ 10, 1	4:duoi_32_ky_tu
33 phố đốc ngữ ba đình - hà nội	1:gach_noi_giua_cap | 4:duoi_32_ky_tu
Phường Trại Chuối	4:duoi_32_ky_tu
huyện Củ Chi - Tp Hồ Chí Minh	1:gach_noi_giua_cap | 4:duoi_32_ky_tu
trung hòa - trảng bom - đồng nai	1:gach_noi_giua_cap
Đường 970, Quận 9	4:duoi_32_ky_tu
dự án trung yên plaza - cầu giấy - hà nội	1:gach_noi_giua_cap
Xã Tứ Yên	4:duoi_32_ky_tu
đường nguyễn văn tạo nhà bè	4:duoi_32_ky_tu
phố 24 quế võ bắc ninh	4:duoi_32_ky_tu
dong phát park view tower	4:duoi_32_ky_tu
đường nguyễn văn công	4:duoi_32_ky_tu
đường đoàn kết phường	4:duoi_32_ky_tu
71 74 hữu hưng	4:duoi_32_ky_tu
trung hành hải an hải phòng	4:duoi_32_ky_tu
Đường Châu Thượng Văn, Đà Nẵng	4:duoi_32_ky_tu
Gia Lương Gia Lộc - Hải Dương	1:gach_noi_giua_cap | 4:duoi_32_ky_tu
đường huỳnh thiện lộc tân phú - hồ chí minh	1:gach_noi_giua_cap
đường nguyễn kiều - đà nẵng	1:gach_noi_giua_cap | 4:duoi_32_ky_tu
phường văn chương - đường trần quý cáp - hà nội	1:gach_noi_giua_cap
11 nguyễn canh di, hồ chí minh	4:duoi_32_ky_tu
khu căn hộ sacomreal - 584	1:gach_noi_giua_cap | 4:duoi_32_ky_tu
Tecco Tower	4:duoi_32_ky_tu
khu dân cư hiệp thành iii	4:duoi_32_ky_tu
Nguyễn Tri Phương P6 - Q5 - Tp Hồ Chí Minh	1:gach_noi_giua_cap
Ba Lan Hạ Long	4:duoi_32_ky_tu
trai chuoi	3:keyword_la_toan_so | 4:duoi_32_ky_tu
chien - hà nội	0:thieu_dau_sai_chinh_ta[chien] | 1:gach_noi_giua_cap | 4:duoi_32_ky_tu
đường truong dang que gò vấp	0:thieu_dau_sai_chinh_ta[truong,đường truong] | 4:duoi_32_ky_tu
đường dương tự quán - ngũ hành sơn - đà nẵng	1:gach_noi_giua_cap
đường bình thạnh	4:duoi_32_ky_tu
Dự án Marine City - Xã Phước Tỉnh - Long Điền	1:gach_noi_giua_cap
Đường 4A, Bình Tân	4:duoi_32_ky_tu
Ngõ 112 Ngọc Khánh, Hà Nội	4:duoi_32_ky_tu
haco complex tower	4:duoi_32_ky_tu
long thạnh mỹ	4:duoi_32_ky_tu
Hàng Buồm	4:duoi_32_ky_tu
Đường 618/ 44 Quang Trung Gò Vấp - Hồ Chí Minh	1:gach_noi_giua_cap
Đường Bạch Đằng - Hồng Bàng Hải Phòng	1:gach_noi_giua_cap
3 châu thành	4:duoi_32_ky_tu
biet thu hà đỗ	0:thieu_dau_sai_chinh_ta[biet] | 4:duoi_32_ky_tu
Đường 17 Quận 8 Hồ Chí Minh	4:duoi_32_ky_tu
đường phan văn trị - bình thạnh - tp hồ chí minh	1:gach_noi_giua_cap
Thịnh Liệt, Hoàng Mai	4:duoi_32_ky_tu
phố thị sach, phường ngô thì nhậm, hai bà trưng, hà nội	0:thieu_dau_sai_chinh_ta[sach]
28 - Hoàng Hoa Thám - Bắc Giang	1:gach_noi_giua_cap | 4:duoi_32_ky_tu
Đường Quốc Lộ 20 - Xã Gia Tân 3 - Thống Nhất - Đồng Nai	1:gach_noi_giua_cap
phường tân thạnh - phố mai hac de - buôn ma thuột - đắk lắk	0:thieu_dau_sai_chinh_ta[hac,mai hac,hac de] | 1:gach_noi_giua_cap
hoàng quốc việt - bắc từ liêm hà nội	1:gach_noi_giua_cap
dự án chơn thành golden land chơn thành bình phước	2:trung_keyword[chơn thành]
đường châu thượng văn đà nẵng	4:duoi_32_ky_tu
dự án chung cu mỹ phước - bình thạnh ho chi minha	0:thieu_dau_sai_chinh_ta[chung cu,thạnh ho,ho chi] | 1:gach_noi_giua_cap
dự án hpc landmark 105 - hà đông - hà nội	1:gach_noi_giua_cap
Dự án Khu đỗ thị Trang Keo - Hội An Quảng Nam	1:gach_noi_giua_cap
khang gia tân hương (lucky apartment) tân phú - sài gòn	1:gach_noi_giua_cap
585 trần xuân soạn, hồ chí minh	4:duoi_32_ky_tu
9/ 1 Đường Hùng Vương - khóm 4 - phường 7 - TP. Cà Mau	1:gach_noi_giua_cap
Đường An Dương Tây Hồ	4:duoi_32_ky_tu
đường xã đàn 2 hà nội	4:duoi_32_ky_tu
đường hóa sơn 2	4:duoi_32_ky_tu
mitec tower cầu giấy hà nội	4:duoi_32_ky_tu
đường trần quý cáp đống đa	4:duoi_32_ky_tu
thông phong hà nội	4:duoi_32_ky_tu
cao thắng hà đông, hà nội	4:duoi_32_ky_tu
đường cầu diễn - bắc từ liêm - hà nội	1:gach_noi_giua_cap
xo việt nghệ tỉnh - quận 1 - hồ chí minh	1:gach_noi_giua_cap
Dự án Đặng Xá 2 Nguyễn Đức Thuận Gia Lâm - Hà Nội	1:gach_noi_giua_cap
nghĩa tân đặng thùy trâm - cầu giấy hà nội	1:gach_noi_giua_cap
cát bi plaza - ngô quyền hải phòng	1:gach_noi_giua_cap
Xã Ia Ko	4:duoi_32_ky_tu
khu du lịch văn hóa suối tiên	4:duoi_32_ky_tu
đường thái sanh hạnh mỹ tho	4:duoi_32_ky_tu
16 - Nguyễn Thị Huỳnh - Phú Nhuận	1:gach_noi_giua_cap
Song Gia Resort Complex	3:keyword_la_toan_so | 4:duoi_32_ky_tu
cẩm tây - cẩm phả - quảng ninh	1:gach_noi_giua_cap | 4:duoi_32_ky_tu
37/ 2c đường 11 - gò vấp - hồ chí minh	1:gach_noi_giua_cap
southern dragon - âu cơ - tân phú - hồ chí minh	1:gach_noi_giua_cap
Đường Hai Bà Trưng, Quận 3	4:duoi_32_ky_tu
xuân thoi 15 - hóc môn hồ chí minh	0:thieu_dau_sai_chinh_ta[xuân thoi] | 1:gach_noi_giua_cap
dự án tiến thành - đường 1 xã tiến thành đồng xoài - bình phước	1:gach_noi_giua_cap
Phường Bưởi Hà Nội	4:duoi_32_ky_tu
phú thượng tây hồ	4:duoi_32_ky_tu
đường ngô thì sỹ - đà lạt	1:gach_noi_giua_cap | 4:duoi_32_ky_tu
hồng ngự đồng tháp	4:duoi_32_ky_tu
71/ 3 Chế Lan Viên - Tây Thạnh - Tân Phú	1:gach_noi_giua_cap
dự án megastar dominium c2 bắc từ liêm - hà nội	1:gach_noi_giua_cap
đường thăng long cẩm lệ - đà nẵng	1:gach_noi_giua_cap
đường 963 phú hữu quận 9	4:duoi_32_ky_tu
259 đường 3 phường bình trị đông b - bình tân - hồ chí minh	1:gach_noi_giua_cap
đường 26, thủ đức	4:duoi_32_ky_tu
dự án an lạc plaza đường kinh đường vuong bình tân hồ chí minh	0:thieu_dau_sai_chinh_ta[vuong,đường vuong]
phú điền hà nội	4:duoi_32_ky_tu
Nam Từ Liêm Hà Nội	4:duoi_32_ky_tu
Bàu Cát 6	4:duoi_32_ky_tu
Đại lộ Thăng Long - Nam Từ Liêm - Hà Nội	1:gach_noi_giua_cap
đường quốc hương quận 2	4:duoi_32_ky_tu
21/ 6 tân mỹ, quận 7	4:duoi_32_ky_tu
đường hồ xuân hương - đà lạt - lâm đồng	1:gach_noi_giua_cap
cầu diễn - bắc từ liêm hà nội	1:gach_noi_giua_cap | 4:duoi_32_ky_tu
Đường Trần Phú - Cẩm Phả - Quảng Ninh	1:gach_noi_giua_cap
đường lý tự trọng, hà nội	4:duoi_32_ky_tu
khương thượng, đống đa, hà nội	4:duoi_32_ky_tu
Đường Nghĩa Dũng Ba Đình Hà Nội	4:duoi_32_ky_tu
kim giang thành xuân	4:duoi_32_ky_tu
hiệp thành 49, hiệp thành, quận 12, hồ chí minh	2:trung_keyword[hiệp thành]
Dự án Chung cu Tân Mỹ, Quận 7 Tp Hồ Chí Minh	0:thieu_dau_sai_chinh_ta[chung cu]
KDC san bay Long Thành Long Thành Đồng Nai	2:trung_keyword[long thành]
cẩm bắc 5, cẩm lệ, đà nẵng	4:duoi_32_ky_tu
29 quốc tu giam đống đa hà nội	0:thieu_dau_sai_chinh_ta[quốc tu,tu giam] | 4:duoi_32_ky_tu
Phúc Thịnh Quận 5, Hồ Chí Minh	4:duoi_32_ky_tu
q. hải an - hải phòng	1:gach_noi_giua_cap | 4:duoi_32_ky_tu
đường hoàng diệu - xã xuân thành - long khánh - đồng nai	1:gach_noi_giua_cap
vũ trọng phụng - tân phú - hồ chí minh	1:gach_noi_giua_cap
Đường Nguyễn Cuu Dam - Phường Tân Quý Tân Phú Hồ Chí Minh	0:thieu_dau_sai_chinh_ta[nguyễn cuu,cuu dam] | 1:gach_noi_giua_cap
opal riverside - số 10 thủ đức - hồ chí minh	1:gach_noi_giua_cap
Đường Liên Khu 2 - 10	4:duoi_32_ky_tu
24 Bình Chánh, Hồ Chí Minh	4:duoi_32_ky_tu
Thuỷ Sơn 4, Đà Nẵng	4:duoi_32_ky_tu
95 - quận nhân - thanh xuân hà nội	1:gach_noi_giua_cap
diamond flower tower - đường lê văn lương - thanh xuân - hà nội	1:gach_noi_giua_cap
Đường Quốc Lộ 1A, Từ Sơn	4:duoi_32_ky_tu
đường chợ hàng	4:duoi_32_ky_tu
lê lam - tân phú	1:gach_noi_giua_cap | 4:duoi_32_ky_tu
dự án the everrich ii - đường đào trí - quận 7 - hồ chí minh	1:gach_noi_giua_cap
san cổ loa đông anh	4:duoi_32_ky_tu
Đường 1 Hóc Môn Hồ Chí Minh	4:duoi_32_ky_tu
dự án mỹ hưng - tân phong - nguyễn văn linh quận 7	1:gach_noi_giua_cap
cao lỗ hà nội	4:duoi_32_ky_tu
Phố 36 Quận 4 Hồ Chí Minh	4:duoi_32_ky_tu
số 2 bình hưng hòa b - bình tân	1:gach_noi_giua_cap | 4:duoi_32_ky_tu
Đường Kenh Tân Hòa Quận 11	0:thieu_dau_sai_chinh_ta[đường kenh] | 4:duoi_32_ky_tu
đường hồ tùng mậu - phường bến nghé - hồ chí minh	1:gach_noi_giua_cap
96 - Đại Cồ Việt	1:gach_noi_giua_cap | 4:duoi_32_ky_tu
Phố Hàng Buồm	4:duoi_32_ky_tu
phố xã đàn, đống đa, hà nội	4:duoi_32_ky_tu
hòa hảo quận 10	4:duoi_32_ky_tu
36/ 45 - bùi tu toan	1:gach_noi_giua_cap | 4:duoi_32_ky_tu
đường thiên phước - tân bình hồ chí minh	1:gach_noi_giua_cap
phan huy on - hồ chí minh	1:gach_noi_giua_cap | 4:duoi_32_ky_tu
Phổ Quang Trung Gò Vấp	4:duoi_32_ky_tu
nhà 80a - ngõ 76 - tổ 12 mậu lương kiến hưng	1:gach_noi_giua_cap
Đường Đông Phương Hồng	4:duoi_32_ky_tu
quận long biên - hà nội	1:gach_noi_giua_cap | 4:duoi_32_ky_tu
đường quốc lộ 5 yên mỹ	4:duoi_32_ky_tu
đường lê thanh	4:duoi_32_ky_tu
15 đỗ xuân hợp, quận 9	4:duoi_32_ky_tu
đường ba đình, quận 8	4:duoi_32_ky_tu
đường hiep nhat, tân bình, hồ chí minh	0:thieu_dau_sai_chinh_ta[hiep,nhat,đường hiep]
phường phú trung - tân phú - hồ chí minh	1:gach_noi_giua_cap
thạnh hòa - mỹ tho - tiền giang	1:gach_noi_giua_cap | 4:duoi_32_ky_tu
khu đô thị vinhomes riverside p. phúc lợi - hà nội	1:gach_noi_giua_cap
lê lai, quận 1, hồ chí minh	4:duoi_32_ky_tu
28/ 7A - Trường Chính - Quận 12	1:gach_noi_giua_cap | 4:duoi_32_ky_tu
Bùi Thị Xuân Đà Lạt Lâm Đồng	4:duoi_32_ky_tu
lavender city đt 768 - vĩnh cửu đồng nai	1:gach_noi_giua_cap
Bùi Văn Ngu - Quận 12	1:gach_noi_giua_cap | 4:duoi_32_ky_tu
d2 nối dài - bình thạnh - hồ chí minh	1:gach_noi_giua_cap
phường trưng trắc, phúc yên	4:duoi_32_ky_tu
goldsilk complex - hà đông - hà nội	1:gach_noi_giua_cap
165a nguyễn sinh sắc vinh	4:duoi_32_ky_tu
khu đỗ thị hà phong	4:duoi_32_ky_tu
dự án khu can ho thuan việt - quận 11 hồ chí minh	0:thieu_dau_sai_chinh_ta[can ho] | 1:gach_noi_giua_cap
Xã Ea Sar, Ea Kar	4:duoi_32_ky_tu
dự án huy hoàng - phường	1:gach_noi_giua_cap | 4:duoi_32_ky_tu
vsip 1 an phú, thuận an	4:duoi_32_ky_tu
đường bùi xương trạch - hoàng mai hà nội	1:gach_noi_giua_cap
đồng du hà nội	4:duoi_32_ky_tu
Đại Mỗ - Nam Từ Liêm - Hà Nội	1:gach_noi_giua_cap | 4:duoi_32_ky_tu
328	3:keyword_la_toan_so | 4:duoi_32_ky_tu
đường 16 phường linh trung	4:duoi_32_ky_tu
đường quảng an - tây hồ - hà nội	1:gach_noi_giua_cap
đường đào tong nguyễn, nhà bè	4:duoi_32_ky_tu
đường phạm hồng thái quận 9	4:duoi_32_ky_tu
hoàng hoa thám bình thạnh	4:duoi_32_ky_tu
phúc tân - hoàn kiếm hà nội	1:gach_noi_giua_cap | 4:duoi_32_ky_tu
khu căn hộ chánh hưng giai việt	4:duoi_32_ky_tu
Đường Phú Lộc 17 Đà Nẵng	4:duoi_32_ky_tu
Ecohome 2 - Đường Xuân Đỉnh Bắc Từ Liêm Hà Nội	1:gach_noi_giua_cap
Phố Quang Trung Gò Vấp	4:duoi_32_ky_tu
đường đại lộ thăng long - nam từ liêm - hà nội	1:gach_noi_giua_cap
An Hải 3, Sơn Trà	4:duoi_32_ky_tu
trần khánh dư - quận 1 - tp hồ chí minh	1:gach_noi_giua_cap
tân chánh hiệp 2 - quận 12 - hồ chí minh	1:gach_noi_giua_cap
xã ea sar - ea kar - đắk lắk	1:gach_noi_giua_cap | 4:duoi_32_ky_tu
Dự án Tháp Mười Merita, Đường Liên Phường Phường Phước Long B, Quận 9 Hồ Chí Minh	2:trung_keyword[phường phường]
đường quốc lộ 9 phường 5 - đông hà	1:gach_noi_giua_cap
Thanh phố Giao Lưu - Bắc Từ Liêm - Hà Nội	1:gach_noi_giua_cap
Phố Khuông Hà, Hà Nội	4:duoi_32_ky_tu
mỹ đình plaza - phố trần bình - nam từ liêm - hà nội	1:gach_noi_giua_cap
y wang buôn ma thuột	4:duoi_32_ky_tu
hòa hiệp bắc liên chiểu đà nẵng	4:duoi_32_ky_tu
Nghĩa Dũng Ba Đình, Hà Nội	4:duoi_32_ky_tu
Số 24A Bình Tân Hồ Chí Minh	4:duoi_32_ky_tu
đường 8, dĩ an, bình dương	4:duoi_32_ky_tu
Đường Quốc lộ 6 Phường Đồng Tiến - Hòa Bình	1:gach_noi_giua_cap
phố 36 phường bình trị đông	4:duoi_32_ky_tu
284 Đường Quang Ham Gò Vấp	4:duoi_32_ky_tu
Trung Mỹ, Tân Xuân, Hồ Chí Minh	4:duoi_32_ky_tu
104/ 2n - đường tân hiệp 16 - hóc môn	1:gach_noi_giua_cap
b4 - nam thành công - đống đa hà nội	1:gach_noi_giua_cap
122bis minh phung q6 quận 6	4:duoi_32_ky_tu
đường văn cao - hải châu	1:gach_noi_giua_cap | 4:duoi_32_ky_tu
lê lợi - quận 1 - hồ chí minh	1:gach_noi_giua_cap | 4:duoi_32_ky_tu
đường 4 phường 6, quận 8	4:duoi_32_ky_tu
khu đô thị chi đông	4:duoi_32_ky_tu
trần văn trà cẩm lệ, đà nẵng	4:duoi_32_ky_tu
Đường Quốc lộ 21A - Lương Sơn	1:gach_noi_giua_cap | 4:duoi_32_ky_tu
Nguyễn Văn Cừ Bà Rịa	4:duoi_32_ky_tu
7 H& # 7891; Ch&iacute; Minh	3:keyword_la_toan_so | 4:duoi_32_ky_tu
ngư phủ	4:duoi_32_ky_tu
Phường 1 Quận 3 Tp Hồ Chí Minh	4:duoi_32_ky_tu
114 nguyễn đức thuận, gia lâm	4:duoi_32_ky_tu
27/ 255 phố vong - hà nội	0:thieu_dau_sai_chinh_ta[vong hà] | 1:gach_noi_giua_cap | 4:duoi_32_ky_tu
ngõ 260	4:duoi_32_ky_tu
đường lê lâm tân phú	4:duoi_32_ky_tu
đường phan dinh giọt phường 2 tân bình hồ chí minh	0:thieu_dau_sai_chinh_ta[phan dinh]
thái nguyên nha trang khánh hòa	4:duoi_32_ky_tu
long châu yên phong	4:duoi_32_ky_tu
95 - quận nhân - thanh xuân - hà nội	1:gach_noi_giua_cap
phước đồng gò dầu	4:duoi_32_ky_tu
Đường Hùng Vương Cam Ranh	4:duoi_32_ky_tu
đường 28hbc - thủ đức - hồ chí minh	1:gach_noi_giua_cap
đường đội cấn vũng tàu	4:duoi_32_ky_tu
đường hồ ngọc lân	4:duoi_32_ky_tu
Thành Thái Phường 10 Quận 10	4:duoi_32_ky_tu
xã thiện trí - tiền giang	1:gach_noi_giua_cap | 4:duoi_32_ky_tu
đường chu văn an - phường bình chiểu thủ đức - hồ chí minh	1:gach_noi_giua_cap
hồng ngự, đồng tháp	4:duoi_32_ky_tu
trần hưng đạo hải an hải phòng	4:duoi_32_ky_tu
khu biet thu hưng thịnh đà lạt lâm đồng	0:thieu_dau_sai_chinh_ta[biet]
đường 138, quận 9, hồ chí minh	4:duoi_32_ky_tu
đường lê duẩn - phường an khê - thanh khê - đà nẵng	1:gach_noi_giua_cap
Đường 6 Thủ Dầu Một	4:duoi_32_ky_tu
Nguyễn Thị Bẹ, Cần Giuộc	4:duoi_32_ky_tu
college town bến cát bình dương	4:duoi_32_ky_tu
cu xã bắc hải	4:duoi_32_ky_tu
585 Trần Xuân Soạn Hồ Chí Minh	4:duoi_32_ky_tu
Đường Bến Phú Lâm - Quận 6 - Hồ Chí Minh	1:gach_noi_giua_cap
đường mỗ lao hà đông	4:duoi_32_ky_tu
tứ liên	4:duoi_32_ky_tu
đường bùi trong nghĩa - phường trảng dài	1:gach_noi_giua_cap
nguyễn kim, cẩm lệ đà nẵng	4:duoi_32_ky_tu
oceanami resort & luxury homes - đất đỏ - bà rịa vũng tàu	1:gach_noi_giua_cap
xã đinh trang hoà	4:duoi_32_ky_tu
Phan Huy Chú Sơn Trà	4:duoi_32_ky_tu
phạm tuấn tài - cầu giấy	1:gach_noi_giua_cap | 4:duoi_32_ky_tu
Lê Văn Thọ Gò Vấp, hồ chí minh	4:duoi_32_ky_tu
lý chính thắng, quận 1	4:duoi_32_ky_tu
phường hòa hiệp bắc, liên chiểu	4:duoi_32_ky_tu
Nhà số 3 - ngõ 591 Hoàng Hoa Thám - Ba Đình - Hà Nội	1:gach_noi_giua_cap
Đường Số 6 - Xã Phạm Văn Hai - Bình Chánh Hồ Chí Minh	1:gach_noi_giua_cap
khai quang - đường nguyễn tất thành - vĩnh yên - vĩnh phúc	1:gach_noi_giua_cap
688 lê đức thọ - p15 gò vấp	1:gach_noi_giua_cap | 4:duoi_32_ky_tu
hàm hiệp	4:duoi_32_ky_tu
Đường 1 - Bình Chánh	1:gach_noi_giua_cap | 4:duoi_32_ky_tu
Đường Tôn Đức Thắng, Liên Chiểu	4:duoi_32_ky_tu
Đường Tân Thái 1 - Phường Phước Mỹ Đà Nẵng	1:gach_noi_giua_cap
nha số 17 - đường 54 - quận 2	1:gach_noi_giua_cap | 4:duoi_32_ky_tu
đường long thới	4:duoi_32_ky_tu
liên chiểu đà nẵng	4:duoi_32_ky_tu
đường a6, khánh hòa	4:duoi_32_ky_tu
Nguyễn Văn Cừ - Bình Chánh - Hồ Chí Minh	1:gach_noi_giua_cap
xã gừng ré di	4:duoi_32_ky_tu
đường quốc lộ 43, bình dương	4:duoi_32_ky_tu
Đường Tố Hữu, Hải Châu Đà Nẵng	4:duoi_32_ky_tu
Ea Súp, Đắk Lắk	4:duoi_32_ky_tu
lac lon. g quận, cầu giấy hà nội	0:thieu_dau_sai_chinh_ta[lac]
đường cầu mới đống đa hà nội	4:duoi_32_ky_tu
số 19 - lộ giang 16 - cẩm lệ đà nẵng	1:gach_noi_giua_cap
phạm tuấn tài cầu giấy	4:duoi_32_ky_tu
nguyễn thúy - liên chiểu - đà nẵng	1:gach_noi_giua_cap
đường nguyễn dia lộ đà nẵng	4:duoi_32_ky_tu
đường dat thanh - phường 6 tân bình - hồ chí minh	0:thieu_dau_sai_chinh_ta[dat] | 1:gach_noi_giua_cap
đường nguyễn huệ, bình long	4:duoi_32_ky_tu
đường nam thới 1	4:duoi_32_ky_tu
null Phan Thiết Bình Thuận	4:duoi_32_ky_tu
đường 13, gò vấp	4:duoi_32_ky_tu
dự án vườn xuân - 71 nguyễn chí thanh, đống đa, hà nội	1:gach_noi_giua_cap
đường nguyễn mỹ ca	4:duoi_32_ky_tu
phố bà triệu - hoàn kiếm	1:gach_noi_giua_cap | 4:duoi_32_ky_tu
7 phố hàng cá - hoàn kiếm	1:gach_noi_giua_cap | 4:duoi_32_ky_tu
Đường Phạm Công Trứ Hồ Chí Minh	4:duoi_32_ky_tu
tòa nha sohude, số 331 nguyễn trong tuyen, phú nhuận	0:thieu_dau_sai_chinh_ta[tuyen]
đường nguyễn huệ - huế	1:gach_noi_giua_cap | 4:duoi_32_ky_tu
Phan Tứ Ngũ Hành Sơn	4:duoi_32_ky_tu
hóc môn hồ chí minh	4:duoi_32_ky_tu
Lê Thanh Nghị - Hải Châu	1:gach_noi_giua_cap | 4:duoi_32_ky_tu
ngõ 661 bạch đằng hoàn kiếm	4:duoi_32_ky_tu
đường số 6 bình tân	4:duoi_32_ky_tu
thông phong quận đống đa	4:duoi_32_ky_tu
Phú Nhuận - Nguyễn Huệ - Huế - Thừa Thiên Huế	1:gach_noi_giua_cap
đường tho nhuom - hà nội	0:thieu_dau_sai_chinh_ta[nhuom] | 1:gach_noi_giua_cap | 4:duoi_32_ky_tu
267bis/ 5 điện biên phủ - p. 7 q. 3	1:gach_noi_giua_cap
đường cầu đất hoàn kiếm	4:duoi_32_ky_tu
đường 15, quận 2 tp hồ chí minh	4:duoi_32_ky_tu
đường nguyễn chí thanh, quận 5	4:duoi_32_ky_tu
đường lê đại hành hồng bàng	4:duoi_32_ky_tu
Đường Giải Phóng - Nam Định	1:gach_noi_giua_cap | 4:duoi_32_ky_tu
the monarchy sơn trà, đà nẵng	4:duoi_32_ky_tu
quốc lộ 43, thuận an bình dương	4:duoi_32_ky_tu
xuân la - hà nội	1:gach_noi_giua_cap | 4:duoi_32_ky_tu
kdc cao cấp đại việt - đường nguyễn duy trinh quận 9 hồ chí minh	1:gach_noi_giua_cap
đường hiệp nhất	4:duoi_32_ky_tu
Trường Thịnh Ứng Hòa	4:duoi_32_ky_tu
tây nam đại hoc thuong mai lê đức thọ cầu giấy hà nội	0:thieu_dau_sai_chinh_ta[hoc,thuong]
1 bến vân đồn	4:duoi_32_ky_tu
Đường 10 Vũ Thư, Thái Bình	4:duoi_32_ky_tu
đường lê quang đạo tú sơn - bắc ninh	1:gach_noi_giua_cap
ngõ 172 bắc cầu, hà nội	4:duoi_32_ky_tu
cửa nam thợ nhuộm	4:duoi_32_ky_tu
thanh xuân 21 - quận 12 - hồ chí minh	1:gach_noi_giua_cap
phố lý thái tổ - quận 3 - hồ chí minh	1:gach_noi_giua_cap
vũng tàu plaza	4:duoi_32_ky_tu
đường quốc lộ 50 xã truong bình cần giuộc - long an	0:thieu_dau_sai_chinh_ta[truong,xã truong] | 1:gach_noi_giua_cap
đường đông ba - thuận an bình dương	1:gach_noi_giua_cap
478 đường nguyễn oanh	4:duoi_32_ky_tu
260	3:keyword_la_toan_so | 4:duoi_32_ky_tu
võ văn dung - đống đa - hà nội	1:gach_noi_giua_cap | 4:duoi_32_ky_tu
phường kim mã - phố vạn phúc ba đình hà nội	1:gach_noi_giua_cap
phước long	4:duoi_32_ky_tu
đường cẩm bắc 5, cẩm lệ	4:duoi_32_ky_tu
cẩm phả - quảng ninh	1:gach_noi_giua_cap | 4:duoi_32_ky_tu
phố lạch tray lê chân	4:duoi_32_ky_tu
dự án park riverside	4:duoi_32_ky_tu
Đường Liên Phường Phú Hữu Quận 9 - Hồ Chí Minh	1:gach_noi_giua_cap
đường nguyễn thái bình - bình dương	1:gach_noi_giua_cap
đường quang trung, đà nẵng	4:duoi_32_ky_tu
yết kiêu, hà đông hà nội	4:duoi_32_ky_tu
504 - kinh dương vương - bình tân - tp. hồ chí minh	1:gach_noi_giua_cap
đường tân chánh hiệp. quận 12 - hồ chí minh	1:gach_noi_giua_cap
đường n9 xã vĩnh tân - tân uyên	1:gach_noi_giua_cap | 4:duoi_32_ky_tu
Đường 10, Vũ Thư	4:duoi_32_ky_tu
phạm hùng, cầu giấy, hà nội	4:duoi_32_ky_tu
Đường Nguyễn Du Hoàn Kiếm - Hà Nội	1:gach_noi_giua_cap
11/ 172 đường nguyễn trãi - huế	1:gach_noi_giua_cap | 4:duoi_32_ky_tu
49 phố thúy lĩnh, lĩnh nam	4:duoi_32_ky_tu
Đường Tây Sơn Ba Đình Hà Nội	4:duoi_32_ky_tu
đường thành công ba đình	4:duoi_32_ky_tu
Dự án la paz tower - Hải Châu - Đà Nẵng	1:gach_noi_giua_cap
Đường Mỹ Phước, Thuận An	4:duoi_32_ky_tu
đường đinh bộ lĩnh phường 2 - mỹ tho - tiền giang	1:gach_noi_giua_cap
đường lê đình thám, tân phú	4:duoi_32_ky_tu
hiệp nhất	4:duoi_32_ky_tu
phường thach linh - tp hà tĩnh	0:thieu_dau_sai_chinh_ta[thach,phường thach] | 1:gach_noi_giua_cap | 4:duoi_32_ky_tu
b2 phường thành công - buôn ma thuột	1:gach_noi_giua_cap
Sông Đà Thủ Đức	4:duoi_32_ky_tu
đường 4, quận 8	4:duoi_32_ky_tu
c11 bình dương	4:duoi_32_ky_tu
Chu Văn Thịnh Sơn La	4:duoi_32_ky_tu
nguyễn hoàng nam tu liem	0:thieu_dau_sai_chinh_ta[liem,nam tu,tu liem] | 4:duoi_32_ky_tu
232 - phố độc lập phường cẩm sơn cẩm phả quảng ninh	1:gach_noi_giua_cap
đường tam bình - linh đông	1:gach_noi_giua_cap | 4:duoi_32_ky_tu
tms land hùng vương - phường trưng nhị	1:gach_noi_giua_cap
20 đường nguyễn chánh, cầu giấy	4:duoi_32_ky_tu
thạnh lộc 15 - thạnh xuân quận 12 hồ chí minh	1:gach_noi_giua_cap
178/ 15 phạm văn bạch, tân bình	4:duoi_32_ky_tu
Phan Khôi - Cẩm Lệ Đà Nẵng	1:gach_noi_giua_cap | 4:duoi_32_ky_tu
Phố Đà Nẵng - Hải An Hải Phòng	1:gach_noi_giua_cap | 4:duoi_32_ky_tu
31/ 39 - ung văn khiêm phường 25 q. bình thạnh - hồ chí minh	1:gach_noi_giua_cap
đường hùng vương - vũng tàu	1:gach_noi_giua_cap | 4:duoi_32_ky_tu
dự án central plaza 91 phạm văn hai - tân bình hồ chí minh	1:gach_noi_giua_cap
Hòn Đất, Kiên Giang	4:duoi_32_ky_tu
Trung Hòa, Cầu Giấy, Hà Nội	4:duoi_32_ky_tu
đường truong quyen, sơn trà, đà nẵng	0:thieu_dau_sai_chinh_ta[truong,quyen,đường truong]
đường thành công - ba đình	1:gach_noi_giua_cap | 4:duoi_32_ky_tu
đường tx 14 - quận 12 - hồ chí minh	1:gach_noi_giua_cap
Đường Xô Viết Nghệ Tĩnh - Bình Thạnh Hồ Chí Minh	1:gach_noi_giua_cap
đường su văn hanh phường 10 - quận 10 hồ chí minh	1:gach_noi_giua_cap
68/ 17A Đường Trần Quang Khải - Quận 1	1:gach_noi_giua_cap
phường trảng dài đường 768b - đồng nai	1:gach_noi_giua_cap
Đường Kha Vạn Cân, Thủ Đức	4:duoi_32_ky_tu
dự án an hà riverside - đức hòa long an	1:gach_noi_giua_cap
đường hòa định	4:duoi_32_ky_tu
xã đường lâm	4:duoi_32_ky_tu
Bình Hưng Hòa B Hương lộ	4:duoi_32_ky_tu
đường 28 thủ đức, hồ chí minh	4:duoi_32_ky_tu
33/ lý văn phức, hồ chí minh	4:duoi_32_ky_tu
the splendor	3:keyword_la_toan_so | 4:duoi_32_ky_tu
can ho vĩnh tường, bình tân, hồ chí minh	0:thieu_dau_sai_chinh_ta[can ho]
đường yên khê 1 đà nẵng	4:duoi_32_ky_tu
Đường 4 - Phường 6 - Quận 8	1:gach_noi_giua_cap | 4:duoi_32_ky_tu
đường an thạnh - bến lức - long an	1:gach_noi_giua_cap
vsip ii bình dương	4:duoi_32_ky_tu
dự án	4:duoi_32_ky_tu
Hoàng Hoa Thám, Bắc Giang	4:duoi_32_ky_tu
tân ước, thanh oai	4:duoi_32_ky_tu
yên thường, gia lâm	4:duoi_32_ky_tu
đường thong phong	0:thieu_dau_sai_chinh_ta[đường thong,thong phong] | 4:duoi_32_ky_tu
cua lap - đường tổ - phú quốc	0:thieu_dau_sai_chinh_ta[lap] | 1:gach_noi_giua_cap | 4:duoi_32_ky_tu
299 Đường Âu Cơ Hà Nội	4:duoi_32_ky_tu
Thôn Hà Đông - Điện Bàn - Qủang Nam	1:gach_noi_giua_cap
Đường 311	4:duoi_32_ky_tu
Thuỷ Sơn 5	4:duoi_32_ky_tu
hoja villa - phước long b - quận 9	1:gach_noi_giua_cap
đường cầu đất, hoàn kiếm	4:duoi_32_ky_tu
tân bình tp hồ chí minh	4:duoi_32_ky_tu
đường an hòa 2 - cẩm lệ - đà nẵng	1:gach_noi_giua_cap
đường trần mai ninh - tân bình	1:gach_noi_giua_cap | 4:duoi_32_ky_tu
10 đường quan hoa hà nội	0:thieu_dau_sai_chinh_ta[đường quan] | 4:duoi_32_ky_tu
Cách Mạng Tháng Tám Cẩm Lệ	4:duoi_32_ky_tu
Dự án Tân Tạo Garden - Bình Chánh Hồ Chí Minh	1:gach_noi_giua_cap
019 nhạc sơn - phường kim tân	1:gach_noi_giua_cap | 4:duoi_32_ky_tu
104 đường kha văn can - hồ chí minh	1:gach_noi_giua_cap
Đường Trần Huy Liệu Quận 3	4:duoi_32_ky_tu
21/ 6, tân mỹ - quận 7 - hồ chí minh	1:gach_noi_giua_cap
can ho sunriver - quận 7 hồ chí minh	0:thieu_dau_sai_chinh_ta[can ho] | 1:gach_noi_giua_cap
Phường 2, Vũng Tàu	4:duoi_32_ky_tu
ngô thì sỹ đà lạt	4:duoi_32_ky_tu
đường y wang, đắk lắk	4:duoi_32_ky_tu
khu dân cư phùng hưng	4:duoi_32_ky_tu
9/ 12 - đường 8 - thủ đức hồ chí minh	1:gach_noi_giua_cap
đường b6 - phường 12 - tân bình - hồ chí minh	1:gach_noi_giua_cap
khuê mỹ ngũ hành sơn	4:duoi_32_ky_tu
đường đại lộ thăng long - nam từ liêm hà nội	1:gach_noi_giua_cap
Quảng Khê Đắk Nông	4:duoi_32_ky_tu
Dự án Can ho 8X Thái An Gò Vấp Sài Gòn	0:thieu_dau_sai_chinh_ta[can ho]
đường bau mac 3 đà nẵng	0:thieu_dau_sai_chinh_ta[mac] | 4:duoi_32_ky_tu
đường tân thới nhất 6 - hồ chí minh	1:gach_noi_giua_cap
Đường Lê Xuân Đào Vinh Nghệ An	4:duoi_32_ky_tu
phố an dương vương - tây hồ - hà nội	1:gach_noi_giua_cap
Đường Bùi Thị Xuân Tân Bình	4:duoi_32_ky_tu
đường 10 vũ thư thái bình	4:duoi_32_ky_tu
Phố Nguyễn Siêu - Đà Lạt - Lâm Đồng	1:gach_noi_giua_cap
nguyễn tieu la phường 5 quận 10	4:duoi_32_ky_tu
lê văn khương thới an	4:duoi_32_ky_tu
104 kha văn can - hồ chí minh	1:gach_noi_giua_cap | 4:duoi_32_ky_tu
92 Thống Nhất P. 10 - Q. Gò Vấp	1:gach_noi_giua_cap | 4:duoi_32_ky_tu
Xã Mỹ Xuân - Bà Rịa Vũng Tàu	1:gach_noi_giua_cap | 4:duoi_32_ky_tu
xã phú nghĩa - chương mỹ - hà nội	1:gach_noi_giua_cap
ngõ 298/ 77/ 25/ 38 - đường ngọc hồi - thanh trì	1:gach_noi_giua_cap
Đường Lê Lợi Hóc Môn	4:duoi_32_ky_tu
that sơn	0:thieu_dau_sai_chinh_ta[that] | 4:duoi_32_ky_tu
nguyễn chí thanh đống đa	4:duoi_32_ky_tu
phường 9 mỹ tho - tiền giang	1:gach_noi_giua_cap | 4:duoi_32_ky_tu
xã vĩnh lương hòn nghê - nha trang - khánh hòa	1:gach_noi_giua_cap
tân ước - thanh oai - hà nội	1:gach_noi_giua_cap | 4:duoi_32_ky_tu
chung cư phú sơn	4:duoi_32_ky_tu
Hồ Chí Minh - Dầu Tiếng	1:gach_noi_giua_cap | 4:duoi_32_ky_tu
tố hữu, hà đông, hà nội	4:duoi_32_ky_tu
585 trần xuân soạn - hồ chí minh	1:gach_noi_giua_cap
trảng bàng - tây ninh	1:gach_noi_giua_cap | 4:duoi_32_ky_tu
ngọc lan apartment	4:duoi_32_ky_tu
hoàng sĩ khải - đà nẵng	1:gach_noi_giua_cap | 4:duoi_32_ky_tu
21 5719	3:keyword_la_toan_so | 4:duoi_32_ky_tu
số 8 - ngach 514/ 32 - ngõ 514 - trần cung - bắc từ liêm	0:thieu_dau_sai_chinh_ta[ngach] | 1:gach_noi_giua_cap
đường 7a quận 11	4:duoi_32_ky_tu
Nguyễn Thị Định Phủ Lý Hà Nam	4:duoi_32_ky_tu
đường chieu anh cac - hồ chí minh	0:thieu_dau_sai_chinh_ta[cac] | 1:gach_noi_giua_cap
đường láng hạ, ba đình, hà nội	4:duoi_32_ky_tu
202 Nguyễn An Ninh - Vũng Tàu	1:gach_noi_giua_cap | 4:duoi_32_ky_tu
đường niem xã - bắc ninh	0:thieu_dau_sai_chinh_ta[niem] | 1:gach_noi_giua_cap | 4:duoi_32_ky_tu
TX 14 - Quận 12 Hồ Chí Minh	1:gach_noi_giua_cap | 4:duoi_32_ky_tu
dự án preche - quận 2 - hồ chí minh	1:gach_noi_giua_cap
đường thạnh lộc 40 hồ chí minh	4:duoi_32_ky_tu
phường thạch linh - tp hà tĩnh	1:gach_noi_giua_cap | 4:duoi_32_ky_tu
Đường Tam Đa Hồ Chí Minh	4:duoi_32_ky_tu
xã tân lợi vành đai - buôn ma thuột	1:gach_noi_giua_cap
24 - Bình Chánh Hồ Chí Minh	1:gach_noi_giua_cap | 4:duoi_32_ky_tu
Đường Bùi Trong Nghĩa - Trảng Dài	1:gach_noi_giua_cap
xô viết nghệ tĩnh - bình thạnh - hồ chí minh	1:gach_noi_giua_cap
Lý Phuc Man, Phường Bình Thuận, Quận 7	0:thieu_dau_sai_chinh_ta[phuc]
đường nguyễn công trứ hạ long - quảng ninh	1:gach_noi_giua_cap
gia lâm, hà nội	4:duoi_32_ky_tu
dự án khu cao oc hồng tân bình tân, hồ chí minh	0:thieu_dau_sai_chinh_ta[oc]
324 đường tân sơn nhì tân phú	4:duoi_32_ky_tu
Đường 12, Gò Vấp Hồ Chí Minh	4:duoi_32_ky_tu
đường đội cấn vĩnh yên	4:duoi_32_ky_tu
quốc lộ 1a xã phạm văn hai - bình chánh hồ chí minh	1:gach_noi_giua_cap
Dự án Nam Trung Yên - CD2 - Cầu Giấy - Hà Nội	1:gach_noi_giua_cap
lê trực - ba đình - hà nội	1:gach_noi_giua_cap | 4:duoi_32_ky_tu
xã núi thành - quảng nam	1:gach_noi_giua_cap | 4:duoi_32_ky_tu
thung nai cao phong hòa bình	4:duoi_32_ky_tu
đường 3 bình tân	4:duoi_32_ky_tu
Vi Ba Bà Rịa Vũng Tàu	4:duoi_32_ky_tu
đường dx 067, bình dương	4:duoi_32_ky_tu
phố nam cao quận 9	4:duoi_32_ky_tu
a21 - hùng vương - bình thuận	1:gach_noi_giua_cap | 4:duoi_32_ky_tu
dự án chung cu	0:thieu_dau_sai_chinh_ta[chung cu] | 4:duoi_32_ky_tu
Nghiem Xuân Yem Thanh Trì Hà Nội	0:thieu_dau_sai_chinh_ta[nghiem,yem]
hẻm 493 - cách mạng tháng tám quận 10 - hồ chí minh	1:gach_noi_giua_cap
đường lê đỉnh tam kỳ quảng nam	4:duoi_32_ky_tu
15 - quang lãm - hà nội	1:gach_noi_giua_cap | 4:duoi_32_ky_tu
Giải Phóng - Thanh Xuân	1:gach_noi_giua_cap | 4:duoi_32_ky_tu
Phường 13 Hòa Hưng	4:duoi_32_ky_tu
hẻm 888 - phường 11 - vũng tàu	1:gach_noi_giua_cap | 4:duoi_32_ky_tu
Đường Bà Điểm - Hóc Môn Hồ Chí Minh	1:gach_noi_giua_cap
đường ton hai	4:duoi_32_ky_tu
441/ 27 - nguyễn đình chiểu phường 5 - quận 3 - hồ chí minh	1:gach_noi_giua_cap
tang 28 phong 18 ct10a chung cu... - hà nội	0:thieu_dau_sai_chinh_ta[chung cu,cu hà] | 1:gach_noi_giua_cap
đường cát bi	4:duoi_32_ky_tu
Quảng Tiến Đồng Nai	4:duoi_32_ky_tu
Nguyễn Lâm Phường 6 Quận 10	4:duoi_32_ky_tu
số 38 ngach 93 vạn hương, đống đa, hà nội	0:thieu_dau_sai_chinh_ta[ngach]
đường bùi thanh khiet	0:thieu_dau_sai_chinh_ta[khiet] | 4:duoi_32_ky_tu
Chung cu Z751 Hà Đỗ	0:thieu_dau_sai_chinh_ta[chung cu] | 4:duoi_32_ky_tu
Gemek Tower	4:duoi_32_ky_tu
Phố Hàng Ga - Hoàn Kiếm	1:gach_noi_giua_cap | 4:duoi_32_ky_tu
đường đồng khởi quận 1ho chí minh	0:thieu_dau_sai_chinh_ta[quận ho,ho chí]
thôn dinh vi	4:duoi_32_ky_tu
dự án vista verde - phường	1:gach_noi_giua_cap | 4:duoi_32_ky_tu
đường thành thái, hồ chí minh	4:duoi_32_ky_tu
đường kênh 9	4:duoi_32_ky_tu
Nguyễn Phúc Lan - Huế Thừa Thiên Huế	1:gach_noi_giua_cap
hương lộ 10 bến lức long an	4:duoi_32_ky_tu
Chua Lang - Đống Đa - Hà Nội	1:gach_noi_giua_cap | 4:duoi_32_ky_tu
25/ 38 Đoàn Gioi P. Sơn Kỳ Q. Tân Phú Hồ Chí Minh	0:thieu_dau_sai_chinh_ta[đoàn gioi]
khu can ho sacomreal - 584	0:thieu_dau_sai_chinh_ta[can ho] | 1:gach_noi_giua_cap | 4:duoi_32_ky_tu
green park - bình tân	1:gach_noi_giua_cap | 4:duoi_32_ky_tu
đường dang thuy tram hải châu	4:duoi_32_ky_tu
hóc môn - hồ chí minh	1:gach_noi_giua_cap | 4:duoi_32_ky_tu
liên xã ea kar	4:duoi_32_ky_tu
lưu khai hồng, củ chi	4:duoi_32_ky_tu
Đường Lê Văn Khương P Thới An	4:duoi_32_ky_tu
nguyễn hoàng tôn, tây hồ	4:duoi_32_ky_tu
đường 4 - phường long trường - quận 9 - hồ chí minh	1:gach_noi_giua_cap
trần cao vân, hội an quảng nam	4:duoi_32_ky_tu
đường 8, quận 9, hồ chí minh	4:duoi_32_ky_tu
đường lê duẩn - hải châu	1:gach_noi_giua_cap | 4:duoi_32_ky_tu
Đường Chợ Lũng	4:duoi_32_ky_tu
đường trần hưng đạo - mỵ bình	1:gach_noi_giua_cap | 4:duoi_32_ky_tu
Lotte Center Hà Nội	4:duoi_32_ky_tu
bạch mai - hai bà trưng	1:gach_noi_giua_cap | 4:duoi_32_ky_tu
huyện bình long - bình phước	1:gach_noi_giua_cap | 4:duoi_32_ky_tu
grand world xã gành dầu	4:duoi_32_ky_tu
29 quốc tử giám đống đa hà nội	4:duoi_32_ky_tu
đường hung nhơn bình chanh hồ chí minh	0:thieu_dau_sai_chinh_ta[đường hung,bình chanh,chanh hồ]
đường long thới - nhà bè	1:gach_noi_giua_cap | 4:duoi_32_ky_tu
ba đình - quận 8 hồ chí minh	1:gach_noi_giua_cap | 4:duoi_32_ky_tu
phan tây hồ - phường 7	1:gach_noi_giua_cap | 4:duoi_32_ky_tu
Phố 52 Thủ Đức Hồ Chí Minh	4:duoi_32_ky_tu
xã đông sơn tam điệp	4:duoi_32_ky_tu
thôn bạch mai an kim hải - xã hồng thái an dương hải phòng	1:gach_noi_giua_cap
phố trần phú - hoàn kiếm	1:gach_noi_giua_cap | 4:duoi_32_ky_tu
Bạch Đằng - Hồng Bàng	1:gach_noi_giua_cap | 4:duoi_32_ky_tu
111 lũy bán bích tân phú	4:duoi_32_ky_tu
dự án danang beach resort, ngũ hành sơn, đà nẵng	0:thieu_dau_sai_chinh_ta[beach]
carillon 3 tân bình sài gòn	4:duoi_32_ky_tu
quảng an xuân diệu tây hồ - hà nội	1:gach_noi_giua_cap
Đường 6, Bến Lức, Long An	4:duoi_32_ky_tu
db8 bình dương	4:duoi_32_ky_tu
Nguyễn Xiển - Hoàng Mai	1:gach_noi_giua_cap | 4:duoi_32_ky_tu
đường 29 phường	4:duoi_32_ky_tu
Quận 10 - Hồ Chí Minh	1:gach_noi_giua_cap | 4:duoi_32_ky_tu
đường liên khu 2 - 10 - bình tân	1:gach_noi_giua_cap
tân phong - biên hoà	1:gach_noi_giua_cap | 4:duoi_32_ky_tu
khu sadeco giai tri phương tân phong - quận 7 - tp hồ chí minh	1:gach_noi_giua_cap
585 trần xuân soạn - quận 7	1:gach_noi_giua_cap | 4:duoi_32_ky_tu
phố thị sách - ngô thì nhậm hai bà trưng - hà nội	1:gach_noi_giua_cap
D4 Tân Bình Dĩ An Bình Dương	4:duoi_32_ky_tu
2c - trần khánh dư - quận 1 - hồ chí minh	1:gach_noi_giua_cap
Đường Phan Lang 11	4:duoi_32_ky_tu
văn miếu đường lâm sơn tây	4:duoi_32_ky_tu
Đường Hồng Bàng, Quận 11	4:duoi_32_ky_tu
đường 2 tân bình	4:duoi_32_ky_tu
phước đông tây ninh	4:duoi_32_ky_tu
994 - đường huỳnh tấn phát - quận 7	1:gach_noi_giua_cap
hòn đất kiến giang	4:duoi_32_ky_tu
đường 9 thủ đức, hồ chí minh	4:duoi_32_ky_tu
phạm tuan tai, cầu giấy	4:duoi_32_ky_tu
31/ 39 - ung văn khiêm - phường 25 q. bình thạnh	1:gach_noi_giua_cap
14 Đường Đống Đa Bình Thạnh	4:duoi_32_ky_tu
Quảng An Hà Nội	4:duoi_32_ky_tu
trần minh quyen, quận 10 hồ chí minh	0:thieu_dau_sai_chinh_ta[quyen]
đường d1 bến cát bình dương	4:duoi_32_ky_tu
phường 9 - mỹ tho - tiền giang	1:gach_noi_giua_cap | 4:duoi_32_ky_tu
tam bình - phường linh đông - hồ chí minh	1:gach_noi_giua_cap
Đường Yên Vĩnh	4:duoi_32_ky_tu
An Trung 1	3:keyword_la_toan_so | 4:duoi_32_ky_tu
vincom thái bình	4:duoi_32_ky_tu
đường nguyễn văn cừ - phường hà tu - hạ long - quảng ninh	1:gach_noi_giua_cap
phúc diễn bắc từ liêm hà nội	4:duoi_32_ky_tu
Đường An Thượng 1 - Sơn Trà	1:gach_noi_giua_cap | 4:duoi_32_ky_tu
bạch văn quán 5 tp hồ chí minh	4:duoi_32_ky_tu
đường 1a kdc nam hưng vuong - phường an lạc - hồ chí minh	0:thieu_dau_sai_chinh_ta[vuong,hưng vuong,vuong phường] | 1:gach_noi_giua_cap
đường 3 ninh kiều - cần thơ	1:gach_noi_giua_cap | 4:duoi_32_ky_tu
Đường Duy Tân, Thừa Thiên Huế	4:duoi_32_ky_tu
Võng Thị Hà Nội	4:duoi_32_ky_tu
Lê Duẩn, Thị trấn Long Thành, Long Thành, Đồng Nai	2:trung_keyword[long thành]
1103 - đường Nguyễn Văn Linh - An Dương Hải Phòng	1:gach_noi_giua_cap
huỳnh ngọc huế thanh khê	4:duoi_32_ky_tu
đường nhu nguyệt	4:duoi_32_ky_tu
daresco residence (đức hòa iii resco) - xã đức lập thượng - long an	1:gach_noi_giua_cap
phạm ngọc thạch phù đổng - gia lâm	1:gach_noi_giua_cap
dự án khu can ho everville - bình tân - hồ chí minh	0:thieu_dau_sai_chinh_ta[can ho] | 1:gach_noi_giua_cap
phố yên thái nguyễn	4:duoi_32_ky_tu
đường hoa phường	4:duoi_32_ky_tu
Hòn Nghê, Khánh Hòa	4:duoi_32_ky_tu
huyện Củ Chi, Tp Hồ Chí Minh	4:duoi_32_ky_tu
đại lộ độc lập, bình dương	4:duoi_32_ky_tu
Dự án Western Dragon Đường 7 - Phường An Lạc A Bình Tân Hồ Chí Minh	1:gach_noi_giua_cap
7 191/ 35 lạc long quân - tây hồ - hà nội	1:gach_noi_giua_cap
đường phú lộc 17 - đà nẵng	1:gach_noi_giua_cap | 4:duoi_32_ky_tu
dự án hei tower dien luc nhân chính nguy nhu kon tum thanh xuân hà nội	0:thieu_dau_sai_chinh_ta[dien,luc]
quốc lộ 5, an dương	4:duoi_32_ky_tu
Đường Lê Bình Cái Răng Cần Thơ	4:duoi_32_ky_tu
đường nguyễn hồng - phường 1 gò vấp	1:gach_noi_giua_cap
Tỉnh Lộ 47 Cửa Dương	4:duoi_32_ky_tu
đường đê la thành ba đình	4:duoi_32_ky_tu
cây da - hồ chí minh	1:gach_noi_giua_cap | 4:duoi_32_ky_tu
phường 7 quận 5	4:duoi_32_ky_tu
yên thượng gia lâm	4:duoi_32_ky_tu
phố huế hoàn kiếm, hà nội	4:duoi_32_ky_tu
đường trung hoà hà nội	4:duoi_32_ky_tu
thạnh lộc dân	4:duoi_32_ky_tu
vạn phúc - ba đình - hà nội	1:gach_noi_giua_cap | 4:duoi_32_ky_tu
khu hưng phước quận 7	4:duoi_32_ky_tu
triệu việt vuong hai bà trưng hà nội	0:thieu_dau_sai_chinh_ta[vuong]
đường k19	4:duoi_32_ky_tu
90 - nguyễn tuân thanh xuân	1:gach_noi_giua_cap | 4:duoi_32_ky_tu
richland hill	3:keyword_la_toan_so | 4:duoi_32_ky_tu
hẻm 5m trần quang cơ - tân phú hồ chí minh	1:gach_noi_giua_cap
đường lương thế vinh, long xuyên	0:thieu_dau_sai_chinh_ta[vinh long]
đường phước lộc	4:duoi_32_ky_tu
262/ 9 - lũy bán bích - tân phú	1:gach_noi_giua_cap | 4:duoi_32_ky_tu
Đoàn Gioi Tân Phú	0:thieu_dau_sai_chinh_ta[đoàn gioi] | 4:duoi_32_ky_tu
xô viết nghệ tĩnh - quận 1 - hồ chí minh	1:gach_noi_giua_cap
Đường Cái Lân Giếng Đáy	4:duoi_32_ky_tu
265/ 4 đống đa hải châu đà nẵng	4:duoi_32_ky_tu
đường thủ khoa huân đà lạt - lâm đồng	1:gach_noi_giua_cap
quốc lộ 1a cai lậy, tiền giang	4:duoi_32_ky_tu
đường vành đai trong - bình tân	1:gach_noi_giua_cap | 4:duoi_32_ky_tu
dự án văn phòng và căn hộ cao cấp licogi 13 tower - thanh xuân hà nội	1:gach_noi_giua_cap
450/ 41 Đoàn Văn Bo Hồ Chí Minh	4:duoi_32_ky_tu
quang trung gò vấp	4:duoi_32_ky_tu
Đường Vạn Bảo	4:duoi_32_ky_tu
đường dx 068 bình dương	4:duoi_32_ky_tu
phố vọng hà nội	4:duoi_32_ky_tu
đường đường dinh nghệ, đà nẵng	0:thieu_dau_sai_chinh_ta[đường dinh] | 2:trung_keyword[đường đường] | 4:duoi_32_ky_tu
nguyễn hoàng nam từ liêm	4:duoi_32_ky_tu
số 14 quận 7	4:duoi_32_ky_tu
golden center city - đường 13 - bến cát	1:gach_noi_giua_cap
135/ 1/ 12 Nguyễn Hữu Cảnh - P. 22 - Q. Bình Thạnh	1:gach_noi_giua_cap
29 phố láng hạ - ba đình - hà nội	1:gach_noi_giua_cap
đường quang trung - gò vấp - hồ chí minh	1:gach_noi_giua_cap
xã ea sar ea kar đắk lắk	4:duoi_32_ky_tu
đường tỉnh lộ 884 - bến tre	1:gach_noi_giua_cap | 4:duoi_32_ky_tu
nguyễn văn bứa - xuân thới sơn - hóc môn - hồ chí minh	1:gach_noi_giua_cap
vp6 linh đàm - hoàng liệt - phường thịnh liệt - hoàng mai - hà nội	1:gach_noi_giua_cap
ho quy lý thanh khê, đà nẵng	4:duoi_32_ky_tu
Nguyễn Khánh Toan - Phường Vĩnh Hải - Nha Trang	1:gach_noi_giua_cap
44 Nguyễn Du, Đà Nẵng	4:duoi_32_ky_tu
đường bùi thị xuân phường cô giang - quận 1 hồ chí minh	1:gach_noi_giua_cap
trung hanh - hải an - hải phòng	1:gach_noi_giua_cap | 4:duoi_32_ky_tu
bạch đằng - đường vân đồn - hà nội	1:gach_noi_giua_cap
discovery complex cầu giấy - hà nội	1:gach_noi_giua_cap
Trần Hưng Đạo Hải An, Hải Phòng	4:duoi_32_ky_tu
Đình Vĩ, Xã Yên Thường, Hà Nội	4:duoi_32_ky_tu
đường đồ chiểu vũng tàu	4:duoi_32_ky_tu
đường duy tân, huế	4:duoi_32_ky_tu
Đường Nguyễn Văn Bua xã xuân thới sơn - Hóc Môn	0:thieu_dau_sai_chinh_ta[văn bua] | 1:gach_noi_giua_cap
đường thiên lôi - lê chân hải phòng	1:gach_noi_giua_cap
phố đà nẵng, hải an, hải phòng	4:duoi_32_ky_tu
Dự án Mỹ Toàn 2 - Đường Phạm Thái Bường - Hồ Chí Minh	1:gach_noi_giua_cap
Dự án Vinhomes Riverside - Đường Hoa Phường 3 - Phường Phúc Lợi - Long Biên - Hà Nội	1:gach_noi_giua_cap | 2:trung_keyword[phường phường]
phú khánh thái bình	4:duoi_32_ky_tu
phú lãm, hà đông hà nội	4:duoi_32_ky_tu
đường hồ đá	4:duoi_32_ky_tu
ô chợ dừa - phường hàng bột - đống đa - hà nội	1:gach_noi_giua_cap
Đường Hương Lộ 15, Vĩnh Cửu	4:duoi_32_ky_tu
số 19 lộ giang 16, đà nẵng	4:duoi_32_ky_tu
Đường Phạm Thế Hiển, Hải Châu	4:duoi_32_ky_tu
33/ đường lý văn phức quận 1	4:duoi_32_ky_tu
lê đức thọ, gò vấp	4:duoi_32_ky_tu
Nguyễn Đình Chiểu, Quận 1	4:duoi_32_ky_tu
văn miếu đường lâm hà nội	4:duoi_32_ky_tu
kim mã ba đình	4:duoi_32_ky_tu
nguyễn văn luông phường 10 - quận 6	1:gach_noi_giua_cap
67 Lê Văn Tam, Vinh, Nghệ An	4:duoi_32_ky_tu
Đường Hưng Phú, Cần Thơ	4:duoi_32_ky_tu
phường 6 nhat tao - quận 10 - hồ chí minh	0:thieu_dau_sai_chinh_ta[nhat] | 1:gach_noi_giua_cap
tô ký, quận 12, hồ chí minh	4:duoi_32_ky_tu
Giảng Võ, Đống Đa	4:duoi_32_ky_tu
tân lập 1 tân phước tiền giang	4:duoi_32_ky_tu
V - Star - Phú Thuận - Quận 7	1:gach_noi_giua_cap | 4:duoi_32_ky_tu
đường tô ký - quận 12	1:gach_noi_giua_cap | 4:duoi_32_ky_tu
da man ngũ hành sơn - đà nẵng	1:gach_noi_giua_cap | 4:duoi_32_ky_tu
Hoàng Văn Thụ phường 4 Tân Bình - Hồ Chí Minh	1:gach_noi_giua_cap
1008/ 16 đường trường sa p12 - quận 3	1:gach_noi_giua_cap
đường liễu ngoại - hà nội	1:gach_noi_giua_cap | 4:duoi_32_ky_tu
phố chợ gạo	4:duoi_32_ky_tu
tân hòa, vĩnh bảo, hải phòng	4:duoi_32_ky_tu
90 nguyễn tuan thanh xuân	4:duoi_32_ky_tu
cao kỳ văn - bắc giang	1:gach_noi_giua_cap | 4:duoi_32_ky_tu
ford thăng long láng - đống đa	1:gach_noi_giua_cap | 4:duoi_32_ky_tu
đường dx 090 - thủ dầu một bình dương	1:gach_noi_giua_cap
lê văn lương, cần giuộc	4:duoi_32_ky_tu
đường 15 quận 2 tp hồ chí minh	4:duoi_32_ky_tu
quảng khê, đăk glong, đắk nông	4:duoi_32_ky_tu
dự án opal riverside đường số 10 - phường hiệp bình chánh - thủ đức - hồ chí minh	1:gach_noi_giua_cap
ton dân an khe thanh khê đà nẵng	0:thieu_dau_sai_chinh_ta[an khe,khe thanh]
Phú Hòa Thoại Sơn An Giang	4:duoi_32_ky_tu
Xã Đại Mỗ Nam Từ Liêm Hà N. oi	4:duoi_32_ky_tu
Xã Phú Hòa Thoại Sơn - An Giang	1:gach_noi_giua_cap | 4:duoi_32_ky_tu
đường hồ hảo hớn - quận 1	1:gach_noi_giua_cap | 4:duoi_32_ky_tu
chung cư cienco1	4:duoi_32_ky_tu
228a - phan văn hân - bình thạnh hồ chí minh	1:gach_noi_giua_cap
phường 9 mỹ tho	4:duoi_32_ky_tu
88 đường 49 thủ đức hồ chí minh	4:duoi_32_ky_tu
đường 19 bình chánh hồ chí minh	4:duoi_32_ky_tu
bến đoan	4:duoi_32_ky_tu
Đường 35 - Thủ Đức	1:gach_noi_giua_cap | 4:duoi_32_ky_tu
đường 5 - bình tân	1:gach_noi_giua_cap | 4:duoi_32_ky_tu
dự án phố cho điện ngọc - điện bàn - quảng nam	1:gach_noi_giua_cap
đường 33 quận 7	4:duoi_32_ky_tu
Phường Tân Hồng Từ Sơn	4:duoi_32_ky_tu
xã tiên lãng, hải phòng	4:duoi_32_ky_tu
lavita garden trường thọ - hồ chí minh	1:gach_noi_giua_cap
dự án vinhomes riverside - đường hoa lan 4 - phường phúc lợi - hà nội	1:gach_noi_giua_cap
đường lê lợi hóc môn - hồ chí minh	1:gach_noi_giua_cap
đường phan anh hải châu	4:duoi_32_ky_tu
đường phạm qúy thích	4:duoi_32_ky_tu
đường số 5 - phường linh xuân - thủ đức - hồ chí minh	1:gach_noi_giua_cap
thới an.  quận 12 hồ chí minh	4:duoi_32_ky_tu
203 kim ngưu - hai bà trưng - hà nội	1:gach_noi_giua_cap
nam sơn 3 hải châu đà nẵng	4:duoi_32_ky_tu
phố nguyễn ngọc vũ - cầu giấy	1:gach_noi_giua_cap | 4:duoi_32_ky_tu
thôn đại tảo quốc oai hà nội	4:duoi_32_ky_tu
D12 Thủ Dầu Một Bình Dương	4:duoi_32_ky_tu
vinhomes riva city hải phòng	4:duoi_32_ky_tu
đường 26 - bình tân - tp hồ chí minh	1:gach_noi_giua_cap
Đường Nguyễn Minh Hoàng	4:duoi_32_ky_tu
Nguyễn Hữu Trí - Bình Chánh - Hồ Chí Minh	1:gach_noi_giua_cap
phố 36, quế võ bắc ninh	4:duoi_32_ky_tu
Dự Định Long Xuyên An Giang	4:duoi_32_ky_tu
đường cao bá quát - hội an - quảng nam	1:gach_noi_giua_cap
chien luoc bình tân	0:thieu_dau_sai_chinh_ta[chien,luoc] | 4:duoi_32_ky_tu
đường cái lân - giếng đáy - quảng ninh	1:gach_noi_giua_cap
phường 9 tân bình hồ chí minh	4:duoi_32_ky_tu
mai hắc đế vinh	4:duoi_32_ky_tu
Blue Sapphire Bình Phú	4:duoi_32_ky_tu
Thanh Xuân 39	4:duoi_32_ky_tu
Trương Định - Quận 3	1:gach_noi_giua_cap | 4:duoi_32_ky_tu
hải châu đà nẵng	4:duoi_32_ky_tu
dự án khu phố hưng phước quận 7 - tp hồ chí minh	1:gach_noi_giua_cap
tỉnh lộ 10a, thừa thiên huế	4:duoi_32_ky_tu
phố 36, trần não	4:duoi_32_ky_tu
Ỉa Tôr ChưPRông Gia Lai	4:duoi_32_ky_tu
phường hồng hà - đường huỳnh thúc kháng - hạ long - quảng ninh	1:gach_noi_giua_cap
đường lê văn tám đà lạt	4:duoi_32_ky_tu
đường 6 long an	4:duoi_32_ky_tu
Thanh Hà, Thanh Liêm, Hà Nam	4:duoi_32_ky_tu
Trường Sơn Quận 10	4:duoi_32_ky_tu
100/ 21/ 10 - Định Tiến Hoàng - Phường 1 - Bình Thạnh - Hồ Chí Minh	1:gach_noi_giua_cap
đường đinh tiên hoàng - xã an xuyên - tp cà mau	1:gach_noi_giua_cap
Ngõ 132 Khâm Thiên	4:duoi_32_ky_tu
số 71 ngõ 74 hữu hưng đại mỗ	4:duoi_32_ky_tu
Citi Soho Quận 2, Hồ Chí Minh	4:duoi_32_ky_tu
tân lập 1, hiệp phú quận 9	4:duoi_32_ky_tu
334 trần hưng đạo phường 11 - quận 5	1:gach_noi_giua_cap
phường thuận thành - huế	1:gach_noi_giua_cap | 4:duoi_32_ky_tu
đường hoàng lê kha quận 6	4:duoi_32_ky_tu
Ngõ 130, Trung Kinh, hà nội	4:duoi_32_ky_tu
50 đường lê lợi, gò vấp	4:duoi_32_ky_tu
Đường Lĩnh Nam Hoàng Mai Hà Nội	4:duoi_32_ky_tu
nguyễn vạn lương, quận 6	4:duoi_32_ky_tu
dự án vinhomes riverside - phúc lợi - long biên - hà nội	1:gach_noi_giua_cap
Nguyễn Xiển - Hoàng Mai - Hà Nội	1:gach_noi_giua_cap
130B Phố Hàng Bông Hà Nội	4:duoi_32_ky_tu
Opera Business Centre	3:keyword_la_toan_so | 4:duoi_32_ky_tu
số 17, quận 7, hồ chí minh	4:duoi_32_ky_tu
Premier Village Phú Quốc	4:duoi_32_ky_tu
đường văn cao - hải châu đà nẵng	1:gach_noi_giua_cap
lạch tray, lê chân	4:duoi_32_ky_tu
chu văn thinh, sơn la	4:duoi_32_ky_tu
phan anh - hải châu	1:gach_noi_giua_cap | 4:duoi_32_ky_tu
phố đông chiêu, bình dương	4:duoi_32_ky_tu
đình thôn nam từ liêm	4:duoi_32_ky_tu
Hung Gia 3 - Phú Mỹ Hưng - Hồ Chí Minh	1:gach_noi_giua_cap
phố hoàng đạo thúy, thanh xuân	4:duoi_32_ky_tu
lộ giang 16	4:duoi_32_ky_tu
tam đảo - quận 10	1:gach_noi_giua_cap | 4:duoi_32_ky_tu
green lake phường hòa thọ đông - đường nguyễn phước tần - đà nẵng	1:gach_noi_giua_cap
Đường Đường Công Khi, Xã Tân Thới Nhì, Hóc Môn, Hồ Chí Minh	2:trung_keyword[đường đường]
đường lê đại hành, hà nội	4:duoi_32_ky_tu
đường lương the vinh - an giang	1:gach_noi_giua_cap | 4:duoi_32_ky_tu
hoài thanh, phường 14, quận 8	4:duoi_32_ky_tu
Đường 963	4:duoi_32_ky_tu
xã cần kiệm, hà nội	4:duoi_32_ky_tu
Đông Tác Phường Tân Đông Hiệp - Dĩ An Bình Dương	1:gach_noi_giua_cap
Dự án Green Home - Linh Đông - Thủ Đức - Hồ Chí Minh	1:gach_noi_giua_cap
đường võ văn điều hồ chí minh	4:duoi_32_ky_tu
đường điện biên phủ bình thạnh	4:duoi_32_ky_tu
218 - giảng võ - ba đình - hà nội	1:gach_noi_giua_cap
nguyễn cao luyện - long biên - hà nội	1:gach_noi_giua_cap
25 yên thái	4:duoi_32_ky_tu
quốc lộ 71 thường tín	4:duoi_32_ky_tu
đường lý đạo thành phường	4:duoi_32_ky_tu
Nguyễn Ba Tong - Tân Bình Hồ Chí Minh	1:gach_noi_giua_cap
thủ thiêm sky - quận 2 tp hồ chí minh	1:gach_noi_giua_cap
phố quốc tuấn, khánh hòa	4:duoi_32_ky_tu
Bùi Thanh Khiết Bình Chánh	4:duoi_32_ky_tu
đường 7 - ninh kiều - cần thơ	1:gach_noi_giua_cap | 4:duoi_32_ky_tu
đường hau can	4:duoi_32_ky_tu
điện biên phủ quận 3	4:duoi_32_ky_tu
Đường Thăng Long - Cẩm Lệ Đà Nẵng	1:gach_noi_giua_cap
phú đức, bình phước	4:duoi_32_ky_tu
Huỳnh Văn Nghệ, Biên Hòa	4:duoi_32_ky_tu
đường trần thị đỗ quận 12	4:duoi_32_ky_tu
đường hoàng liên hà nội	4:duoi_32_ky_tu
đường mỗ lao, hà đông hà nội	4:duoi_32_ky_tu
lê mạnh trinh, đà nẵng	4:duoi_32_ky_tu
thanh niên - xã xuân thới thượng hóc môn	1:gach_noi_giua_cap
322/ 187a4 - dương quảng hàm - hồ chí minh	1:gach_noi_giua_cap
đường an thượng 33 - mỹ an ngũ hành sơn đà nẵng	1:gach_noi_giua_cap
tân phú, đường 1 quận 7	4:duoi_32_ky_tu
long thới, chợ lách	4:duoi_32_ky_tu
Đường 768B, Đồng Nai	4:duoi_32_ky_tu
Đường Hòa Minh 4 - Đà Nẵng	1:gach_noi_giua_cap | 4:duoi_32_ky_tu
Phường 17 - Trường Sa	1:gach_noi_giua_cap | 4:duoi_32_ky_tu
Phố 36 Quế Võ Bắc Ninh	4:duoi_32_ky_tu
xã phong phú - bình chánh - tp hồ chí minh	1:gach_noi_giua_cap
Dự án HQC 35 Ho Hoc Lam, Bình Tân	0:thieu_dau_sai_chinh_ta[hoc,ho hoc,hoc lam]
xã tiến xuân thạch thất	4:duoi_32_ky_tu
đường hòa hưng - quận 1 - hồ chí minh	1:gach_noi_giua_cap
đường 11, phú nhuanho, chí minh	4:duoi_32_ky_tu
Nguyễn Văn Cừ Long Biên Hà Nội	4:duoi_32_ky_tu
trần vân du, hồ chí minh	4:duoi_32_ky_tu
kđt vĩnh hòa - đường nguyễn cơ thạch - nha trang	1:gach_noi_giua_cap
xuân đỉnh	4:duoi_32_ky_tu
Đường Trương Định - Phường Tương Mai - Hoàng Mai - hà nội	1:gach_noi_giua_cap
phố 45, nông cống, thanh hóa	4:duoi_32_ky_tu
khương hạ	4:duoi_32_ky_tu
dự án mỹ phước 1 d14, bến cát	4:duoi_32_ky_tu
đường 7a, quận 11 hồ chí minh	4:duoi_32_ky_tu
đường trần quốc tuấn - trà vinh	1:gach_noi_giua_cap | 4:duoi_32_ky_tu
đường cầu dậu hà nội	4:duoi_32_ky_tu
vũ hữu lợi, hai bà trưng	4:duoi_32_ky_tu
chơn thành golden land - chơn thành - bình phước	1:gach_noi_giua_cap | 2:trung_keyword[chơn thành]
62, đường 7, thủ đức	4:duoi_32_ky_tu
đường bùi đình túy	4:duoi_32_ky_tu
255 lĩnh nam - hoàng mai - hà nội	1:gach_noi_giua_cap
Hạ Lũng - Hải An Hải Phòng	1:gach_noi_giua_cap | 4:duoi_32_ky_tu
cao xuân dục - quận 8	1:gach_noi_giua_cap | 4:duoi_32_ky_tu
văn cao, hải châu	4:duoi_32_ky_tu
dã tượng hoàn kiếm	4:duoi_32_ky_tu
56 đường bùi văn thêm	4:duoi_32_ky_tu
đường 9, hiệp bình phước	4:duoi_32_ky_tu
70/ 32 Đinh Bộ Lĩnh - Phường 26 Quận Bình Thạnh - Thành phố Hồ Chí Minh	1:gach_noi_giua_cap
đường nguyễn an ninh, bà rịa	4:duoi_32_ky_tu
đường 7 phường phú mỹ quận 7	4:duoi_32_ky_tu
Dự án C. T Plaza Nguyên Hồng - Gò Vấp - Sài Gòn	1:gach_noi_giua_cap
Bình Tân, Tp Hồ Chí Minh	4:duoi_32_ky_tu
Phạm Thế Hiển Quận 8 - Tp Hồ Chí Minh	1:gach_noi_giua_cap
dũng sĩ, điện ngọc, quảng nam	4:duoi_32_ky_tu
tiến thành phan thiết	4:duoi_32_ky_tu
80 phố an xá, ba đình	4:duoi_32_ky_tu
chung cu 26 nguyễn thượng hiền - gò vấp - hồ chí minh	0:thieu_dau_sai_chinh_ta[chung cu] | 1:gach_noi_giua_cap
đường đội cấn cẩm lệ đà nẵng	4:duoi_32_ky_tu
lê thanh - lào cai	1:gach_noi_giua_cap | 4:duoi_32_ky_tu
đường cầu mới	4:duoi_32_ky_tu
quan hoa - cầu giấy - hà nội	0:thieu_dau_sai_chinh_ta[hoa cầu] | 1:gach_noi_giua_cap | 4:duoi_32_ky_tu
đường phan huy ích - gò vấp	1:gach_noi_giua_cap | 4:duoi_32_ky_tu
pasteur - phường 6 - quận 3 - hồ chí minh	1:gach_noi_giua_cap
hương lộ 80 quận 12 - hồ chí minh	1:gach_noi_giua_cap
âu cơ, tân phú	4:duoi_32_ky_tu
Điện Biên Phủ - Quận 3 - Hồ Chí Minh	1:gach_noi_giua_cap
Dự án KDT Vĩnh Hòa - Đường Nguyễn Co Thach - Khánh Hòa	0:thieu_dau_sai_chinh_ta[thach] | 1:gach_noi_giua_cap
phùng hưng thanh khê	4:duoi_32_ky_tu
đường thạch xuân 43 - quận 12 - hồ chí minh	1:gach_noi_giua_cap
dự án the gold view - đường bến vân đồn - phường 1 - quận 4	1:gach_noi_giua_cap
Ngõ 41 - Phố Thái Hà Đông Da - Hà Nội	0:thieu_dau_sai_chinh_ta[đông da,da hà] | 1:gach_noi_giua_cap
thạnh mỹ lợi quận 2	4:duoi_32_ky_tu
d2 hiệp phước - nhà bè hồ chí minh	1:gach_noi_giua_cap
chung cư n105 nguyễn phong sắc	4:duoi_32_ky_tu
Vĩnh Lương, Hòn Nghê	4:duoi_32_ky_tu
Đường Hương Lộ 80B Quận 12	4:duoi_32_ky_tu
thanh đa - Bình Thạnh - Hồ Chí Minh	1:gach_noi_giua_cap
đường nguyễn bặc, khánh hòa	4:duoi_32_ky_tu
phú lâm hà đông	4:duoi_32_ky_tu
yên thuận, cần thơ	4:duoi_32_ky_tu
đường 8 bình tân	4:duoi_32_ky_tu
số 12 51 nguyễn thị đinh	4:duoi_32_ky_tu
hòa bình, quận 11	4:duoi_32_ky_tu
Bàu Mạc 3, Đà Nẵng	4:duoi_32_ky_tu
trần bình trọng khánh hòa	4:duoi_32_ky_tu
hoàng du khuông - quận 10 - hồ chí minh	1:gach_noi_giua_cap
đường ô chợ dừa - đống đa hà nội	1:gach_noi_giua_cap
Dự án KDC Phú Lộc An - Đường Nguyễn Chích - Hòa Minh - Liên Chiểu - Đà Nẵng	1:gach_noi_giua_cap
phường thạch linh - hà tĩnh	1:gach_noi_giua_cap | 4:duoi_32_ky_tu
phường phú thượng, tây hồ	4:duoi_32_ky_tu
hoàng du khuông, hồ chí minh	4:duoi_32_ky_tu
102b 9 hoàng ngọc phách, hà nội	4:duoi_32_ky_tu
đường quốc lộ 32, phúc thọ	4:duoi_32_ky_tu
118/ 4 đường nguyễn chí thanh phường 16 - quận 11	1:gach_noi_giua_cap
xã tân ước - thanh oai - hà nội	1:gach_noi_giua_cap | 4:duoi_32_ky_tu
đường lê đình thám - hải châu	1:gach_noi_giua_cap | 4:duoi_32_ky_tu
the navita - quốc lộ 13 - phường tam bình thủ đức	1:gach_noi_giua_cap
Trường Thạnh, Long Thuận	4:duoi_32_ky_tu
phố vũ hữu - hà nội	1:gach_noi_giua_cap | 4:duoi_32_ky_tu
Tân Thụy - Long Biên	1:gach_noi_giua_cap | 4:duoi_32_ky_tu
Phố Thị Sách Đà Lạt Lâm Đồng	4:duoi_32_ky_tu
DX 067 - Bình Dương	1:gach_noi_giua_cap | 4:duoi_32_ky_tu
vạn đô quận 4 - tp hồ chí minh	1:gach_noi_giua_cap | 4:duoi_32_ky_tu
681/ 29 đường quang trung - gò vấp	1:gach_noi_giua_cap
thới hòa bến cát bình dương	4:duoi_32_ky_tu
châu thượng văn hải châu	4:duoi_32_ky_tu
đường nhân hoà 8 cẩm lệ đà nẵng	4:duoi_32_ky_tu
đường nguyễn du - hoàn kiếm	1:gach_noi_giua_cap | 4:duoi_32_ky_tu
100/ 21/ 10 Đường Định Tiến Hoàng - Phường 1 Bình Thạnh Hồ Chí Minh	1:gach_noi_giua_cap
Nguyễn Văn Bứa - Hóc Môn, Tp Hồ Chí Minh	1:gach_noi_giua_cap
cầu mới hà nội	4:duoi_32_ky_tu
21 han hai nguyễn - quận 11 hồ chí minh	1:gach_noi_giua_cap
tràng an complex	4:duoi_32_ky_tu
đường định công trang p. xuân khanh q. ninh kiều tp. can tho	0:thieu_dau_sai_chinh_ta[can tho]
cầu dau	4:duoi_32_ky_tu
phố bồ đề, long biên, hà nội	4:duoi_32_ky_tu
dự án 151 hoàng quốc việt phố hoàng sâm - phường nghĩa đô cầu giấy	1:gach_noi_giua_cap
3189/ 42 - đường phạm thế hiển f7 - quận 8 - hồ chí minh	1:gach_noi_giua_cap
đường lê tân be bình tân	4:duoi_32_ky_tu
Lê Bình, Cái Răng Cần Thơ	4:duoi_32_ky_tu
sn 7 ngõ 3 phố thái hà, hà nội	4:duoi_32_ky_tu
đường buôn krông a	4:duoi_32_ky_tu
đường bà hạt	4:duoi_32_ky_tu
quảng an - xuân dieu - tây hồ - hà nội	1:gach_noi_giua_cap
Đường Cống Quỳnh Quận 1	4:duoi_32_ky_tu
đường 35, thủ đức hồ chí minh	4:duoi_32_ky_tu
đằng hải hải an	4:duoi_32_ky_tu
river park vành đại trọng quan 9 hồ chí minh	0:thieu_dau_sai_chinh_ta[trọng quan,quan hồ]
hiệp thành - thủ dầu một - bình dương	1:gach_noi_giua_cap
đường 66 - tân uyên	1:gach_noi_giua_cap | 4:duoi_32_ky_tu
Đường Hồ Công Dự	4:duoi_32_ky_tu
phường trảng dài - đường nguyễn khuyến - biên hòa	1:gach_noi_giua_cap
đường tựu liệt - phường định công - hoàng mai	1:gach_noi_giua_cap
cao triệu phát quận 7 - tp hồ chí minh	1:gach_noi_giua_cap
Dự án Đại Ngàn Đường 22/ 12 - Thuận Giao Thuận An - Bình Dương	1:gach_noi_giua_cap
Số 32/ 51/ 229 Đường Hàng Kênh	4:duoi_32_ky_tu
đường văn cao hải châu đà nẵng	4:duoi_32_ky_tu
Huy Hoàng - Đường Lê Hiến Mai - Phường	1:gach_noi_giua_cap
hiệp thành 6	4:duoi_32_ky_tu
dự án gold star tower - thủ dầu một - bình dương	1:gach_noi_giua_cap
biệt thự hà đô	4:duoi_32_ky_tu
Mạc Đĩnh Chi - Quận 1	1:gach_noi_giua_cap | 4:duoi_32_ky_tu
screc tower quận 3, hồ chí minh	4:duoi_32_ky_tu
Dự án Điện Nam Trung Điện Bàn - Quảng Nam	1:gach_noi_giua_cap
1103 - đường nguyễn văn linh - an dương	1:gach_noi_giua_cap
Đường Trường Chinh, Huế	4:duoi_32_ky_tu
đường an thạnh thủy - tiền giang	1:gach_noi_giua_cap
phường văn miếu đống đa hà nội	4:duoi_32_ky_tu
dự án opal skyview - thủ đức hồ chí minh	1:gach_noi_giua_cap
đường an thượng 18 ngũ hành sơn	4:duoi_32_ky_tu
số nhà 47 21 80 đường	4:duoi_32_ky_tu
dự án chung cu tây thành - tân phú - hồ chí minh	0:thieu_dau_sai_chinh_ta[chung cu] | 1:gach_noi_giua_cap
64 Lê Dinh Vũ, Hải Dương	4:duoi_32_ky_tu
đường 100 - quận 11	1:gach_noi_giua_cap | 4:duoi_32_ky_tu
Đường Trần Quy Cap Đống Đa - Hà Nội	0:thieu_dau_sai_chinh_ta[cap] | 1:gach_noi_giua_cap
phường 1 quận 3, tp hồ chí minh	4:duoi_32_ky_tu
Khương Thượng Đống Đa Hà Nội	4:duoi_32_ky_tu
ea súp - đắk lắk	1:gach_noi_giua_cap | 4:duoi_32_ky_tu
bà hom, quận 6	4:duoi_32_ky_tu
Dương Khê - Tân Phú - Tp Hồ Chí Minh	1:gach_noi_giua_cap
478 đường nguyễn oanh - hồ chí minh	1:gach_noi_giua_cap
châu thành tiền giang	4:duoi_32_ky_tu
võ văn kiệt - quận 8	1:gach_noi_giua_cap | 4:duoi_32_ky_tu
him lam - hồ chí minh	1:gach_noi_giua_cap | 4:duoi_32_ky_tu
đường tỉnh lộ 47 - xã cửa dương - phú quốc - kiên giang	1:gach_noi_giua_cap
đường đinh đức thiện cần đước	4:duoi_32_ky_tu
Quốc lộ 91, Châu Đốc, An Giang	4:duoi_32_ky_tu
kdc nam hưng vuong, bình tân, hồ chí minh	0:thieu_dau_sai_chinh_ta[vuong,hưng vuong]
đường 27 quận 9 hồ chí minh	4:duoi_32_ky_tu
phan đình giót, tân bình	4:duoi_32_ky_tu
Trung Yên Plaza - Cầu Giấy - Hà Nội	1:gach_noi_giua_cap
Lương Văn Thắng - Phường Đông Thành - Ninh Bình	1:gach_noi_giua_cap
đường quốc lộ 6a hà nội	4:duoi_32_ky_tu
đền lừ 2, hà nội	4:duoi_32_ky_tu
Đường Gò Công - Quận 5 Hồ Chí Minh	1:gach_noi_giua_cap
đường hà trì 4 - hà nội	1:gach_noi_giua_cap | 4:duoi_32_ky_tu
số 168	4:duoi_32_ky_tu
dream home hòa xuân lệ - đà nẵng	1:gach_noi_giua_cap
triệu việt vương - hai bà trưng - hà nội	1:gach_noi_giua_cap
núi thành - núi thành - quảng nam	1:gach_noi_giua_cap | 2:trung_keyword[núi thành]
33/ lý vạn phúc quận 1	4:duoi_32_ky_tu
Đường Mỹ Trọng, Nam Định	4:duoi_32_ky_tu
dự án khu can ho ehome 3, bình tân sài gòn	0:thieu_dau_sai_chinh_ta[can ho]
nguyễn văn cừ, bình tân	4:duoi_32_ky_tu
dự án vinhomes green bay - hà nội	1:gach_noi_giua_cap
phố hàng be - hoàn kiếm - hà nội	1:gach_noi_giua_cap
Đường Tỉnh lộ 822, Đức Hòa	4:duoi_32_ky_tu
Đường Pasteur - Quận 1 Hồ Chí Minh	1:gach_noi_giua_cap
chung cư 379 đội cấn	4:duoi_32_ky_tu
Tòa nha Intracom - Cầu Giấy Hà Nội	1:gach_noi_giua_cap
đường 19 - bình chánh - hồ chí minh	1:gach_noi_giua_cap
yên khê 1 - đà nẵng	1:gach_noi_giua_cap | 4:duoi_32_ky_tu
Đường Đỗ Xuân Hợp - Quận 2	1:gach_noi_giua_cap | 4:duoi_32_ky_tu
trần thủ độ tân phú	4:duoi_32_ky_tu
đường 4 - quận 2 hồ chí minh	1:gach_noi_giua_cap | 4:duoi_32_ky_tu
huyện trảng bàng tây ninh	4:duoi_32_ky_tu
Khu đô thị Vinhomes Riverside - P. Phúc Lợi - Long Biên	1:gach_noi_giua_cap
khu đỗ thị thanh hà hà đông - hà nội	1:gach_noi_giua_cap
số 1 lộ 5b Trung Yên - phường Yên Hoà - Cầu Giấy - Hà Nội	1:gach_noi_giua_cap
huyện đông anh, hà nội	4:duoi_32_ky_tu
thạnh mỹ lợi - đường đồng văn cống - quận 2	1:gach_noi_giua_cap
tỉnh lộ 10 - - bình chánh	1:gach_noi_giua_cap | 4:duoi_32_ky_tu
quận hồng bàng - hải phòng	1:gach_noi_giua_cap | 4:duoi_32_ky_tu
đường cái lân quảng ninh	4:duoi_32_ky_tu
167 - nguyễn phong sắc - phường hưng dũng - tp vinh	1:gach_noi_giua_cap
đường tram ca	4:duoi_32_ky_tu
6 - 8 đường 16 - q. thủ đức	1:gach_noi_giua_cap | 4:duoi_32_ky_tu
159 - 3789	3:keyword_la_toan_so | 4:duoi_32_ky_tu
chung cư lễ thanh - bình tân - sài gòn	1:gach_noi_giua_cap
đường nguyễn vạn lương	4:duoi_32_ky_tu
tân lập nha trang	4:duoi_32_ky_tu
q. hải an hải phòng	4:duoi_32_ky_tu
Đường 15 Thuận An - Bình Dương	1:gach_noi_giua_cap | 4:duoi_32_ky_tu
tòa nhà văn phòng transmeco	4:duoi_32_ky_tu
đường lac lon. g quận cầu giấy hà nội	0:thieu_dau_sai_chinh_ta[lac,đường lac]
bình hòa - nguyễn du - thuận an - bình dương	1:gach_noi_giua_cap
dự án toà nhà intracom - cầu giấy - hà nội	1:gach_noi_giua_cap
riviera point - tân phú - đường huỳnh tấn phát quận 7 - hồ chí minhq	1:gach_noi_giua_cap
vien bong lê hữu trac thanh trì - hà nội	0:thieu_dau_sai_chinh_ta[vien,trac] | 1:gach_noi_giua_cap
nguyễn bặc - khánh hòa	1:gach_noi_giua_cap | 4:duoi_32_ky_tu
đường liên phường, phường trường thạnh, quận 9, hồ chí minh	2:trung_keyword[phường phường]
Hương Lộ 15, Vĩnh Cửu, Đồng Nai	4:duoi_32_ky_tu
Dự án Vĩnh Lộc Garden - Bình Chánh - Hồ Chí Minh	1:gach_noi_giua_cap
32 đường tống văn hên - p15 - q. tân bình - hồ chí minh	1:gach_noi_giua_cap
an hòa 2 - cẩm lệ - đà nẵng	1:gach_noi_giua_cap | 4:duoi_32_ky_tu
đường tỉnh lộ 39b, kiến xương	4:duoi_32_ky_tu
đường phúc tân - hoàn kiếm hà nội	1:gach_noi_giua_cap
Đường Số 6 - Xã Phạm Văn Hai - Bình Chánh - Hồ Chí Minh	1:gach_noi_giua_cap
an hải đông	4:duoi_32_ky_tu
Đường Liên Tỉnh 5 - Hồ Chí Minh	1:gach_noi_giua_cap | 4:duoi_32_ky_tu
kha vạn cân - thủ đức	1:gach_noi_giua_cap | 4:duoi_32_ky_tu
Đường Hoàng Hoa Thám Tân Bình	4:duoi_32_ky_tu
phường hải châu ii đà nẵng	4:duoi_32_ky_tu
Bà Hạt	4:duoi_32_ky_tu
đường số 2 - quận 7	1:gach_noi_giua_cap | 4:duoi_32_ky_tu
đường khánh hội phường 3 - quận 4	1:gach_noi_giua_cap
71 ngõ 74 đường hữu hưng đại mỗ	4:duoi_32_ky_tu
468 Đường Phan Văn Trị, Gò Vấp	4:duoi_32_ky_tu
số 11 khuc hao sơn trà	0:thieu_dau_sai_chinh_ta[khuc] | 4:duoi_32_ky_tu
tân sơn nhì tân phú	4:duoi_32_ky_tu
dự án khu nhà ở thanh bình - hà đông - hà nội	1:gach_noi_giua_cap
Điện Biên Phủ Tây Ninh	4:duoi_32_ky_tu
dự án kdc kiến á d3 phường phước long b - quận 9 hồ chí minh	1:gach_noi_giua_cap
dự án tản đà quận 5 hồ chí minh	4:duoi_32_ky_tu
long thới nhà bè ho c. hi minh	0:thieu_dau_sai_chinh_ta[bè ho] | 4:duoi_32_ky_tu
thị trấn cái bè, tiền giang	4:duoi_32_ky_tu
thành công ba đình - hà nội	1:gach_noi_giua_cap | 4:duoi_32_ky_tu
đường thới an 17 quận 12	4:duoi_32_ky_tu
xã ia ko gia lai	4:duoi_32_ky_tu
đông thạnh hóc môn hồ chí minh	4:duoi_32_ky_tu
Dự án Lotus Apartment, Ong Ich Khiêm, Phường 10 Quận 11 Hồ Chí Minh	0:thieu_dau_sai_chinh_ta[ich]
37/ 2c đường 11 - gò vấp	1:gach_noi_giua_cap | 4:duoi_32_ky_tu
Đường Hoàng Sa - Phú Nhuận - Hồ Chí Minh	1:gach_noi_giua_cap
đường trần quốc hoàn, tân bình	4:duoi_32_ky_tu
lương yên hải ba trung hạ noi	0:thieu_dau_sai_chinh_ta[hạ noi] | 4:duoi_32_ky_tu
chung cu cienco1	0:thieu_dau_sai_chinh_ta[chung cu] | 3:keyword_la_toan_so | 4:duoi_32_ky_tu
khu công nghiệp tân đô	4:duoi_32_ky_tu
tỉnh lộ 10a thừa thiên huế	4:duoi_32_ky_tu
đường phan đình phùng - biên hòa - đồng nai	1:gach_noi_giua_cap
đường hàng đồng - nam định	1:gach_noi_giua_cap | 4:duoi_32_ky_tu
phường quan hoa, hà nội	0:thieu_dau_sai_chinh_ta[phường quan] | 4:duoi_32_ky_tu
thanh nê - thái bình	1:gach_noi_giua_cap | 4:duoi_32_ky_tu
đường ngõ tri hoa - đà nẵng	1:gach_noi_giua_cap | 4:duoi_32_ky_tu
Thị xã Hồng Ngự Đồng Tháp	4:duoi_32_ky_tu
đường bến đoan	4:duoi_32_ky_tu
quận 12, sài gòn	4:duoi_32_ky_tu
Phường Vĩnh Trung Thanh Khê	4:duoi_32_ky_tu
số 23 ngõ 109	4:duoi_32_ky_tu
phường cẩm tây cẩm phả - quảng ninh	1:gach_noi_giua_cap
tôn thất thuyết - cầu giấy	1:gach_noi_giua_cap | 4:duoi_32_ky_tu
khu can ho thuan việt quận 11 - hồ chí minh	0:thieu_dau_sai_chinh_ta[can ho] | 1:gach_noi_giua_cap
136 hai bà trưng quận 1	4:duoi_32_ky_tu
Đường Lê Trọng Tấn Thanh Xuân	4:duoi_32_ky_tu
tú quỳ	4:duoi_32_ky_tu
Da Tuong - Nha Trang	0:thieu_dau_sai_chinh_ta[tuong,da tuong] | 1:gach_noi_giua_cap | 3:keyword_la_toan_so | 4:duoi_32_ky_tu
phường cô giang - hồ chí minh	1:gach_noi_giua_cap | 4:duoi_32_ky_tu
lý thái tổ quận 3 - hồ chí minh	1:gach_noi_giua_cap | 4:duoi_32_ky_tu
Mai Hắc Đế - Hà Huy Tập - Vinh Nghệ An	1:gach_noi_giua_cap
xuân thới thượng 9	4:duoi_32_ky_tu
đường ngô gia tự quận 5	4:duoi_32_ky_tu
17 - 19 - 21 nguyễn văn trỗi - 12 - phú nhuận - hồ chí minh	1:gach_noi_giua_cap
võ văn kiệt - quận 6	1:gach_noi_giua_cap | 4:duoi_32_ky_tu
phan văn dang, hòa vang	4:duoi_32_ky_tu
phường tứ minh hải dương	4:duoi_32_ky_tu
đường gò công phường 13 - quận 5	1:gach_noi_giua_cap
dự án kdc kien a - d3 - quận 9	0:thieu_dau_sai_chinh_ta[kien] | 1:gach_noi_giua_cap | 4:duoi_32_ky_tu
234/ 8/ 2d đường lê đức thọ - gò vấp	1:gach_noi_giua_cap
keangnam nam từ liêm hà nội	4:duoi_32_ky_tu
đặng xá	4:duoi_32_ky_tu
đường quốc lộ 21b hà đông	4:duoi_32_ky_tu
tân vĩnh	4:duoi_32_ky_tu
đường nguyễn chanh, cầu giấy	4:duoi_32_ky_tu
hồ công dự bắc giang	4:duoi_32_ky_tu
dự án doi co villas - xã cư yên đường quốc lộ 6 lương sơn hòa bình	1:gach_noi_giua_cap
98 tây thành tân phú	4:duoi_32_ky_tu
an thạnh thủy tiền giang	4:duoi_32_ky_tu
đường hương lộ 14 - bà rịa vũng tàu	1:gach_noi_giua_cap
đường trần bình trọng - quận 5	1:gach_noi_giua_cap | 4:duoi_32_ky_tu
Đường Trường Sơn Tân Bình	4:duoi_32_ky_tu
dự án khu đô thị geleximco - lê trọng tấn hà đông, hà nội	1:gach_noi_giua_cap
đường mai thị lựu đắk lắk	4:duoi_32_ky_tu
trường chính, p. 13	4:duoi_32_ky_tu
17 - 19 - 21 nguyễn văn troi - f. 12 q. phú nhuận	1:gach_noi_giua_cap
N9 Vĩnh Tân Tân Uyên	4:duoi_32_ky_tu
đường trần lê phường 3 lâm đồng	4:duoi_32_ky_tu
hoàng ngọc phách, tân phú	4:duoi_32_ky_tu
Đường thanh đa - Hồ Chí Minh	1:gach_noi_giua_cap | 4:duoi_32_ky_tu
Tổ 10 Cự Khối	4:duoi_32_ky_tu
Số 531 E1 147 Tân Mai Hoàng Mai	4:duoi_32_ky_tu
đường tân thới nhất 6 quận 12 - hồ chí minh	1:gach_noi_giua_cap
đường 47, quận 2 hồ chí minh	4:duoi_32_ky_tu
dự án chung cu bo công an dương trần não - phường bình an - quận 2 - hồ chí minh	0:thieu_dau_sai_chinh_ta[chung cu] | 1:gach_noi_giua_cap
72 hoa bằng - cầu giấy hà nội	1:gach_noi_giua_cap | 4:duoi_32_ky_tu
Đường 13, Bến Cát, Bình Dương	4:duoi_32_ky_tu
Số 29 Đường Đồng Khởi Diên Khánh - Khánh Hòa	1:gach_noi_giua_cap
bình chuẩn 28 - bình dương	1:gach_noi_giua_cap | 4:duoi_32_ky_tu
đường lê thiết hùng - cẩm lệ	1:gach_noi_giua_cap | 4:duoi_32_ky_tu
Số 24A, Bình Tân Hồ Chí Minh	4:duoi_32_ky_tu
dự án toà nhà intracom - cầu giấy hà nội	1:gach_noi_giua_cap
Nguyễn Việt Xuân - Ninh Bình	1:gach_noi_giua_cap | 4:duoi_32_ky_tu
Mỹ Da Tây 6	4:duoi_32_ky_tu
Cuu Long - Đường Phạm Văn Đồng - Bình Thạnh	1:gach_noi_giua_cap
Lũy Bán Bích Tân Phú	4:duoi_32_ky_tu
đường d12 - thủ dầu một - bình dương	1:gach_noi_giua_cap
hẻm 688 lê đức thọ p15 gò vấp	4:duoi_32_ky_tu
nha sach su phạm 459 ton đức tha... đà nẵng	0:thieu_dau_sai_chinh_ta[sach]
đường muoi cung nhơn đức - nhà bè - hồ chí minh	1:gach_noi_giua_cap
dự án green lake hòa thọ đông - đường bau gia thuong 3 - đà nẵng	0:thieu_dau_sai_chinh_ta[thuong] | 1:gach_noi_giua_cap
109/ 82/ 19/ 46 - lạch tray - lê chân hải phòng	1:gach_noi_giua_cap
xã trung hoà - đường quốc lộ 1a trảng bom đồng nai	1:gach_noi_giua_cap
điện bàn - quảng nam	1:gach_noi_giua_cap | 4:duoi_32_ky_tu
phố đà nẵng phường	4:duoi_32_ky_tu
45a/ 7 phạm hùng - quận 8	1:gach_noi_giua_cap | 4:duoi_32_ky_tu
tỉnh lộ 9 - cam ranh	1:gach_noi_giua_cap | 4:duoi_32_ky_tu
111 đường lũy bán bích tân phú	4:duoi_32_ky_tu
đường trần quy cap - đống đa - hà nội	0:thieu_dau_sai_chinh_ta[cap] | 1:gach_noi_giua_cap
đường xuân thủy - cầu giấy - hà nội	1:gach_noi_giua_cap
Vườn Chay Hải Phòng	4:duoi_32_ky_tu
đường bau gia thuong 1 cẩm lệ	0:thieu_dau_sai_chinh_ta[thuong] | 4:duoi_32_ky_tu
phù cát quốc lộ 21a quốc oai	4:duoi_32_ky_tu
Đường 11 - Trường Thọ - Thủ Đức	1:gach_noi_giua_cap | 4:duoi_32_ky_tu
đường bằng lộc - hóc môn	1:gach_noi_giua_cap | 4:duoi_32_ky_tu
phố hàng bè hoàn kiếm hà nội	4:duoi_32_ky_tu
dự án can ho 8x thái an, gò vấp, sài gòn	0:thieu_dau_sai_chinh_ta[can ho]
An Gia River One - Phú Thuận - Quận 7 - Hồ Chí Minh	1:gach_noi_giua_cap
Đường Tứ Kiệt - Tiền Giang	1:gach_noi_giua_cap | 4:duoi_32_ky_tu
trần thủ độ - hòa xuân - cẩm lệ	1:gach_noi_giua_cap | 4:duoi_32_ky_tu
đường d4 phường tân bình, dĩ an	4:duoi_32_ky_tu
15/ 2 - Phan Đăng Lưu - Thủ Dầu Một - Bình Dương	1:gach_noi_giua_cap
đường dj9, bến cát, bình dương	4:duoi_32_ky_tu
168 tam bình hồ chí minh	4:duoi_32_ky_tu
an lợi đông - hồ chí minh	1:gach_noi_giua_cap | 4:duoi_32_ky_tu
lakai nguyễn trãi phường 8 - quận 5	1:gach_noi_giua_cap
trần bình nam tu liem hà nội	0:thieu_dau_sai_chinh_ta[liem,nam tu,tu liem,liem hà] | 4:duoi_32_ky_tu
xã hiệp cường, hưng yên	4:duoi_32_ky_tu
mỹ tú 3	4:duoi_32_ky_tu
số 22 đường 71 - tân quy - quận 7 - hồ chí minh	1:gach_noi_giua_cap
đường đinh tiên hoàng - sơn tây hà nội	1:gach_noi_giua_cap
Việt Hưng - Hạ Long - Quảng Ninh	1:gach_noi_giua_cap
đường tỉnh lộ 8 - đức hòa	1:gach_noi_giua_cap | 4:duoi_32_ky_tu
đường phan bội châu, hải phòng	4:duoi_32_ky_tu
thất sơn, hồ chí minh	4:duoi_32_ky_tu
Số 11 Quận 4 - Hồ Chí Minh	1:gach_noi_giua_cap | 4:duoi_32_ky_tu
200 đường quốc lộ 13 thủ đức - hồ chí minh	1:gach_noi_giua_cap
đường an hải 20 sơn trà đà nẵng	4:duoi_32_ky_tu
2, xã tân lập 1, tiền giang	4:duoi_32_ky_tu
dự án khang điền intresco - Quận 9 - Hồ Chí Minh	1:gach_noi_giua_cap
dự án valora fuji nam long - đường d2 - phường phước long b - quận 9 - hồ chí minh	1:gach_noi_giua_cap
đồng tiến, bình phước	4:duoi_32_ky_tu
xã thanh hà thanh liêm	4:duoi_32_ky_tu
đường nguyễn trãi - thanh xuân - hà nội	1:gach_noi_giua_cap
845 nguyễn bình - hồ chí minh	1:gach_noi_giua_cap | 4:duoi_32_ky_tu
eco spring - tân triều	1:gach_noi_giua_cap | 4:duoi_32_ky_tu
6/ 6 - 4a tân hòa thống nhất - đồng nai	1:gach_noi_giua_cap
đường 4, thủ dầu một bình dương	4:duoi_32_ky_tu
hai bà trưng, hà nội	4:duoi_32_ky_tu
phú luongphu - lâm hà dong - hà nội	0:thieu_dau_sai_chinh_ta[hà dong,dong hà] | 1:gach_noi_giua_cap
dự án tòa nha cowaelmic - thanh xuân - hà nội	1:gach_noi_giua_cap
phường 7 - đường lý chính thắng - quận 3	1:gach_noi_giua_cap
hải châu ii đà nẵng	4:duoi_32_ky_tu
dự án florita	4:duoi_32_ky_tu
112/ 7 đường phổ quang - phú nhuận	1:gach_noi_giua_cap
tổ 10 phường cự khối long biên	4:duoi_32_ky_tu
db8	3:keyword_la_toan_so | 4:duoi_32_ky_tu
vinafor plaza - 48 vạn phúc hà đông hà nội	1:gach_noi_giua_cap
Tỉnh lộ 824, Hóc Môn	4:duoi_32_ky_tu
hẻm 176 gò dầu - Tân Phú Hồ Chí Minh	1:gach_noi_giua_cap
Đường Lê Duẩn An Khê Thanh Khê	4:duoi_32_ky_tu
kim tân, lào cai	4:duoi_32_ky_tu
Tân Phú - Quận 7	1:gach_noi_giua_cap | 4:duoi_32_ky_tu
3 Quốc Tử Giám - Hà Nội	1:gach_noi_giua_cap | 4:duoi_32_ky_tu
đường quốc lộ 23 hà nội	4:duoi_32_ky_tu
Xã Ninh Sim Ninh Hòa Khánh Hòa	4:duoi_32_ky_tu
đường văn hanh - tân thạnh bà rịa vũng tàu	1:gach_noi_giua_cap
đường lê lợi - thừa thiên huế	1:gach_noi_giua_cap | 4:duoi_32_ky_tu
Tân Lãng Lương Tài, Bắc Ninh	4:duoi_32_ky_tu
dự án lê jardin - quận 7 - hồ chí minh	1:gach_noi_giua_cap
phố yên phúc, hà đông, hà nội	4:duoi_32_ky_tu
Dự án chung cư T&T Reverside 440 Vĩnh Hưng - Hoàng Mai - Hà Nội	1:gach_noi_giua_cap
Xuân Thủy - Hà Nội	1:gach_noi_giua_cap | 4:duoi_32_ky_tu
phố châu long trúc bạch ba đình	4:duoi_32_ky_tu
Văn Lâm Hưng Yên	4:duoi_32_ky_tu
Tân Phú, Quận 7 Tp Hồ Chí Minh	4:duoi_32_ky_tu
đường dương tự minh thái nguyên	4:duoi_32_ky_tu
au đường lan, phường 4 quận 8	4:duoi_32_ky_tu
Hạ Lũng Hải An	4:duoi_32_ky_tu
hồ học lãm, đà nẵng	4:duoi_32_ky_tu
hoàng dư khương - quận 10	1:gach_noi_giua_cap | 4:duoi_32_ky_tu
ea súp đắk lắk	4:duoi_32_ky_tu
đường nguyễn trung trực - sơn trà đà nẵng	1:gach_noi_giua_cap
Thủ Dầu Một Bình Dương	4:duoi_32_ky_tu
phường thanh khê tây - đường yên khê 1 đà nẵng	1:gach_noi_giua_cap
nội bộ, Tân Phú, hồ chí minh	4:duoi_32_ky_tu
số 9 ngõ 118 - phường phương canh - nam từ liêm - hà nội	1:gach_noi_giua_cap
phúc thịnh quận 5 hồ chí minh	4:duoi_32_ky_tu
la astoria	3:keyword_la_toan_so | 4:duoi_32_ky_tu
đường 60 quận 6 - hồ chí minh	1:gach_noi_giua_cap | 4:duoi_32_ky_tu
nam trung yên cd2 hà nội	4:duoi_32_ky_tu
nguyễn biểu, quận 5 hồ chí minh	4:duoi_32_ky_tu
vĩnh tân. vĩnh cửu. đồng nai	4:duoi_32_ky_tu
natural village - tỉnh lộ 10 - đức hòa - long an	1:gach_noi_giua_cap
võ văn kiệt - bình chánh - hồ chí minh	1:gach_noi_giua_cap
đường 50 mỹ tho tiền giang	4:duoi_32_ky_tu
đường niềm xá	4:duoi_32_ky_tu
phạm viết chánh đà nẵng	4:duoi_32_ky_tu
số 9 267 - hoàng hoa thám ba đình	1:gach_noi_giua_cap
đường 11 - phường bình thuận - quận 7	1:gach_noi_giua_cap
phạm ngọc khánh - hải dương	1:gach_noi_giua_cap | 4:duoi_32_ky_tu
na hối bắc hà lào cai	4:duoi_32_ky_tu
số 116	4:duoi_32_ky_tu
1302 huỳnh tấn phát - phường phú mỹ - quận 7	1:gach_noi_giua_cap
mieu nha, nam từ liêm, hà nội	4:duoi_32_ky_tu
nguyễn hữu tri - bình chánh	1:gach_noi_giua_cap | 4:duoi_32_ky_tu
quốc lộ 1a, thanh trì, hà nội	4:duoi_32_ky_tu
lương thuc ky	0:thieu_dau_sai_chinh_ta[thuc] | 4:duoi_32_ky_tu
đường số 34 - p. tân quý 7 - tp. hồ chí minh	1:gach_noi_giua_cap
khu dân cư 6b intresco	4:duoi_32_ky_tu
chung cư hemisco xã la	4:duoi_32_ky_tu
trung hanh hải an hải phòng	4:duoi_32_ky_tu
20 su văn hanh, kiến giang	4:duoi_32_ky_tu
đường hoa phượng	4:duoi_32_ky_tu
nguyễn tuyển - quận 2 tp hồ chí minh	1:gach_noi_giua_cap
Quang Trung - Phú Xuyên - Hà Nội	1:gach_noi_giua_cap
Đường Cây Da Củ Chi Hồ Chí Minh	4:duoi_32_ky_tu
Củ Chi, Nha Trang Khánh Hòa	4:duoi_32_ky_tu
văn lợi bình yên, hà nội	4:duoi_32_ky_tu
Phạm Hùng Phường 04 Quận 8	4:duoi_32_ky_tu
đường 46a bình tân	4:duoi_32_ky_tu
park view quận 7 hồ chí minh	4:duoi_32_ky_tu
nguyễn du hoàn kiếm, hà nội	4:duoi_32_ky_tu
dong cham, đồng xuân, hà nội	4:duoi_32_ky_tu
dự án vuon xuân - 71 nguyễn chí thanh - đống đa - hà nội	0:thieu_dau_sai_chinh_ta[vuon] | 1:gach_noi_giua_cap
dự án gardenia tân cang - quận 9 hồ chí minh	1:gach_noi_giua_cap
33 phố doc ngu - ba đình	0:thieu_dau_sai_chinh_ta[doc] | 1:gach_noi_giua_cap | 4:duoi_32_ky_tu
phường đồng nhân	4:duoi_32_ky_tu
dự án khu đô thị mới định công - hoàng mai - hà nội	1:gach_noi_giua_cap
dx 090 thủ dầu một bình dương	4:duoi_32_ky_tu
VP2 Linh Dam - Nguyễn Duy Trinh - Phường Thịnh Liệt - Hoàng Mai	1:gach_noi_giua_cap
hương lộ	4:duoi_32_ky_tu
dự án tms land hùng vương - trưng nhị - vĩnh phúc	1:gach_noi_giua_cap
đường kt 11 hồ chí minh	4:duoi_32_ky_tu
đường tu kiệt, tiền giang	4:duoi_32_ky_tu
đường cát linh hải an	4:duoi_32_ky_tu
Xã Đông Ngac	0:thieu_dau_sai_chinh_ta[ngac] | 4:duoi_32_ky_tu
thanh lương hai bà trưng hà nội	4:duoi_32_ky_tu
trần nguyễn dân, hải dương	4:duoi_32_ky_tu
256/ 11 đường pasteur quận 3	4:duoi_32_ky_tu
đường lê thị hà - xã xuân thới sơn - hóc môn - hồ chí minh	1:gach_noi_giua_cap
xã chánh mỹ - đường 1 thủ dầu một	1:gach_noi_giua_cap
An Hạ Riverside - Bình Chánh - Tp Hồ Chí Minh	1:gach_noi_giua_cap
khu công nghiệp biên hòa 2 - đồng nai	1:gach_noi_giua_cap
đường liên xã ea kar đắk lắk	4:duoi_32_ky_tu
đường hương lộ 2 bình tân	4:duoi_32_ky_tu
25 phan đình phùng - ba đình hà nội	1:gach_noi_giua_cap
32 A ngõ 73 Đường Nguyễn Lương Bằng - Đống Đa - Hà Nội	1:gach_noi_giua_cap
B2 Thành Công, Đắk Lắk	4:duoi_32_ky_tu
hẻm 176 gò dầu	4:duoi_32_ky_tu
Nhà Bè Tp Hồ Chí Minh	4:duoi_32_ky_tu
nguyễn quang lâm - phường hòa xuân - cẩm lệ - đà nẵng	1:gach_noi_giua_cap
Phường Lưu 6, Hải Phòng	4:duoi_32_ky_tu
samland building bình thạnh - hồ chí minh	1:gach_noi_giua_cap
đường 7a, quận 11, hồ chí minh	4:duoi_32_ky_tu
đường cầu tri sơn tây hà nội	4:duoi_32_ky_tu
nguyễn minh hoàng	4:duoi_32_ky_tu
chu văn an, bình thạnh	4:duoi_32_ky_tu
tiến thành - đường 1 - bình phước	1:gach_noi_giua_cap
Đường Linh Quang B, Hà Nội	4:duoi_32_ky_tu
phường phúc lợi, long biên	4:duoi_32_ky_tu
hoàng hoa thám bình thạnh - tp hồ chí minh	1:gach_noi_giua_cap
dự án null quận 1 hồ chí minh	4:duoi_32_ky_tu
đường pasteur - quận 1	1:gach_noi_giua_cap | 4:duoi_32_ky_tu
Bến cát Bình Dương	4:duoi_32_ky_tu
25 đông khê, ngô quyền	4:duoi_32_ky_tu
thong phong - hà nội	0:thieu_dau_sai_chinh_ta[thong phong] | 1:gach_noi_giua_cap | 4:duoi_32_ky_tu
cầu đơ, la khê, hà nội	4:duoi_32_ky_tu
pasteur hải châu đà nẵng	4:duoi_32_ky_tu
Phường Quang Vinh, Thái Nguyên	4:duoi_32_ky_tu
đường hồ đá, sở dầu, hải phòng	4:duoi_32_ky_tu
xuân la hà nội	4:duoi_32_ky_tu
phường hòa xuân - cẩm lệ	1:gach_noi_giua_cap | 4:duoi_32_ky_tu
dự án helios tower 75 tam trinh - hoàng mai	1:gach_noi_giua_cap
ngõ 41, phố thái hà, hà nội	4:duoi_32_ky_tu
đường thạnh lộc 41 - quận 12 - hồ chí minh	1:gach_noi_giua_cap
Thủ Dầu Một, Bình Dương	4:duoi_32_ky_tu
283/ 63 cách mạng thang 8. p12, q10	0:thieu_dau_sai_chinh_ta[mạng thang]
đường lương thuc ky	0:thieu_dau_sai_chinh_ta[thuc] | 4:duoi_32_ky_tu
nguyễn phúc - thanh hóa	1:gach_noi_giua_cap | 4:duoi_32_ky_tu
Mỹ Toàn 2 - Phạm Thái Bường - Quận 7 - Hồ Chí Minh	1:gach_noi_giua_cap
310 định công hoàng mai	4:duoi_32_ky_tu
phố nam cao, quận 9	4:duoi_32_ky_tu
Đường Hải Thượng Lãn Ông Hội An	4:duoi_32_ky_tu
khu nhà ở đất việt	4:duoi_32_ky_tu
kdt du lich bien phan thiết	0:thieu_dau_sai_chinh_ta[lich,bien] | 4:duoi_32_ky_tu
đường võ văn kiệt quận 1	4:duoi_32_ky_tu
đường miêu nha, tây mỗ	4:duoi_32_ky_tu
102 - đường lã xuân oai - hồ chí minh	1:gach_noi_giua_cap
dự án phú mỹ hưng - nguyễn hữu thọ - phường tân phong - quận 7	1:gach_noi_giua_cap
Đường 1, Hóc Môn, Hồ Chí Minh	4:duoi_32_ky_tu
đường trần vân du hồ chí minh	4:duoi_32_ky_tu
52 Đường 85, Quận 7	4:duoi_32_ky_tu
số 8 phường 4 quận 8	4:duoi_32_ky_tu
dự án thanh an tower đường lê văn lương - thanh xuân	1:gach_noi_giua_cap
lê đình thám - tân phú tp hồ chí minh	1:gach_noi_giua_cap
Dự Án Chung Cu Hemisco Xã La Hà Đông Hà Noi	0:thieu_dau_sai_chinh_ta[chung cu,hà noi]
585 Trần Xuân Soạn Quận 7	4:duoi_32_ky_tu
mỹ phước xã bình nhâm thuận an	4:duoi_32_ky_tu
3 thôn trung mầu gia lâm hà nội	4:duoi_32_ky_tu
7/ 47B Hoàng Bật Đạt Tân Bình	4:duoi_32_ky_tu
30/ 12 đường 22, thủ đức	4:duoi_32_ky_tu
đường phước lộc - xã nhơn đức - hồ chí minh	1:gach_noi_giua_cap
Đường Ký Con Vũng Tàu	4:duoi_32_ky_tu
dự án city garden - bình thạnh tp hồ chí minh	1:gach_noi_giua_cap
Đường Ấp Bắc, Mỹ Tho	4:duoi_32_ky_tu
tỉnh lộ 816	4:duoi_32_ky_tu
đường nguyễn trường tộ tân phú - hồ chí minh	1:gach_noi_giua_cap
việt bắc - ngũ hành sơn - đà nẵng	1:gach_noi_giua_cap
đường 477 gia viễn ninh bình	4:duoi_32_ky_tu
đường bạch đằng - hồng bàng	1:gach_noi_giua_cap | 4:duoi_32_ky_tu
168	3:keyword_la_toan_so | 4:duoi_32_ky_tu
dự án khu đô thị geleximco - lê trọng tấn - hà đông - hà nội	1:gach_noi_giua_cap
Đường Nguyễn Trung Trực	4:duoi_32_ky_tu
hẻm 64 nguyễn khoai quận 4	4:duoi_32_ky_tu
Y Ni Ksork	3:keyword_la_toan_so | 4:duoi_32_ky_tu
dự án the navita - đường go dua tam bình - thủ đức hồ chí minh	0:thieu_dau_sai_chinh_ta[đường go] | 1:gach_noi_giua_cap
đường đất mới, bình tân	4:duoi_32_ky_tu
đường 6 - bến lức	1:gach_noi_giua_cap | 4:duoi_32_ky_tu
đường khánh hội - phường 3 quận 4 - hồ chí minh	1:gach_noi_giua_cap
ngõ 52 phạm hùng nam từ liêm	4:duoi_32_ky_tu
Đường Hoàng Lê Kha - Phường 9 - Quận 6 - Hồ Chí Minh	1:gach_noi_giua_cap
dự án green lake - nguyễn phước tần - cẩm lệ	1:gach_noi_giua_cap
đường 12 - thủ dầu một	1:gach_noi_giua_cap | 4:duoi_32_ky_tu
12 view - đường trường chinh - tân thới nhất - quận 12 - hồ chí minh	1:gach_noi_giua_cap
294/ 22/ 41 xô viết nghệ tĩnh	4:duoi_32_ky_tu
Đường Trần Quy Cap - Hà Nội	0:thieu_dau_sai_chinh_ta[cap] | 1:gach_noi_giua_cap | 4:duoi_32_ky_tu
đường phạm viết chánh - quận 1	1:gach_noi_giua_cap | 4:duoi_32_ky_tu
đường nguyễn văn thành, quận 9	4:duoi_32_ky_tu
Dự án Khu đỗ thị Geleximco - Lê Trọng Tấn Hà Đông, Hà Nội	1:gach_noi_giua_cap
200 - đường quốc lộ 13 thủ đức	1:gach_noi_giua_cap | 4:duoi_32_ky_tu
dĩ an	4:duoi_32_ky_tu
đường trần bình trọng - nha trang	1:gach_noi_giua_cap
Số 3 Thủ Đức hồ chí minh	4:duoi_32_ky_tu
đường 1 thủ dầu một - bình dương	1:gach_noi_giua_cap
Dự án The Everrich Infinity - Quận 5 - Tp Hồ Chí Minh	1:gach_noi_giua_cap
Đường Lê Đình Thám - Hải Châu - Đà Nẵng	1:gach_noi_giua_cap
4/ 3/ 40 - Phố Lạch Tray Ngô Quyền	1:gach_noi_giua_cap
DX 059	3:keyword_la_toan_so | 4:duoi_32_ky_tu
đường dong dien, an dương, hải phòng	0:thieu_dau_sai_chinh_ta[dien,đường dong]
112/ 7 Phổ Quang - Phú Nhuận	1:gach_noi_giua_cap | 4:duoi_32_ky_tu
đường phan bội châu hồng bàng	4:duoi_32_ky_tu
Phương Trung Trac Phúc Yên	0:thieu_dau_sai_chinh_ta[trac] | 4:duoi_32_ky_tu
Đường Nam Thới 1 - Xã Thới Tam Thôn - Hồ Chí Minh	1:gach_noi_giua_cap
phạm văn - sơn trà	1:gach_noi_giua_cap | 4:duoi_32_ky_tu
3 thang 2 Quận 10 Hồ Chí Minh	0:thieu_dau_sai_chinh_ta[thang quận] | 4:duoi_32_ky_tu
dự án vinafor plaza - 48 vạn phúc hà đông	1:gach_noi_giua_cap
đường tôn đức thắng - liên chiểu đà nẵng	1:gach_noi_giua_cap
Quốc lộ 1A, Cai Lậy, Tiền Giang	4:duoi_32_ky_tu
Đường Bùi Thị Xuân Dĩ An	4:duoi_32_ky_tu
xã đông sơn, tam điệp	4:duoi_32_ky_tu
Phố Quỳnh Mai	4:duoi_32_ky_tu
chung cu sails tower song nhue - kdt xã la - hà đông	0:thieu_dau_sai_chinh_ta[chung cu] | 1:gach_noi_giua_cap
75 trần anh tong bình định	4:duoi_32_ky_tu
Phường Thuận Thành - Huế - Thừa Thiên Huế	1:gach_noi_giua_cap
10 mai xuân thượng - đà nẵng	1:gach_noi_giua_cap | 4:duoi_32_ky_tu
Đường Quang Trung Quảng Ngãi	4:duoi_32_ky_tu
Phố Phan Đăng Lưu, hiệp an	4:duoi_32_ky_tu
phường hạ lý, hải phòng	4:duoi_32_ky_tu
Riverside Garden - Thanh Xuân - Hà Nội	1:gach_noi_giua_cap
thạnh xuân 52	4:duoi_32_ky_tu
dự án vườn cam vinapol - đường 32 xã vân canh hoài đức - hà nội	1:gach_noi_giua_cap
Bắc Sơn Hà Nội	4:duoi_32_ky_tu
Hưng Gia 2, Hồ Chí Minh	4:duoi_32_ky_tu
thanh lương - hai bà trưng - hà nội	1:gach_noi_giua_cap
xã lộ đại han thủ đức	4:duoi_32_ky_tu
nhượng cửa hàng 7a3 ttđh ngoại ngữ - cầu giấy hà nội	1:gach_noi_giua_cap
Đường Tu Quy	4:duoi_32_ky_tu
xã an khánh hoài đức	4:duoi_32_ky_tu
đường phan kế bính quận 1	4:duoi_32_ky_tu
đường an dương vương bạc liêu	4:duoi_32_ky_tu
ngõ 94 tân mai, hà nội	4:duoi_32_ky_tu
đường tue tỉnh, hải dương	4:duoi_32_ky_tu
Đường Mỹ Da Tây 6	4:duoi_32_ky_tu
đường khương thượng đống đa	4:duoi_32_ky_tu
trần bình trọng, thái bình	4:duoi_32_ky_tu
Liên Tỉnh 5 - hồ chí minh	1:gach_noi_giua_cap | 4:duoi_32_ky_tu
thất sơn - hồ chí minh	1:gach_noi_giua_cap | 4:duoi_32_ky_tu
cầu gỗ - hoàn kiếm - hà nội	1:gach_noi_giua_cap | 4:duoi_32_ky_tu
him lam kênh tẻ đường 1 quận 7	4:duoi_32_ky_tu
full house	3:keyword_la_toan_so | 4:duoi_32_ky_tu
xã tân ước, thanh oai	4:duoi_32_ky_tu
xã cần kiệm, thạch thất, hà nội	4:duoi_32_ky_tu
Kha Vạn Cân, Thủ Đức	4:duoi_32_ky_tu
phường tân phú cái răng	4:duoi_32_ky_tu
thị trấn liên hương	4:duoi_32_ky_tu
Bình Minh Vĩnh Long	4:duoi_32_ky_tu
đường tân trào, ninh kiều	4:duoi_32_ky_tu
screc ii tower	4:duoi_32_ky_tu
phố 36 quế võ, bắc ninh	4:duoi_32_ky_tu
Đường Đường Quang Ham - Phường 15 - Gò Vấp - Hồ Chí Minh	1:gach_noi_giua_cap | 2:trung_keyword[đường đường]
thanh hóa - mỹ tho - tiền giang	1:gach_noi_giua_cap | 4:duoi_32_ky_tu
phổ yên - thái nguyên	1:gach_noi_giua_cap | 4:duoi_32_ky_tu
đường phan văn hớn quận 12	4:duoi_32_ky_tu
khương đình	4:duoi_32_ky_tu
hòa minh 4 liên chiểu - đà nẵng	1:gach_noi_giua_cap | 4:duoi_32_ky_tu
bình thạnh, sài gòn	4:duoi_32_ky_tu
đường xuân dieu - quy nhơn - bình định	1:gach_noi_giua_cap
đường xuân thới sơn 20 hóc môn	4:duoi_32_ky_tu
đường quốc lộ 23 - mê linh hà nội	1:gach_noi_giua_cap
lê thiết hùng cẩm lệ	4:duoi_32_ky_tu
đường xã lộ đại hàn, thủ đức	4:duoi_32_ky_tu
đường 4 bình chánh	4:duoi_32_ky_tu
đường thiên loi	4:duoi_32_ky_tu
30 chu huy mân sơn trà, đà nẵng	4:duoi_32_ky_tu
đường 25, quận 7	4:duoi_32_ky_tu
Mỹ Yên Bến Lức	4:duoi_32_ky_tu
50 267	3:keyword_la_toan_so | 4:duoi_32_ky_tu
trưng trắc vĩnh phúc	4:duoi_32_ky_tu
đường phú thuận quận 7 - tp hồ chí minh	1:gach_noi_giua_cap
Đường Khương Trung mới, Hà Nội	4:duoi_32_ky_tu
phường phú lương - trinh lương - hà đông	1:gach_noi_giua_cap
203 hoàng quốc việt - cầu giấy	1:gach_noi_giua_cap | 4:duoi_32_ky_tu
Lê Dinh, Tam Kỳ, Quảng Nam	4:duoi_32_ky_tu
dự án melody residences 16 âu cơ tân phú - hồ chí minh	1:gach_noi_giua_cap
số 24 - thủ đức	1:gach_noi_giua_cap | 4:duoi_32_ky_tu
nguyễn văn tố, tân phú	4:duoi_32_ky_tu
kênh đông - củ chi - hồ chí minh	1:gach_noi_giua_cap
đường nguyễn kieu đà nẵng	4:duoi_32_ky_tu
nguyễn trung trực - sơn trà - đà nẵng	1:gach_noi_giua_cap
269 - trần đăng ninh - cầu giấy - hà nội	1:gach_noi_giua_cap
Tam Đảo - Quận 10 - Hồ Chí Minh	1:gach_noi_giua_cap | 4:duoi_32_ky_tu
tdc plaza - đường lê lai phường định hoà - thủ dầu một	1:gach_noi_giua_cap
Dự án V - Star Phường Phú Thuận Quận 7 Hồ Chí Minh	1:gach_noi_giua_cap
dự án chung cư 26 nguyễn thượng hiền - gò vấp - hồ chí minh	1:gach_noi_giua_cap
663 trương định, hoàng mai	4:duoi_32_ky_tu
cao đức lân	4:duoi_32_ky_tu
số 2 - Quận 7 Hồ Chí Minh	1:gach_noi_giua_cap | 4:duoi_32_ky_tu
phường tiến thành phan thiết	4:duoi_32_ky_tu
đường đường khe - tân phú	1:gach_noi_giua_cap | 2:trung_keyword[đường đường] | 4:duoi_32_ky_tu
cư xá bắc hải - phường 15 - quận 10 hồ chí minh	1:gach_noi_giua_cap
khu dân cư phi long 5 - bình chánh - hồ chí minh	1:gach_noi_giua_cap
căn hộ florita đức khải	4:duoi_32_ky_tu
nguyễn thượng hiền - cẩm lệ	1:gach_noi_giua_cap | 4:duoi_32_ky_tu
424/ 9a đường ong ich khiêm thanh khê - đà nẵng	0:thieu_dau_sai_chinh_ta[ich] | 1:gach_noi_giua_cap
Trương Định - Quận 3 - Hồ Chí Minh	1:gach_noi_giua_cap
Phố Thị Sach Phường Ngô Thì Nhậm Hai Bà Trưng Hà Nội	0:thieu_dau_sai_chinh_ta[sach]
đông an - dĩ an - bình dương	1:gach_noi_giua_cap | 4:duoi_32_ky_tu
song hành, phường	4:duoi_32_ky_tu
Nam Long 1 Đường 10 - Tân Phong - Quận 7 - Hồ Chí Minh	1:gach_noi_giua_cap
đường tân hưng, quận 5	4:duoi_32_ky_tu
flora anh đào, quận 9 sài gòn	4:duoi_32_ky_tu
Sun City Building	3:keyword_la_toan_so | 4:duoi_32_ky_tu
96 Đại Cồ Việt - Hai Bà Trưng - Hà Nội	1:gach_noi_giua_cap
nghĩa tân - cầu giấy	1:gach_noi_giua_cap | 4:duoi_32_ky_tu
Chương Dương, Hồ Chí Minh	4:duoi_32_ky_tu
đường 11 - phú nhuậnhồ - chí minh	1:gach_noi_giua_cap
Florita	3:keyword_la_toan_so | 4:duoi_32_ky_tu
11/ 172 Nguyễn Trãi - Thừa Thiên Huế	1:gach_noi_giua_cap
95 quận nhân thanh xuân hà nội	4:duoi_32_ky_tu
đường cầu bình - thuỷ nguyên - hải phòng	1:gach_noi_giua_cap
17/ 5 4 huỳnh tấn phát - quận 7	1:gach_noi_giua_cap | 4:duoi_32_ky_tu
đường d21, thuận an	4:duoi_32_ky_tu
Phú LuongPhu Lam - Hà Đông Hà Nội	0:thieu_dau_sai_chinh_ta[lam hà] | 1:gach_noi_giua_cap
nguyễn văn linh bình chánh - tp hồ chí minh	1:gach_noi_giua_cap
đường an thượng 18 - đà nẵng	1:gach_noi_giua_cap | 4:duoi_32_ky_tu
đường đinh đức thiện - cần đước	1:gach_noi_giua_cap | 4:duoi_32_ky_tu
36 đường đào tân, hà nội	4:duoi_32_ky_tu
dự án ford thăng long - phố láng hạ - đống đa	1:gach_noi_giua_cap
dự án khu dân cư tân bình - đường mỹ phước tân vạn - dĩ an - bình dương	1:gach_noi_giua_cap
đường xuân thới thượng 22	4:duoi_32_ky_tu
thuong dong hiển khánh vụ bản, nam định	0:thieu_dau_sai_chinh_ta[thuong]
mỹ hưng - tân phong - đường nguyễn văn linh - quận 7 - hồ chí minh	1:gach_noi_giua_cap
Khu nhà ở Hào Nam	4:duoi_32_ky_tu
trần văn trà - cẩm lệ	1:gach_noi_giua_cap | 4:duoi_32_ky_tu
Đường Dương Thị Mười - Quận 12 - Hồ Chí Minh	1:gach_noi_giua_cap
ngách 66 thông phong	4:duoi_32_ky_tu
đường kinh bắc 74, bắc ninh	4:duoi_32_ky_tu
đường phan huy chú - thanh hóa	1:gach_noi_giua_cap | 4:duoi_32_ky_tu
Dự án Viện bỏng Lê Hữu Trác - Thanh Trì Hà Nội	1:gach_noi_giua_cap
218 - Phố Giảng Võ - Ba Đình Hà Nội	1:gach_noi_giua_cap
đường đường khe - tân phú tp hồ chí minh	1:gach_noi_giua_cap | 2:trung_keyword[đường đường]
dự án green lake - hòa thọ đông đường bau gia thuong 3 - đà nẵng	0:thieu_dau_sai_chinh_ta[thuong] | 1:gach_noi_giua_cap
tân thuận tây - quận 7 - tp hồ chí minh	1:gach_noi_giua_cap
63 Đồng Du - Quận 1 - Hồ Chí Minh	1:gach_noi_giua_cap
khu dân cu 6b intresco - bình chánh - tp hồ chí minh	0:thieu_dau_sai_chinh_ta[dân cu] | 1:gach_noi_giua_cap
03 ngõ 332 phố lý thường kiệt - thái bình	1:gach_noi_giua_cap
125/ 84 bùi dinh tuy bình thạnh hồ chí minh	0:thieu_dau_sai_chinh_ta[bùi dinh,dinh tuy]
võ nhu hùng an hải tây, sơn trà	4:duoi_32_ky_tu
thiên hien	0:thieu_dau_sai_chinh_ta[hien] | 4:duoi_32_ky_tu
257 nguyễn trãi - nguyễn cư trinh quận 1	1:gach_noi_giua_cap
đường 17 - dĩ an - bình dương	1:gach_noi_giua_cap | 4:duoi_32_ky_tu
đường nguyễn khuyến, ngô quyền	4:duoi_32_ky_tu
Định Tiến Hoàng - Bình Thạnh	1:gach_noi_giua_cap | 4:duoi_32_ky_tu
đường lương yên hà noi	0:thieu_dau_sai_chinh_ta[hà noi] | 4:duoi_32_ky_tu
87 - Tây Sơn Quang Trung Đống Đa	1:gach_noi_giua_cap
xã ninh trung, khánh hòa	4:duoi_32_ky_tu
tulip tower - huỳnh tấn phát - quận 7	1:gach_noi_giua_cap
xã đại mỗ	4:duoi_32_ky_tu
đường ngọc chi xã vĩnh ngọc - đông anh - hà nội	1:gach_noi_giua_cap
tân dân sóc sơn hà nội	4:duoi_32_ky_tu
80 an xá ba đình hà nội	4:duoi_32_ky_tu
thới an.  - quận 12 - hồ chí minh	1:gach_noi_giua_cap
ngọc đại, hà nội	4:duoi_32_ky_tu
kdc cho bình dien - nguyễn văn linh - phường 7 - quận 8 - hồ chí minh	0:thieu_dau_sai_chinh_ta[dien] | 1:gach_noi_giua_cap
Đường 1A KDC Nam Hùng Vương Phường An Lạc - Bình Tân - Hồ Chí Minh	1:gach_noi_giua_cap
đường 21, quận 12, hồ chí minh	4:duoi_32_ky_tu
Đường Nguyễn Hữu Cảnh Bình Thạnh - Hồ Chí Minh	1:gach_noi_giua_cap
quảng an - tây hồ - hà nội	1:gach_noi_giua_cap | 4:duoi_32_ky_tu
đường hòa hảo quận 10	4:duoi_32_ky_tu
Dự án Golden Westlake - 151 Thụy Khuê	1:gach_noi_giua_cap
đường 836, quận 9, hồ chí minh	4:duoi_32_ky_tu
đường quảng an - hà nội	1:gach_noi_giua_cap | 4:duoi_32_ky_tu
xã tân thắng, bình thuận	4:duoi_32_ky_tu
đường 14/ 9 tp. vĩnh long	4:duoi_32_ky_tu
3189/ 42 đường phạm thế hiển - f7 - quận 8 - hồ chí minh	1:gach_noi_giua_cap
Green Pearl 378 Minh Khai	3:keyword_la_toan_so | 4:duoi_32_ky_tu
bắc trà my, quảng nam	4:duoi_32_ky_tu
tân trào khánh hòa	4:duoi_32_ky_tu
số 09, đường 4b, khánh hòa	4:duoi_32_ky_tu
hồng bàng hải phòng	4:duoi_32_ky_tu
đường hoàng liên, hà nội	4:duoi_32_ky_tu
Khu dân cư Tân Bình - Mỹ Phước Tân Vạn - Dĩ An - Bình Dương	1:gach_noi_giua_cap
Đường 83 Quận 7	4:duoi_32_ky_tu
đường lê duẩn thị trấn long thành long thành, đồng nai	2:trung_keyword[long thành]
Hạ Lũng	4:duoi_32_ky_tu
cống quỳnh, quận 1, hồ chí minh	4:duoi_32_ky_tu
đường hà huy giáp - cẩm lệ đà nẵng	1:gach_noi_giua_cap
Lê Văn Hữu Đà Nẵng	4:duoi_32_ky_tu
95 tổ hieu q. cầu giấy	4:duoi_32_ky_tu
322/ 187a4 - dương quảng hàm gò vấp - hồ chí minh	1:gach_noi_giua_cap
lê duẩn - an khê - thanh khê - đà nẵng	1:gach_noi_giua_cap
đường 1, dĩ an, bình dương	4:duoi_32_ky_tu
dự án the everrich iii - quận 7 hồ chí minh	1:gach_noi_giua_cap
đường tản đà, lâm đồng	4:duoi_32_ky_tu
An Dương Vương Tây Hồ - Hà Nội	1:gach_noi_giua_cap | 4:duoi_32_ky_tu
tân phú cái răng	4:duoi_32_ky_tu
dự án đông thủ thiêm - phường bình trưng đông - hồ chí minh	1:gach_noi_giua_cap
phố 36 - quế võ - bắc ninh	1:gach_noi_giua_cap | 4:duoi_32_ky_tu
kt 11 - hóc môn hồ chí minh	1:gach_noi_giua_cap | 4:duoi_32_ky_tu
đường vũ chí thắng lê chân. - hải phòng	1:gach_noi_giua_cap
đào duy tung đông anh	4:duoi_32_ky_tu
nguyễn vạn lương, hồ chí minh	4:duoi_32_ky_tu
Phường Thạc Gián	4:duoi_32_ky_tu
156/ 1/ 1 cộng hòa tân bình	4:duoi_32_ky_tu
thới bình, cà mau	4:duoi_32_ky_tu
KĐT Linh Đàm - Nguyễn Xiển - Đại Kim - Hoàng Mai	1:gach_noi_giua_cap
xã vĩnh điện - điện bàn quảng nam	1:gach_noi_giua_cap
cẩm phô, hội an, quảng nam	4:duoi_32_ky_tu
võ công tồn hồ chí minh	4:duoi_32_ky_tu
đường d12 thủ dầu một - bình dương	1:gach_noi_giua_cap
phường đồng nhân - phố lê gia định - hai bà trưng - hà nội	1:gach_noi_giua_cap
Đại Ngan - Đường 22/ 12 Thuận Giao Thuận An	1:gach_noi_giua_cap
Đầm Trấu	4:duoi_32_ky_tu
eco village - đức hoà hạ đức hòa	1:gach_noi_giua_cap
đường lê dinh chi	4:duoi_32_ky_tu
phường đa phúc phố tiểu trà - dương kinh - hải phòng	1:gach_noi_giua_cap
đường số 34 p. tân quy q. 7	4:duoi_32_ky_tu
Đường Giảng Võ Đống Đa Hà Nội	4:duoi_32_ky_tu
phường 13 - tân bình	1:gach_noi_giua_cap | 4:duoi_32_ky_tu
dự án làng sen việt nam đức hoà đông - đường tỉnh lộ 10 đức hòa - long an	1:gach_noi_giua_cap
155 phố an trạch	4:duoi_32_ky_tu
Lạc Long Quân - Bình Dương	1:gach_noi_giua_cap | 4:duoi_32_ky_tu
khu đỗ thị mới tân tây đỗ	4:duoi_32_ky_tu
đường nguyễn trãi - phường nhân chính - thanh xuân - hà nội	1:gach_noi_giua_cap
phường ve an	4:duoi_32_ky_tu
dự án ciputra tây hồ hà nội	4:duoi_32_ky_tu
đường da1 - 1 bình dương	4:duoi_32_ky_tu
phố cầu gỗ - hoàn kiếm - hà nội	1:gach_noi_giua_cap | 4:duoi_32_ky_tu
N03 - T8 Ngoai Giao Đoàn, Bắc Từ Liêm, Hà Nội	1:gach_noi_giua_cap
q. hải an, hải phòng	4:duoi_32_ky_tu
5, tân phú, đồng nai	4:duoi_32_ky_tu
sô 53g 25/ 7 phố vũ ngọc phan - đống đa hà nội	1:gach_noi_giua_cap
dự án intracom 2 cầu diễn - bắc từ liêm - hà nội	1:gach_noi_giua_cap
đường phạm ngọc thạch đống đa. - hà nội	1:gach_noi_giua_cap
vĩnh lộc a hồ chí minh	4:duoi_32_ky_tu
đường phạm ngũ lão, gia lai	4:duoi_32_ky_tu
nhơn hoà 7 cẩm lệ, đà nẵng	4:duoi_32_ky_tu
lê thanh nghị, nha trang	4:duoi_32_ky_tu
trần bình, nam từ liêm	4:duoi_32_ky_tu
đường thạnh lộc 26 - quận 12 - hồ chí minh	1:gach_noi_giua_cap
đường nhơn hòa 7	4:duoi_32_ky_tu
Đường Nguyễn Kiệm Phú Nhuận	4:duoi_32_ky_tu
hồng mai, hai bà trưng, hà nội	4:duoi_32_ky_tu
đông sơn tam điệp, ninh bình	4:duoi_32_ky_tu
hai bà trưng quận 3	4:duoi_32_ky_tu
đường quan hoa, cầu giấy	0:thieu_dau_sai_chinh_ta[đường quan,hoa cầu] | 4:duoi_32_ky_tu
chung cu 125 hoàng ngan - cầu giấy hà nội	0:thieu_dau_sai_chinh_ta[chung cu] | 1:gach_noi_giua_cap
Phường Vĩnh Mỹ Châu Đốc	4:duoi_32_ky_tu
dinh thôn, nam từ liêm	4:duoi_32_ky_tu
dự án khu can ho thuan việt, quận 11, sài gòn	0:thieu_dau_sai_chinh_ta[can ho]
đường hoài thanh quận 8	4:duoi_32_ky_tu
45a/ 7 đường phạm hùng - quận 8 - hồ chí minh	1:gach_noi_giua_cap
Lê Quảng Kim Phường 9 Quận 8	4:duoi_32_ky_tu
đào nhuan hải phòng	4:duoi_32_ky_tu
khâm thiên building	4:duoi_32_ky_tu
dx 068, thủ dầu một, bình dương	4:duoi_32_ky_tu
Nhà 52 - Đường 85 Quận 7	1:gach_noi_giua_cap | 4:duoi_32_ky_tu
Đường Triệu Quang Phục - Quận 5	1:gach_noi_giua_cap | 4:duoi_32_ky_tu
Điện Biên Phủ - Bình Thạnh	1:gach_noi_giua_cap | 4:duoi_32_ky_tu
đường 9 đức hòa - long an	1:gach_noi_giua_cap | 4:duoi_32_ky_tu
638/ 42/ 20 lê trọng tấn	4:duoi_32_ky_tu
quốc lộ 6a	4:duoi_32_ky_tu
đường nguyễn văn ba - hồ chí minh	1:gach_noi_giua_cap
Dự án The Morning Star Plaza - Bình Thạnh - Hồ Chí Minh	1:gach_noi_giua_cap
Đường B2 - Thành Công Buôn Ma Thuột - Đắk Lắk	1:gach_noi_giua_cap
đinh công tráng - p. xuân khánh - q. ninh kiều - tp. cần thơ	1:gach_noi_giua_cap
Trung Sơn - Đường 1 - Bình Hưng - Bình Chánh - Hồ Chí Minh	1:gach_noi_giua_cap
lê quy don việt trì phú thọ	4:duoi_32_ky_tu
đường 3/ 2 - phường 11 - quận 10	1:gach_noi_giua_cap
đường 100 quận 11	4:duoi_32_ky_tu
Phạm Ngọc Thạch - Đống Đa. - Hà Nội	1:gach_noi_giua_cap
đường 4 thủ dầu một, bình dương	4:duoi_32_ky_tu
samland building - đường ung văn khiêm - hồ chí minh	1:gach_noi_giua_cap
vương thừa vũ - thanh xuân	1:gach_noi_giua_cap | 4:duoi_32_ky_tu
lê văn khương p thới an	4:duoi_32_ky_tu
NGuyễn Chánh, Cầu Giấy Hà Nội	4:duoi_32_ky_tu
Nguyễn Hữu Thọ, Quận 7	4:duoi_32_ky_tu
Thanh Xuân 18	4:duoi_32_ky_tu
bạch vân quận 5 tp hồ chí minh	4:duoi_32_ky_tu
71/ 3 chế lan viên, hồ chí minh	4:duoi_32_ky_tu
go o mới - hồ chí minh	1:gach_noi_giua_cap | 4:duoi_32_ky_tu
ngõ 67 Đường Phung Khoang, Nam Từ Liêm, Hà Nội	0:thieu_dau_sai_chinh_ta[đường phung]
Khu đỗ thị Bắc Tân Lợi - Buôn Ma Thuột - Đắk Lắk	1:gach_noi_giua_cap
Đường Nguyễn Khuyến - Hải Phòng	1:gach_noi_giua_cap | 4:duoi_32_ky_tu
đường nguyễn quý tân	4:duoi_32_ky_tu
Đường Hoàng Ngọc Phách - Tân Phú	1:gach_noi_giua_cap
screc tower quận 3 - hồ chí minh	1:gach_noi_giua_cap
Phường Phú Thượng - Tây Hồ - Hà Nội	1:gach_noi_giua_cap
đường gò công phường 13 quận 5	4:duoi_32_ky_tu
đường tỉnh lộ 39b kiến xương	4:duoi_32_ky_tu
Xã Thiện Trí - Cái Bè Tiền Giang	1:gach_noi_giua_cap
Đường Thiên Hiền - Mễ Trì - Hà Nội	1:gach_noi_giua_cap
đường thái phien huế	0:thieu_dau_sai_chinh_ta[phien] | 4:duoi_32_ky_tu
Đường Hòa Đình	4:duoi_32_ky_tu
ho ngọc lan bắc ninh	4:duoi_32_ky_tu
Số 2 Bình Tân	4:duoi_32_ky_tu
1008/ 16 Đường Trường Sa - P12 - Quận 3	1:gach_noi_giua_cap
tô vĩnh diện cẩm lệ, đà nẵng	4:duoi_32_ky_tu
đường ba hat	0:thieu_dau_sai_chinh_ta[hat] | 4:duoi_32_ky_tu
133 phổ quang p. 9	4:duoi_32_ky_tu
Trần Bình Trọng, Quận 10	4:duoi_32_ky_tu
111 - đường lũy bán bích - tân phú hồ chí minh	1:gach_noi_giua_cap
đường lê đình cẩn bình tân	4:duoi_32_ky_tu
phố bùi ngọc đường	4:duoi_32_ky_tu
4 38 39 đại đồng hoàng mai	4:duoi_32_ky_tu
phần lăng 11 - đà nẵng	1:gach_noi_giua_cap | 4:duoi_32_ky_tu
đường 168	4:duoi_32_ky_tu
Lê Đỉnh Tam Kỳ	4:duoi_32_ky_tu
đường lê lai hà đông hà nội	4:duoi_32_ky_tu
dự án natural village tỉnh lộ 10 - đức hòa	1:gach_noi_giua_cap
đường 4, thủ dầu một	4:duoi_32_ky_tu
đường phạm hùng, đắk lắk	4:duoi_32_ky_tu
đường 83 quận 7 hồ chí minh	4:duoi_32_ky_tu
Đường Bùi Thị Xuân - Dĩ An - Bình Dương	1:gach_noi_giua_cap
vinhomes central park - bình thạnh - sài gòn	1:gach_noi_giua_cap
Trần Hưng Đạo phường Mỵ Bình	4:duoi_32_ky_tu
angia star - phường tân tạo - đường quốc lộ 1a - bình tân	1:gach_noi_giua_cap
phố đông chiêu, dĩ an	4:duoi_32_ky_tu
1103 - đường Nguyễn Văn Linh An Dương	1:gach_noi_giua_cap
11/ 5 đường hồ đắc di - tân phú tp hồ chí minh	1:gach_noi_giua_cap
121 phan đăng lưu p. 7 phú nhuận - hồ chí minh	1:gach_noi_giua_cap
phường phú lương - đường trinh lương - hà đông - hà nội	1:gach_noi_giua_cap
đường thiên lôi	4:duoi_32_ky_tu
1 đường phùng chí kiên, nghệ an	4:duoi_32_ky_tu
dự án chung cu mỹ phước bình thạnh hồ chí minh	0:thieu_dau_sai_chinh_ta[chung cu]
Xã Thanh Tân Thanh Liêm	4:duoi_32_ky_tu
89 An Dương Vương, Nghệ An	4:duoi_32_ky_tu
Nghi Tân Nghệ An	4:duoi_32_ky_tu
khuông hà, thanh xuân, hà nội	4:duoi_32_ky_tu
Hương lộ 2 Bình Tân	4:duoi_32_ky_tu
dự án bình hòa, đường bình lợi	4:duoi_32_ky_tu
nguyễn du thuận an - bình dương	1:gach_noi_giua_cap | 4:duoi_32_ky_tu
cao diên thạnh hòa thành hoa	0:thieu_dau_sai_chinh_ta[thành hoa] | 4:duoi_32_ky_tu
Thanh Tân - Thanh Liêm - Hà Nam	1:gach_noi_giua_cap | 4:duoi_32_ky_tu
hẻm 504 đường kinh đường vuong q. bình tân - tp. hồ chí minh	0:thieu_dau_sai_chinh_ta[vuong,đường vuong] | 1:gach_noi_giua_cap
Dự Án River Park Vành Đại trọng Quan 9 Hồ Chí Minh	0:thieu_dau_sai_chinh_ta[trọng quan,quan hồ]
thống nhất - dĩ an - bình dương	1:gach_noi_giua_cap | 4:duoi_32_ky_tu
song hành phường	4:duoi_32_ky_tu
Hà Huy Giáp, Cẩm Lệ	4:duoi_32_ky_tu
đường tho nhuom	0:thieu_dau_sai_chinh_ta[nhuom] | 4:duoi_32_ky_tu
đường 50 - mỹ tho tiền giang	1:gach_noi_giua_cap | 4:duoi_32_ky_tu
nguyễn văn thành - quận 9	1:gach_noi_giua_cap | 4:duoi_32_ky_tu
Đường 339 Quận 9	4:duoi_32_ky_tu
uyên hưng bình dương	4:duoi_32_ky_tu
đường 1 - phường tân tạo a bình tân hồ chí minh	1:gach_noi_giua_cap
phố lý thái tổ quận 3	4:duoi_32_ky_tu
vân canh, hà nội	4:duoi_32_ky_tu
đại mỗ nam từ liêm hà n. oi	4:duoi_32_ky_tu
Tân Chánh Hiệp	4:duoi_32_ky_tu
đường hai bà trưng - phường tân định - quận 1 - hồ chí minh	1:gach_noi_giua_cap
đường cái lân - phường giếng đáy	1:gach_noi_giua_cap
Đường Phan Ke Bình - Quận 1 - Tp Hồ Chí Minh	1:gach_noi_giua_cap
đường 1, dĩ an	4:duoi_32_ky_tu
an đồng đường cai tat - an dương	0:thieu_dau_sai_chinh_ta[tat] | 1:gach_noi_giua_cap
Đường Thông Phong, Hà Nội	4:duoi_32_ky_tu
đường hòa minh 4 - liên chiểu - đà nẵng	1:gach_noi_giua_cap
tân phong quận 7	4:duoi_32_ky_tu
Phường Chiềng Sinh Sơn La	4:duoi_32_ky_tu
phố lạch tray - lê chân - hải phòng	1:gach_noi_giua_cap
294/ 22/ 41 - xo việt nghệ tỉnh	1:gach_noi_giua_cap | 4:duoi_32_ky_tu
văn chương - trần quý cáp - đống đa - hà nội	1:gach_noi_giua_cap
khu công nghiệp tân đỗ	4:duoi_32_ky_tu
Đường T1 Tân Phú	4:duoi_32_ky_tu
bắc sơn - sóc sơn	1:gach_noi_giua_cap | 4:duoi_32_ky_tu
Đường 7A - Quận 11	1:gach_noi_giua_cap | 4:duoi_32_ky_tu
hoàng đạo thành, hà nội	4:duoi_32_ky_tu
dự án him lam thạch bàn 2 - long biên - hà nội	1:gach_noi_giua_cap
đường 1 bình tân	4:duoi_32_ky_tu
Phường Cẩm Tây - Cẩm Phả - Quảng Ninh	1:gach_noi_giua_cap
Huỳnh Văn Nhut Tân An Long An	0:thieu_dau_sai_chinh_ta[nhut] | 4:duoi_32_ky_tu
Đinh Liệt Tân Phú	4:duoi_32_ky_tu
đường số 24 thủ đức - hồ chí minh	1:gach_noi_giua_cap
an dương vương, tuy hòa phú yên	4:duoi_32_ky_tu
bình dương	4:duoi_32_ky_tu
đường nguyễn trường tộ - tân phú hồ chí minh	1:gach_noi_giua_cap
Cao Dien - Thanh Hóa	0:thieu_dau_sai_chinh_ta[dien] | 1:gach_noi_giua_cap | 4:duoi_32_ky_tu
Phổ Yên Thái Nguyên	4:duoi_32_ky_tu
dự án can ho riva park quận 4 sài gòn	0:thieu_dau_sai_chinh_ta[can ho]
lotus apartment, đường ong ich khiêm, quận 11, hồ chí minh	0:thieu_dau_sai_chinh_ta[ich]
Lô 12 - KĐT mới Văn Phú - Lê Trọng Tấn - Hà Đông - Hà Nội	1:gach_noi_giua_cap
đường 22 thủ dầu một bình dương	4:duoi_32_ky_tu
mỹ an lê lộ ngũ hành sơn	4:duoi_32_ky_tu
yên thủy, hòa bình	4:duoi_32_ky_tu
phạm viết chánh - cẩm lệ - đà nẵng	1:gach_noi_giua_cap
16 ngõ 72 p. khương trung thành xuân - hà nội	1:gach_noi_giua_cap
Đường Bình Giã	4:duoi_32_ky_tu
Thạnh Mỹ Lợi, Hồ Chí Minh	4:duoi_32_ky_tu
hòa bình tân phú	4:duoi_32_ky_tu
phú lãm - hà đông - hà nội	1:gach_noi_giua_cap | 4:duoi_32_ky_tu
dự án kdc nam hưng vuong - bình tân hồ chí minh	0:thieu_dau_sai_chinh_ta[vuong,hưng vuong] | 1:gach_noi_giua_cap
yên vĩnh - hoài đức - hà nội	1:gach_noi_giua_cap | 4:duoi_32_ky_tu
019 nhạc sơn - kim tân	1:gach_noi_giua_cap | 4:duoi_32_ky_tu
số - 32/ 51/ 229 hàng kênh - lê chân - hải phòng	1:gach_noi_giua_cap
10 quan hoa	3:keyword_la_toan_so | 4:duoi_32_ky_tu
đường yết kiêu, yên bái	4:duoi_32_ky_tu
đường lê hồng phong - long khánh	1:gach_noi_giua_cap
Dự án Him Lam Riverside - Nguyễn Thị Thập - Tân Hưng - Quận 7 - Hồ Chí Minh	1:gach_noi_giua_cap
nguyễn hữu trí bình chánh	4:duoi_32_ky_tu
663 trương định hoàng mai	4:duoi_32_ky_tu
tòa nhà tân á đại thành	4:duoi_32_ky_tu
số 4 38 39 phố đại đồng, hà nội	4:duoi_32_ky_tu
đồng phát park view tower	4:duoi_32_ky_tu
tố hữu hải châu	4:duoi_32_ky_tu
đường hồng bàng - nha trang	1:gach_noi_giua_cap | 4:duoi_32_ky_tu
nguyễn thế rục nam định	4:duoi_32_ky_tu
Văn phòng và căn hộ cao cấp Licogi 13 Tower - Thanh Xuân - Hà Nội	1:gach_noi_giua_cap
hưng lộc, đồng nai	4:duoi_32_ky_tu
đường nguyễn duy trinh - quận 2	1:gach_noi_giua_cap | 4:duoi_32_ky_tu
Đường Cam Bắc 11 Đà Nẵng	4:duoi_32_ky_tu
đường liên tỉnh 5 - quận 8	1:gach_noi_giua_cap | 4:duoi_32_ky_tu
đường trường sơn - tân bình hồ chí minh	1:gach_noi_giua_cap
khu đô thị mới vĩnh hòa	4:duoi_32_ky_tu
Bắc Sơn Cẩm Lệ - Đà Nẵng	1:gach_noi_giua_cap | 4:duoi_32_ky_tu
vĩnh tân vành đại 4	4:duoi_32_ky_tu
đường lê quý đôn nam định	4:duoi_32_ky_tu
dự án him lam riverside - đường nguyễn thị thập - phường tân hưng - quận 7 - hồ chí minh	1:gach_noi_giua_cap
đường thới tây tân hiệp	4:duoi_32_ky_tu
52, Nguyễn Trường Tộ, Quận 4	4:duoi_32_ky_tu
hoàng việt tân bình hồ chí minh	4:duoi_32_ky_tu
Đường Hồ Đắc Di, Tân Phú	4:duoi_32_ky_tu
an trung 1 sơn trà	4:duoi_32_ky_tu
đường quốc lộ 38 - bắc ninh	1:gach_noi_giua_cap | 4:duoi_32_ky_tu
dự án khu đỗ thị mới định công - hoàng mai - hà nội	1:gach_noi_giua_cap
phố lý thường kiệt - phường 7 quận 11 - hồ chí minh	1:gach_noi_giua_cap
lê thị hà xã xuân thới sơn hóc môn - hồ chí minh	1:gach_noi_giua_cap
việt hùng quảng ninh	4:duoi_32_ky_tu
số 11 - 2 - định công thượng - hoàng mai - hà nội	1:gach_noi_giua_cap
The Gold View - Đường Bến Vân Đồn Phường 1 Quận 4 Hồ Chí Minh	1:gach_noi_giua_cap
bình tân tp hồ chí minh	4:duoi_32_ky_tu
87 Tây Sơn Quang Trung Đống Đa	4:duoi_32_ky_tu
Tô Vĩnh Diện Thanh Xuân Hà Nội	4:duoi_32_ky_tu
B2 - Thành Công Buôn Ma Thuột Đắk Lắk	1:gach_noi_giua_cap
Lũy Bán Bích - Tân Phú - Hồ Chí Minh	1:gach_noi_giua_cap
kim giang - hoàng mai - hà nội	1:gach_noi_giua_cap | 4:duoi_32_ky_tu
xuân thiều 10, đà nẵng	4:duoi_32_ky_tu
tân phú, đồng xoài	4:duoi_32_ky_tu
243/ 2/ 61 Chu Văn An - P. 12 - Bình Thạnh - Hồ Chí Minh	1:gach_noi_giua_cap
Dự án Cửu Long - Đường Phạm Văn Đồng Phường 12 - Bình Thạnh - Hồ Chí Minh	1:gach_noi_giua_cap
hàng cot phường hàng mã, hoàn kiếm hà nội	0:thieu_dau_sai_chinh_ta[cot]
cửa nam - thợ nhuộm	1:gach_noi_giua_cap | 4:duoi_32_ky_tu
phường phú thạnh - lê lăng - tân phú	1:gach_noi_giua_cap
dự án man thiện đường lê văn việt - quận 9	1:gach_noi_giua_cap
bình giã	4:duoi_32_ky_tu
dự án garden court 2 - quận 7 - hồ chí minh	1:gach_noi_giua_cap
1186 - 1188 đường võ văn kiệt - quận 5 - hồ chí minh	1:gach_noi_giua_cap
dự án the navita - đường go dua - phường tam bình - thủ đức - hồ chí minh	0:thieu_dau_sai_chinh_ta[đường go] | 1:gach_noi_giua_cap
trần đình xu - hồ chí minh	1:gach_noi_giua_cap | 4:duoi_32_ky_tu
327 phan đăng lưu phú nhuận - hồ chí minh	1:gach_noi_giua_cap
quan hoa	3:keyword_la_toan_so | 4:duoi_32_ky_tu
đường 182 - phường tăng nhơn phú a - quận 9 - hồ chí minh	1:gach_noi_giua_cap
Phường Bình Hưng Hòa B - Đường Quốc lộ 1A - Bình Tân - Hồ Chí Minh	1:gach_noi_giua_cap
ia rong, chư pưh, gia lai	4:duoi_32_ky_tu
võ văn tần long thành	4:duoi_32_ky_tu
đường 17, dĩ an, bình dương	4:duoi_32_ky_tu
Trần Não, Quận 2 Tp Hồ Chí Minh	4:duoi_32_ky_tu
phường mỹ phước - bình dương	1:gach_noi_giua_cap | 4:duoi_32_ky_tu
Dự án Becamex City Center - Đồng Khởi - Phường Chánh Nghĩa - Thủ Dầu Một Bình Dương	1:gach_noi_giua_cap
Dự án The Navita Quốc Lộ 13 Tam Bình Thủ Đức - Hồ Chí Minh	1:gach_noi_giua_cap
378 đường thống nhất, đức trọng	4:duoi_32_ky_tu
đống đa hà nội	4:duoi_32_ky_tu
Đường Lê Lợi - Hóc Môn	1:gach_noi_giua_cap | 4:duoi_32_ky_tu
đường mieu nha	4:duoi_32_ky_tu
đông dư	4:duoi_32_ky_tu
25/ 38 đường đoàn giỏi	4:duoi_32_ky_tu
dự án vĩnh lộc garden - bình chánh hồ chí minh	1:gach_noi_giua_cap
đường 2 - phường 7 - quận 11 hồ chí minh	1:gach_noi_giua_cap
Đường số 5 Gò Vấp hồ chí minh	4:duoi_32_ky_tu
87 tây sơn đống đa hà nội	4:duoi_32_ky_tu
lê lai, ninh kiều	4:duoi_32_ky_tu
Lương The Vinh - Thanh Xuân	1:gach_noi_giua_cap | 4:duoi_32_ky_tu
núi ngọc cát hải hải phòng	4:duoi_32_ky_tu
quận 7 - tp hồ chí minh	1:gach_noi_giua_cap | 4:duoi_32_ky_tu
đường me nhu - thanh khê	1:gach_noi_giua_cap | 4:duoi_32_ky_tu
nguyễn văn lung - đồng nai	1:gach_noi_giua_cap | 4:duoi_32_ky_tu
đại lộ thăng long nam từ liêm	4:duoi_32_ky_tu
tam nông, phú thọ	4:duoi_32_ky_tu
Đường Cao Triều Phát Quận 7	4:duoi_32_ky_tu
hàng buồm hoàn kiếm hà nội	4:duoi_32_ky_tu
Hẻm 216 - Lê Văn Thọ - Quận Gò Vấp	1:gach_noi_giua_cap
yên vĩnh hoài đức hà nội	4:duoi_32_ky_tu
Phương Lưu 6, Hải An, Hải Phòng	4:duoi_32_ky_tu
66 thông phong, đống đa	4:duoi_32_ky_tu
lái thiêu thuận an bình dương	4:duoi_32_ky_tu
Đường bùi quốc hưng	4:duoi_32_ky_tu
Đường Đào Nguyên Phổ, Thanh Khê	4:duoi_32_ky_tu
đường lê thanh nghị - hải châu	1:gach_noi_giua_cap | 4:duoi_32_ky_tu
đường liên ấp 2 - 6 - bình chánh hồ chí minh	1:gach_noi_giua_cap
lê lai, phường an cư ninh kiều	4:duoi_32_ky_tu
24 thủ đức - hồ chí minh	1:gach_noi_giua_cap | 4:duoi_32_ky_tu
xuân diệu - quy nhơn - bình định	1:gach_noi_giua_cap
Saigon Plaza Tower	4:duoi_32_ky_tu
long thành đồng nai	4:duoi_32_ky_tu
khu căn hộ cao cấp chánh hưng - quận 8 - hồ chí minh	1:gach_noi_giua_cap
xã đại mỗ - nam từ liêm - hà n. oi	1:gach_noi_giua_cap
đường lê đình chi	4:duoi_32_ky_tu
dự án 4s riverside garden bình triệu. - thủ đức hồ chí minh	1:gach_noi_giua_cap
hoàng diệu - xã xuân thanh - long khánh	1:gach_noi_giua_cap
đường Thụy Khuê - Hà Nội	1:gach_noi_giua_cap | 4:duoi_32_ky_tu
Đường Lê Lieu, Hồ Chí Minh	4:duoi_32_ky_tu
228 cộng hòa - p. 12 - q. tân bình	1:gach_noi_giua_cap
đường 12 bình tân	4:duoi_32_ky_tu
83 huỳnh mẫn đạt - quận 5 - hồ chí minh	1:gach_noi_giua_cap
đường ngô quyền, quận 10	4:duoi_32_ky_tu
22 vũ trọng phụng thanh xuân	4:duoi_32_ky_tu
Quang Trung - Phường Thạch Thang - Hải Châu - Đà Nẵng	1:gach_noi_giua_cap
đường võ nhu hung, phường an hải tây, sơn trà, đà nẵng	0:thieu_dau_sai_chinh_ta[hung phường]
số 2 hoàng cầu, hà nội	4:duoi_32_ky_tu
xã lộ đại han, thủ đức	4:duoi_32_ky_tu
số 8 - 514/ 32 - ngõ 514 - trần cung - bắc từ liêm - hà nội	1:gach_noi_giua_cap
phước minh, tây ninh	4:duoi_32_ky_tu
dự án thanh phố giao lưu - bắc từ liêm hà nội	1:gach_noi_giua_cap
Khu đô thị mới Đông Tăng Long Quận 9 - Hồ Chí Minh	1:gach_noi_giua_cap
tân mỹ bắc giang	4:duoi_32_ky_tu
Đường Xã lộ Đại Hàn - Thủ Đức - Hồ Chí Minh	1:gach_noi_giua_cap
dự án mỹ phú 3 đường 10 phường tân phú quận 7 - hồ chí minh	1:gach_noi_giua_cap
mega village quận 9 hồ chí minh	4:duoi_32_ky_tu
dự án hei tower dien luc - phường nhân chính nguy nhu kon tum - thanh xuân - hà nội	0:thieu_dau_sai_chinh_ta[dien,luc] | 1:gach_noi_giua_cap
466/ 11 - đường lê văn sỹ	1:gach_noi_giua_cap | 4:duoi_32_ky_tu
phường bà điểm - đường phan văn doi - hóc môn - hồ chí minh	1:gach_noi_giua_cap
dự án kdc hoàng hải - đường 7 - hóc môn	1:gach_noi_giua_cap
đường huỳnh văn nhut	0:thieu_dau_sai_chinh_ta[nhut] | 4:duoi_32_ky_tu
đường tân thụy - long biên	1:gach_noi_giua_cap | 4:duoi_32_ky_tu
kdc văn minh quận 2 - hồ chí minh	1:gach_noi_giua_cap
phan sào nam, tân bình	4:duoi_32_ky_tu
an thạnh - bến lức - long an	1:gach_noi_giua_cap | 4:duoi_32_ky_tu
phố chợ gạo hoàn kiếm - hà nội	1:gach_noi_giua_cap | 4:duoi_32_ky_tu
109/ 10a đường trung nu vuong - hải châu đà nẵng	0:thieu_dau_sai_chinh_ta[vuong] | 1:gach_noi_giua_cap
117 thái hà	4:duoi_32_ky_tu
116	3:keyword_la_toan_so | 4:duoi_32_ky_tu
kdc chơ long truong mới, quận 9 hồ chí minh	0:thieu_dau_sai_chinh_ta[truong,long truong]
21/ 6 Đường Tân Mỹ - Quận 7 Hồ Chí Minh	1:gach_noi_giua_cap
Dự án Nam Trung Yên, CD2	4:duoi_32_ky_tu
chung cu belleza apartment, đường phạm hữu lầu, phường phú mỹ, quận 7	0:thieu_dau_sai_chinh_ta[chung cu]
Đường 145 - Phước long b Hồ Chí Minh	1:gach_noi_giua_cap
phường 2 nguyễn sơn hà quận 3	4:duoi_32_ky_tu
25/ 38 Đoàn Giỏi - Q. Tân Phú Hồ Chí Minh	1:gach_noi_giua_cap
dự án kingston residence - 146 - phú nhuận - hồ chí minh	1:gach_noi_giua_cap
Hùng Thắng Hạ Long Quảng Ninh	4:duoi_32_ky_tu
ngọc khánh ba đình hà nội	4:duoi_32_ky_tu
thôn sằn cổ loa - đông anh - hà nội	1:gach_noi_giua_cap
Lac LoN. g Quận, Cầu Giấy, Hà Nội	0:thieu_dau_sai_chinh_ta[lac]
thủy xuân tiên hồ chí minh - chương mỹ	1:gach_noi_giua_cap
Đường Chua Láng Hạ Noi	0:thieu_dau_sai_chinh_ta[hạ noi] | 4:duoi_32_ky_tu
vân canh hà nội	4:duoi_32_ky_tu
dự án nam cầu nguyễn tri phương, đường trần vien, phường hòa xuân, cẩm lệ, đà nẵng	0:thieu_dau_sai_chinh_ta[vien]
lưu khai hồng củ chi	4:duoi_32_ky_tu
đường an thạnh thủy - gò công tây - tiền giang	1:gach_noi_giua_cap
nguyễn thái bình - tân bình	1:gach_noi_giua_cap | 4:duoi_32_ky_tu
Quận Bình Chánh	4:duoi_32_ky_tu
phố tiểu trà	4:duoi_32_ky_tu
Xã Tân Thành, Hòa Bình	4:duoi_32_ky_tu
đường lê tấn bê	4:duoi_32_ky_tu
xã tân tiến - đồng phú	1:gach_noi_giua_cap | 4:duoi_32_ky_tu
lê hữu kiều hồ chí minh	4:duoi_32_ky_tu
đường 26 bình tân	4:duoi_32_ky_tu
Xã Hàm Hiệp - Hàm Thuận Bắc - Bình Thuận	1:gach_noi_giua_cap
Quang Trung - Gò Vấp	1:gach_noi_giua_cap | 4:duoi_32_ky_tu
Phạm Thieu Sơn Trà Đà Nẵng	4:duoi_32_ky_tu
đường linh trung	4:duoi_32_ky_tu
đường đoàn kết, phường	4:duoi_32_ky_tu
lương yên hai bà trưng, hà nội	4:duoi_32_ky_tu
Thiên Lôi Lê Chân	4:duoi_32_ky_tu
trần quy cap - hà nội	0:thieu_dau_sai_chinh_ta[cap] | 1:gach_noi_giua_cap | 4:duoi_32_ky_tu
Đường 14 - Xã Hoà Lợi - Bến Cát - Bình Dương	1:gach_noi_giua_cap
Đường Cầu Bình Thủy Nguyễn - Hải Phòng	1:gach_noi_giua_cap
đường 2/ 9 - trường an - vĩnh long	1:gach_noi_giua_cap
Gò Ô Môi - Hồ Chí Minh	1:gach_noi_giua_cap | 4:duoi_32_ky_tu
quốc lộ 22a hóc môn hồ chí minh	4:duoi_32_ky_tu
số 23 - thủ đức hồ chí minh	1:gach_noi_giua_cap | 4:duoi_32_ky_tu
đông thành, hồ chí minh	4:duoi_32_ky_tu
48A - Đường Than Nhân Trung Tân Bình	1:gach_noi_giua_cap
Đường Phú Lộc 10	4:duoi_32_ky_tu
dự án ruby garden tân bình - tp hồ chí minh	1:gach_noi_giua_cap
trần phú, nhơn trạch, đồng nai	4:duoi_32_ky_tu
carillon 3, tân bình sài gòn	4:duoi_32_ky_tu
Huỳnh Mẫn Đạt, Quận 5	4:duoi_32_ky_tu
hát môn hà nội	4:duoi_32_ky_tu
Hoàng Ngọc Phách - Tân Phú - Tp Hồ Chí Minh	1:gach_noi_giua_cap
68/ 17a trần quang khải - quận 1 - hồ chí minh	1:gach_noi_giua_cap
phố mai hắc đế, đắk lắk	4:duoi_32_ky_tu
đường tỉnh lộ 284 - bắc giang	1:gach_noi_giua_cap | 4:duoi_32_ky_tu
giảng võ - ba đình - hà nội	1:gach_noi_giua_cap | 4:duoi_32_ky_tu
Dự án Flora Anh Đào - Đỗ Xuân Hợp - Phước Long B - Quận 9 - Hồ Chí Minh	1:gach_noi_giua_cap
hei tower dien luc phố nguy nhu kon tum phường nhân chính thanh xuân hà nội	0:thieu_dau_sai_chinh_ta[dien,luc]
đường 34a	4:duoi_32_ky_tu
dự án sun grand city ancora residence - hai bà trưng hà nội	1:gach_noi_giua_cap
đường đỗ doc tuyet - đà nẵng	0:thieu_dau_sai_chinh_ta[doc,tuyet] | 1:gach_noi_giua_cap | 4:duoi_32_ky_tu
full house đường 7, bình tân	4:duoi_32_ky_tu
chung cu belleza apartment đường phạm hữu lầu, phường phú mỹ, quận 7, hồ chí minh	0:thieu_dau_sai_chinh_ta[chung cu]
Xã Tân Lập 1 Tiền Giang	4:duoi_32_ky_tu
đường thới hòa - bình chánh	1:gach_noi_giua_cap | 4:duoi_32_ky_tu
bình lộc - tân	1:gach_noi_giua_cap | 4:duoi_32_ky_tu
đường nguyễn lam - phú nhuận hồ chí minh	1:gach_noi_giua_cap
Hiệp Thành Bình Dương	4:duoi_32_ky_tu
Lotus Lake View	3:keyword_la_toan_so | 4:duoi_32_ky_tu
đường phúc diễn, bắc từ liêm	4:duoi_32_ky_tu
P. Tân Chánh Hiệp - Quận 12	1:gach_noi_giua_cap | 4:duoi_32_ky_tu
Khu đỗ thị Chi Đông	4:duoi_32_ky_tu
nguyễn oanh - quận 12 - hồ chí minh	1:gach_noi_giua_cap
phạm phú tiet, hải châu, đà nẵng	0:thieu_dau_sai_chinh_ta[tiet]
tỉnh lộ 826 - bến lức - long an	1:gach_noi_giua_cap | 4:duoi_32_ky_tu
đinh tiên hoàng - bình thạnh tp hồ chí minh	1:gach_noi_giua_cap
giải phóng hai bà trưng	4:duoi_32_ky_tu
đường nghi tàm tây hồ - hà nội	1:gach_noi_giua_cap | 4:duoi_32_ky_tu
Đường 311 - Quận 9 - Hồ Chí Minh	1:gach_noi_giua_cap
đường quốc lộ 91 - long xuyên	1:gach_noi_giua_cap | 4:duoi_32_ky_tu
Phố Nguyễn Ngọc Vũ - Cầu Giấy - Hà Nội	1:gach_noi_giua_cap
chung cu đào duy tu	0:thieu_dau_sai_chinh_ta[chung cu] | 4:duoi_32_ky_tu
dự án vhome quận 8 hồ chí minh	4:duoi_32_ky_tu
dự án contentment plaza - thuận an - bình dương	1:gach_noi_giua_cap
nguyễn thị thập	4:duoi_32_ky_tu
đường trần phú - cẩm phả quảng ninh	1:gach_noi_giua_cap
đường huỳnh ngọc huệ thanh khê	4:duoi_32_ky_tu
triệu việt vuong hai bà trưng - hà nội	0:thieu_dau_sai_chinh_ta[vuong] | 1:gach_noi_giua_cap
đường cộng hòa - tân bình - hồ chí minh	1:gach_noi_giua_cap
lai uyên bàu bàng bình dương	4:duoi_32_ky_tu
Dự án Vạn Đô - Quận 4 Tp Hồ Chí Minh	1:gach_noi_giua_cap
phố kỳ đồng - thái bình	1:gach_noi_giua_cap | 4:duoi_32_ky_tu
Đường Lê Hồng Phong - Hà Đông	1:gach_noi_giua_cap | 4:duoi_32_ky_tu
9 đường nguyễn hiền, tp đà nẵng	4:duoi_32_ky_tu
chợ giàu từ sơn, bắc ninh	4:duoi_32_ky_tu
đường phạm văn đồng, q. sơn trà	4:duoi_32_ky_tu
Đường 26 Quận 8	4:duoi_32_ky_tu
16 72 p. khương trung hà nội	4:duoi_32_ky_tu
lý văn phức quận 1	4:duoi_32_ky_tu
đường tây sơn - đống đa hà nội	1:gach_noi_giua_cap | 4:duoi_32_ky_tu
019 ngõ nhạc sơn phường kim tân	4:duoi_32_ky_tu
đường b2 thành công đắk lắk	4:duoi_32_ky_tu
phường 1, quận 3 tp hồ chí minh	4:duoi_32_ky_tu
nha trang phước long	4:duoi_32_ky_tu
đường hồ ngọc lân, bắc ninh	4:duoi_32_ky_tu
đường tỉnh lộ 10a - thừa thiên huế	1:gach_noi_giua_cap
đường ton dân quận 4	4:duoi_32_ky_tu
bồ đề, long biên	4:duoi_32_ky_tu
truc bình thạnh tp hồ chí minh	0:thieu_dau_sai_chinh_ta[truc] | 4:duoi_32_ky_tu
số 328	4:duoi_32_ky_tu
Xã Hòa Ninh - Đường Quốc Lộ 20 - Di Linh	1:gach_noi_giua_cap
Dự án City Gate Towers - Quận 8 - Tp Hồ Chí Minh	1:gach_noi_giua_cap
hà huy tập - tân chính thanh khê đà nẵng	1:gach_noi_giua_cap
tram - long biên hà nội	1:gach_noi_giua_cap | 4:duoi_32_ky_tu
Lê Dinh Tam Kỳ Quảng Nam	4:duoi_32_ky_tu
Đường 10 Bình Tân - Hồ Chí Minh	1:gach_noi_giua_cap | 4:duoi_32_ky_tu
dự án can ho đông phương, tân thạnh, đường âu cơ, tân phú, hồ chí minh	0:thieu_dau_sai_chinh_ta[can ho]
6 - 7 trần quốc toản - vạn thắng - nha trang khánh hòa	1:gach_noi_giua_cap
phạm ngọc thạch - đống đa. hà nội	1:gach_noi_giua_cap
dự án tig đại mỗ - nam từ liêm - hà nội	1:gach_noi_giua_cap
Phố Nguyễn Ư Dĩ Hồ Chí Minh	4:duoi_32_ky_tu
Tân Phú - Tp Hồ Chí Minh	1:gach_noi_giua_cap | 4:duoi_32_ky_tu
Đường Lê Quang Đạo - Bắc Ninh	1:gach_noi_giua_cap | 4:duoi_32_ky_tu
đường cống quỳnh, hồ chí minh	4:duoi_32_ky_tu
D52 Thủ Đức Hồ Chí Minh	4:duoi_32_ky_tu
đường võ văn dũng - đống đa	1:gach_noi_giua_cap | 4:duoi_32_ky_tu
dự án khu biet thu saint simeon long hải vũng tàu	0:thieu_dau_sai_chinh_ta[biet]
phan đăng lưu - biên hòa	1:gach_noi_giua_cap | 4:duoi_32_ky_tu
đường nguyễn ba tuyen, tân bình, tp hồ chí minh	0:thieu_dau_sai_chinh_ta[tuyen]
đường yên phụ, tây hồ, hà nội	4:duoi_32_ky_tu
Phường Ngọc Thanh, Phúc Yên	4:duoi_32_ky_tu
tân mỹ, hà nội	4:duoi_32_ky_tu
nguyễn hoàng ton - phường xuân la - tây hồ - hà nội	1:gach_noi_giua_cap
134/ 17/ 11 lý chính thắng - p7 - q3	1:gach_noi_giua_cap
21/ 6 tân mỹ quận 7	4:duoi_32_ky_tu
đường him lam quận 7	4:duoi_32_ky_tu
lakai đường nguyễn trãi - quận 5 hồ chí minh	1:gach_noi_giua_cap
Chợ đêm Hạnh Thông Tây Đường Quang Trung - Gò Vấp - Hồ Chí Minh	1:gach_noi_giua_cap
số 10a, bình chánh, hồ chí minh	4:duoi_32_ky_tu
QL22 - Lộc Trát	1:gach_noi_giua_cap | 4:duoi_32_ky_tu
đường mỹ phước tân vạn - thủ dầu một bình dương	1:gach_noi_giua_cap
dự án nam long 1 - đường 10 - quận 7	1:gach_noi_giua_cap
đường hòa định - bắc ninh	1:gach_noi_giua_cap | 4:duoi_32_ky_tu
phường 13 tân bình	4:duoi_32_ky_tu
7 đường nguyễn khả trạc hà nội	4:duoi_32_ky_tu
Đường Võ Văn Kiệt Phường 7 - Quận 6 - Hồ Chí Minh	1:gach_noi_giua_cap
đường 20, bình dương	4:duoi_32_ky_tu
đường chùa láng	4:duoi_32_ky_tu
đường miêu nha	4:duoi_32_ky_tu
lương yên hà noi	0:thieu_dau_sai_chinh_ta[hà noi] | 4:duoi_32_ky_tu
đức chính, cẩm giàng	4:duoi_32_ky_tu
quận 4	4:duoi_32_ky_tu
đường ngọc đại	4:duoi_32_ky_tu
me coc, quận 8	0:thieu_dau_sai_chinh_ta[coc] | 4:duoi_32_ky_tu
Đường Độc Lập Long Biên Hà Nội	4:duoi_32_ky_tu
khuê mỹ ngũ hành sơn, đà nẵng	4:duoi_32_ky_tu
ngõ 29 đường nguyễn chí thanh - ba đình - hà nội	1:gach_noi_giua_cap
đường nguyễn trường tộ, tân phú	4:duoi_32_ky_tu
đường nguyễn the ruc	0:thieu_dau_sai_chinh_ta[ruc] | 4:duoi_32_ky_tu
phường Phú La - Hà Đông Lê Trọng Tấn	1:gach_noi_giua_cap
xã bắc sơn - sóc sơn	1:gach_noi_giua_cap | 4:duoi_32_ky_tu
đường 11 hưng phú cái răng	4:duoi_32_ky_tu
585 trần xuân soạn, quận 7	4:duoi_32_ky_tu
Đường Dinh Nghệ Đà Nẵng	0:thieu_dau_sai_chinh_ta[đường dinh] | 4:duoi_32_ky_tu
337/ 11 đường lê văn sy - tân bình	1:gach_noi_giua_cap
buôn krông a đắk lắk	4:duoi_32_ky_tu
đường xuân dieu quy nhơn	4:duoi_32_ky_tu
số 17 ụ ghe thủ đức hồ chí minh	4:duoi_32_ky_tu
đường 21 gò vấp hồ chí minh	4:duoi_32_ky_tu
50 ngõ 267	4:duoi_32_ky_tu
hùng thái quận 7 tp hồ chí minh	4:duoi_32_ky_tu
Phạm Viết Chánh Quận 1	4:duoi_32_ky_tu
vincom cần thơ	4:duoi_32_ky_tu
Carillon 3 - Tân Bình Sài Gòn	1:gach_noi_giua_cap | 4:duoi_32_ky_tu
441/ 27 Nguyễn Đình Chiểu - phường 5 Quận 3 - Hồ Chí Minh	1:gach_noi_giua_cap
mỹ xuân	4:duoi_32_ky_tu
tòa nha văn phong transmeco	4:duoi_32_ky_tu
lê hồng phong, quận 10	4:duoi_32_ky_tu
đường đội cấn, vĩnh phúc	4:duoi_32_ky_tu
Mậu Lương - Hà Đông Hà Nội	1:gach_noi_giua_cap | 4:duoi_32_ky_tu
đường tân thới nhì - hóc môn - hồ chí minh	1:gach_noi_giua_cap
đường tựu liệt - thanh trì hà nội	1:gach_noi_giua_cap
huy hoàng - đường dang nhu mai phường	1:gach_noi_giua_cap
xã tân phong vĩnh phúc	4:duoi_32_ky_tu
Võ Qúy Huân Bắc Từ Liêm Hà Nội	4:duoi_32_ky_tu
27 trương đình hội quận 8	4:duoi_32_ky_tu
phường an hải đông - đường võ nguyên giáp sơn trà	1:gach_noi_giua_cap
Dat Thanh, Tân Bình, Hồ Chí Minh	0:thieu_dau_sai_chinh_ta[dat]
Đường 26 - Thủ Đức	1:gach_noi_giua_cap | 4:duoi_32_ky_tu
81/ 15 Đường Tô Vĩnh Diện Dĩ An	4:duoi_32_ky_tu
đường 30 - cái bè	1:gach_noi_giua_cap | 4:duoi_32_ky_tu
sơn thủy 12	4:duoi_32_ky_tu
quận su - phường 11 quận 11	1:gach_noi_giua_cap | 4:duoi_32_ky_tu
đường d2, bình thạnh	4:duoi_32_ky_tu
phố 24, quế võ, bắc ninh	4:duoi_32_ky_tu
dự án nam đô complex hoàng mai - hà nội	1:gach_noi_giua_cap
chung cu 113 trung kinh	0:thieu_dau_sai_chinh_ta[chung cu] | 3:keyword_la_toan_so | 4:duoi_32_ky_tu
trần tử bình, hà nội	4:duoi_32_ky_tu
nghi tân	4:duoi_32_ky_tu
Xã Tấn Mỹ - Bắc Giang	1:gach_noi_giua_cap | 4:duoi_32_ky_tu
Phường Minh Đức - Đồ Sơn - Hải Phòng	1:gach_noi_giua_cap
243/ 2/ 61 Đường Chu Văn An Q. Bình Thạnh - Hồ Chí Minh	1:gach_noi_giua_cap
Tô Vĩnh Diện, Thanh Xuân Hà Nội	4:duoi_32_ky_tu
phường mỹ phước - bến cát	1:gach_noi_giua_cap | 4:duoi_32_ky_tu
585 trần xuân soạn - quận 7 hồ chí minh	1:gach_noi_giua_cap
đường cầu dậu - hà nội	1:gach_noi_giua_cap | 4:duoi_32_ky_tu
lý thường kiệt vũng tàu	4:duoi_32_ky_tu
số 12 - ngõ 87 đường lê văn hien - bắc từ liêm	0:thieu_dau_sai_chinh_ta[hien] | 1:gach_noi_giua_cap
đường nguyễn văn lượng	4:duoi_32_ky_tu
Đường Ái Mộ Gia Lâm	4:duoi_32_ky_tu
The Era Town Phú Mỹ Quận 7 - Hồ Chí Minh	1:gach_noi_giua_cap
phú thuận - quận 7 - tp hồ chí minh	1:gach_noi_giua_cap
phố kim mã ba đình hà nội	4:duoi_32_ky_tu
32 - lê văn lương p. tân hưng - q7	1:gach_noi_giua_cap
thuan việt - thiên phước - phường 15 - quận 11 - hồ chí minh	1:gach_noi_giua_cap
994 đường huỳnh tấn phát quận 7	4:duoi_32_ky_tu
thạnh lộc 19 - hồ chí minh	1:gach_noi_giua_cap | 4:duoi_32_ky_tu
đường nam hòa quận 9	4:duoi_32_ky_tu
phường hòa hiệp bắc liên chiểu - đà nẵng	1:gach_noi_giua_cap
hiệp nhất - tân bình	1:gach_noi_giua_cap | 4:duoi_32_ky_tu
đường y wang - buôn ma thuột - đắk lắk	1:gach_noi_giua_cap
Đường Nguyễn Hữu Trí - Bình Chánh Hồ Chí Minh	1:gach_noi_giua_cap
đường lê thanh nghị, hải châu	4:duoi_32_ky_tu
đường tựu liệt - phường định công - hoàng mai - hà nội	1:gach_noi_giua_cap
đường ho nguyễn trung cẩm lệ đà nẵng	0:thieu_dau_sai_chinh_ta[đường ho]
Số 71 ngõ 74 đường hữu hưng	4:duoi_32_ky_tu
Phố Kim Giang Thành Xuân Hà Noi	0:thieu_dau_sai_chinh_ta[hà noi] | 4:duoi_32_ky_tu
phường ngọc lâm, long biên	4:duoi_32_ky_tu
đường lê quý đôn - nha trang - khánh hòa	1:gach_noi_giua_cap
đường nghiem xuân yem - thanh trì - hà nội	0:thieu_dau_sai_chinh_ta[nghiem,yem] | 1:gach_noi_giua_cap
phố hồng mai - hai bà trưng hà nội	1:gach_noi_giua_cap
đường hồ đá - phường sở dầu - hồng bàng hải phòng	1:gach_noi_giua_cap
Dự án Hoàng Anh Gia Lai 1 - Lê Văn Lương - Quận 7 - Hồ Chí Minh	1:gach_noi_giua_cap
273/ 32A Đường Bàu Cát Tân Bình	4:duoi_32_ky_tu
253/ 16 bùi đình túy	4:duoi_32_ky_tu
quận sơn trà, đà nẵng	4:duoi_32_ky_tu
thiện trí - cái bè tiền giang	1:gach_noi_giua_cap | 4:duoi_32_ky_tu
51c	3:keyword_la_toan_so | 4:duoi_32_ky_tu
dự án la paz tower - hải châu đà nẵng	1:gach_noi_giua_cap
dự án him lam thạch bàn 2 - long biên hà nội	1:gach_noi_giua_cap
Đường Quốc Lộ 13 - Thủ Đức	1:gach_noi_giua_cap | 4:duoi_32_ky_tu
long xuyên tỉnh an giang	4:duoi_32_ky_tu
đặng châu tuệ	4:duoi_32_ky_tu
dự án cao oc bình đông xanh quận 8 tp hồ chí minh	0:thieu_dau_sai_chinh_ta[oc]
phường thuận thành huế	4:duoi_32_ky_tu
đường cao điển, thanh hóa	4:duoi_32_ky_tu
Phố Phan Đăng Lưu - Biên Hòa	1:gach_noi_giua_cap | 4:duoi_32_ky_tu
đường vĩnh niệm	4:duoi_32_ky_tu
đường 18 - linh trung thủ đức	1:gach_noi_giua_cap | 4:duoi_32_ky_tu
dự án kdc san bay long thành - long thành - đồng nai	1:gach_noi_giua_cap | 2:trung_keyword[long thành]
Đường Hương lộ 80 - Quận 12 Hồ Chí Minh	1:gach_noi_giua_cap
Tân Thành Lương Sơn Hòa Bình	4:duoi_32_ky_tu
hẻm 50 đường tân quý - tân phú - hồ chí minh	1:gach_noi_giua_cap
Tân Mỹ - Bắc Giang	1:gach_noi_giua_cap | 4:duoi_32_ky_tu
niem xã bắc ninh	0:thieu_dau_sai_chinh_ta[niem] | 4:duoi_32_ky_tu
xã phước đông gò dầu tây ninh	4:duoi_32_ky_tu
đường an hải 20 sơn trà	4:duoi_32_ky_tu
mê linh - nha trang - khánh hòa	1:gach_noi_giua_cap | 4:duoi_32_ky_tu
Phố Lý Thường Kiệt Thái Bình	4:duoi_32_ky_tu
đường 10 bình tân	4:duoi_32_ky_tu
64 phường 10, quận 6	4:duoi_32_ky_tu
Phú Lộc 8, Đà Nẵng	4:duoi_32_ky_tu
đường thạnh lộc 15	4:duoi_32_ky_tu
đường trung mỹ tây 3 quận 12	4:duoi_32_ky_tu
thiên lôi lê chân hải phòng	4:duoi_32_ky_tu
đường lê văn lương cầu giấy	4:duoi_32_ky_tu
đường văn cao, hải an	4:duoi_32_ky_tu
phường 5 - bà rịa vũng tàu	1:gach_noi_giua_cap | 4:duoi_32_ky_tu
đường 8 bình tân - hồ chí minh	1:gach_noi_giua_cap | 4:duoi_32_ky_tu
đường thái sanh hanh - tiền giang	1:gach_noi_giua_cap
kim giang hoàng mai, hà nội	4:duoi_32_ky_tu
kha văn can - hồ chí minh	1:gach_noi_giua_cap | 4:duoi_32_ky_tu
đường dinh thị văn, thanh khê	0:thieu_dau_sai_chinh_ta[đường dinh] | 4:duoi_32_ky_tu
thành thái hồ chí minh	4:duoi_32_ky_tu
xã yên thượng, hà nội	4:duoi_32_ky_tu
xã tân tiến - đồng phú - bình phước	1:gach_noi_giua_cap
đường 8, bình tân, hồ chí minh	4:duoi_32_ky_tu
khu dân cư bình hưng - bình chánh - tp hồ chí minh	1:gach_noi_giua_cap
ấp 5, Tân Phú Đông Nai	4:duoi_32_ky_tu
Đường Xom Chieu, Quận 4	0:thieu_dau_sai_chinh_ta[chieu quận] | 4:duoi_32_ky_tu
thuong dong hiển khánh vụ bản Nam Định	0:thieu_dau_sai_chinh_ta[thuong]
đường hương lộ	4:duoi_32_ky_tu
Xã Quang Trung Phú Xuyên	4:duoi_32_ky_tu
Trần Huy Liệu Ba Đình	4:duoi_32_ky_tu
an hoà, tp sa đéc, đồng tháp	4:duoi_32_ky_tu
chung cu 282 nguyễn huy tường	0:thieu_dau_sai_chinh_ta[chung cu] | 4:duoi_32_ky_tu
lakeside apartment - nguyễn hữu canh vũng tàu	1:gach_noi_giua_cap
phạm ngọc khánh	4:duoi_32_ky_tu
khu nha o hao nam	4:duoi_32_ky_tu
Đoài - Phú Minh - Sóc Sơn - Hà Nội	1:gach_noi_giua_cap
bến đoàn, hạ long, quảng ninh	4:duoi_32_ky_tu
độc lập, long biên, hà nội	4:duoi_32_ky_tu
đường đường ton hai, ngũ hành sơn	2:trung_keyword[đường đường]
đường dh402 - tân uyên	1:gach_noi_giua_cap | 4:duoi_32_ky_tu
Liên Khu 2 - 10, Hồ Chí Minh	4:duoi_32_ky_tu
cách mạng tháng tám, quận 10	4:duoi_32_ky_tu
phường 13 - hoà hưng	1:gach_noi_giua_cap | 4:duoi_32_ky_tu
phạm tuấn tài - cầu giấy hà nội	1:gach_noi_giua_cap | 4:duoi_32_ky_tu
ky con phú nhuận	4:duoi_32_ky_tu
1d trần quốc hoàn hà nội	4:duoi_32_ky_tu
nguyễn ngọc vũ, cầu giấy	4:duoi_32_ky_tu
xã ia sao, ia grai, gia lai	4:duoi_32_ky_tu
Xã Nhân Đạo Sông Lô Vĩnh Phúc	4:duoi_32_ky_tu
Investco Babylon - Phường Tân Thành - Đường Âu Cơ Tân Phú	1:gach_noi_giua_cap
dự án huy hoàng - đường lê hiến mai phường	1:gach_noi_giua_cap
nguyễn thiện thuật kon tum	4:duoi_32_ky_tu
âu dương lân phường 4 quận 8 - hồ chí minh	1:gach_noi_giua_cap
Nguyễn Khuyến Ngô Quyền	4:duoi_32_ky_tu
Phường 6 - Đường Nhật Tảo - Quận 10 - Hồ Chí Minh	1:gach_noi_giua_cap
dự án screc tower - quận 3 - hồ chí minh	1:gach_noi_giua_cap
Khương Thượng Đống Đa	4:duoi_32_ky_tu
trần bình nam từ liêm	4:duoi_32_ky_tu
đường 35 - thủ đức - tp hồ chí minh	1:gach_noi_giua_cap
đường ấp chien luoc, hồ chí minh	0:thieu_dau_sai_chinh_ta[chien,luoc]
lạc long quân cầu giấy hà nội	4:duoi_32_ky_tu
Đường DH402 - Tân Phước Khánh Tân Uyên Bình Dương	1:gach_noi_giua_cap
173 Đường Nguyễn Bieu Quận 5	4:duoi_32_ky_tu
Phường Nông Tiến Tuyên Quang	4:duoi_32_ky_tu
257 - nguyễn trãi - nguyễn cư trinh quận 1	1:gach_noi_giua_cap
long thạnh mỹ quận 9	4:duoi_32_ky_tu
dong tac dĩ an	0:thieu_dau_sai_chinh_ta[tac] | 4:duoi_32_ky_tu
dự án gelexia riverside - hoàng mai - hà nội	1:gach_noi_giua_cap
khu đỗ thị mới phú lương - hà đông - hà nội	1:gach_noi_giua_cap
đường 3, ninh kiều cần thơ	4:duoi_32_ky_tu
đường quốc lộ 6a	4:duoi_32_ky_tu
trần phú - nha trang - khánh hòa	1:gach_noi_giua_cap
số 15 đường trung yên 5 hà nội	4:duoi_32_ky_tu
253/ 16 Đường Bùi Đình Túy	4:duoi_32_ky_tu
lý thường kiệt, buôn ma thuột	4:duoi_32_ky_tu
đường 19/ 5, củ chi	4:duoi_32_ky_tu
Đường Đại lộ Thăng Long - Nam Từ Liêm	1:gach_noi_giua_cap
đường nghi phú - vinh	0:thieu_dau_sai_chinh_ta[phú vinh] | 1:gach_noi_giua_cap | 4:duoi_32_ky_tu
50/ 41 nguyễn quy yem, hồ chí minh	0:thieu_dau_sai_chinh_ta[yem]
lương ngọc quyen huế	0:thieu_dau_sai_chinh_ta[quyen] | 4:duoi_32_ky_tu
đường phan văn doi	4:duoi_32_ky_tu
kp 3, tân định bình dương	4:duoi_32_ky_tu
đường 6b bình tân hồ chí minh	4:duoi_32_ky_tu
đường bình thới - quận 11 - hồ chí minh	1:gach_noi_giua_cap
đông hòa, dĩ an	4:duoi_32_ky_tu
quỳnh mai, hà nội	4:duoi_32_ky_tu
đường nguyễn văn thạnh - thủ dầu một bình dương	1:gach_noi_giua_cap
đường 5 - an dương - hải phòng	1:gach_noi_giua_cap | 4:duoi_32_ky_tu
262/ 9 - Đường Lũy Bán Bích - Tân Phú	1:gach_noi_giua_cap
An Bắc 4	4:duoi_32_ky_tu
Đường Tỉnh Lộ 10 - -, Bình Chánh	1:gach_noi_giua_cap
dự án vp2 linh dam - đường nguyễn duy trinh - phường thịnh liệt - hoàng mai	1:gach_noi_giua_cap
duon. g đại co việt, hai bà trưng	0:thieu_dau_sai_chinh_ta[duon]
Phan Lang 11	3:keyword_la_toan_so | 4:duoi_32_ky_tu
đường mau lương hà nội	4:duoi_32_ky_tu
đường lương vằn can	4:duoi_32_ky_tu
nguyễn oanh quận 12 hồ chí minh	4:duoi_32_ky_tu
90 nguyễn tuân thanh xuân	4:duoi_32_ky_tu
Trần Đăng Ninh, Lạng Sơn	4:duoi_32_ky_tu
Khuê Mỹ	4:duoi_32_ky_tu
đường 54 phường	4:duoi_32_ky_tu
tân phong, biên hòa	4:duoi_32_ky_tu
bùi xuân phai, thừa thiên huế	4:duoi_32_ky_tu
phước bình long thành	4:duoi_32_ky_tu
nguyễn tuyển, quận 2	4:duoi_32_ky_tu
Đường D52 Thủ Đức - Hồ Chí Minh	1:gach_noi_giua_cap | 4:duoi_32_ky_tu
47/ 2 Hát Giang Tân Bình	4:duoi_32_ky_tu
466/ 11 - đường lê văn sy	1:gach_noi_giua_cap | 4:duoi_32_ky_tu
Đường 1A KDC Nam Hùng Vương - Phường An Lạc - hồ chí minh	1:gach_noi_giua_cap
five star eco city - quốc lộ 50 cần giuộc - long an	1:gach_noi_giua_cap
ĐT 743C, Dĩ An	4:duoi_32_ky_tu
mai xuân thưởng, nha trang	4:duoi_32_ky_tu
can ho 303 B3	0:thieu_dau_sai_chinh_ta[can ho] | 3:keyword_la_toan_so | 4:duoi_32_ky_tu
158 nguyễn sơn - tân phú - hồ chí minh	1:gach_noi_giua_cap
đường nui ngọc - hải phòng	1:gach_noi_giua_cap | 4:duoi_32_ky_tu
nhà 52 đường 85 quận 7	4:duoi_32_ky_tu
85 đường phạm văn bạch, gò vấp	4:duoi_32_ky_tu
lê duẩn buôn ma thuột đắk lắk	4:duoi_32_ky_tu
đường 40, thủ đức	4:duoi_32_ky_tu
ham nghi nam từ liêm	4:duoi_32_ky_tu
28/ 7a trường chinh - quận 12 hồ chí minh	1:gach_noi_giua_cap
dự án khu đô thị mới pháp vân - tứ hiệp, hà nội	1:gach_noi_giua_cap
Đường 35 Thủ Đức Hồ Chí Minh	4:duoi_32_ky_tu
khu đô thị victoria - long thành - đồng nai	1:gach_noi_giua_cap
đường 47 phường thảo điền - quận 2	1:gach_noi_giua_cap
Xã Thống Nhất Thường Tín - Hà Nội	1:gach_noi_giua_cap
đường trần hữu trang - phường 13 - phú nhuận - hồ chí minh	1:gach_noi_giua_cap
Dang Văn May Dĩ An	4:duoi_32_ky_tu
dự án chung cu vimeco i - phạm hùng cầu giấy	0:thieu_dau_sai_chinh_ta[chung cu] | 1:gach_noi_giua_cap
216 Đường Lê Văn Thọ	4:duoi_32_ky_tu
đường bùi thị xuân bình thuận	4:duoi_32_ky_tu
187a - lê văn lương	1:gach_noi_giua_cap | 4:duoi_32_ky_tu
đường bến đoan quảng ninh	4:duoi_32_ky_tu
khuc hao sơn trà đà nẵng	0:thieu_dau_sai_chinh_ta[khuc] | 4:duoi_32_ky_tu
Xã Vĩnh Lộc A, Hồ Chí Minh	4:duoi_32_ky_tu
& # 272;& # 432;& # 7901;ng nguy& # 7877;n khoa chi& # 234;m, hu& # 7871	3:keyword_la_toan_so
176 gò dầu, tân phú hồ chí minh	4:duoi_32_ky_tu
dự án goldsilk complex - hà đông - hà nội	1:gach_noi_giua_cap
88 đường 49 thủ đức	4:duoi_32_ky_tu
nguyễn viết xuân - hà đông - hà nội	1:gach_noi_giua_cap
mỹ lộc - nam định	1:gach_noi_giua_cap | 4:duoi_32_ky_tu
lý tự trọng, nha trang	4:duoi_32_ky_tu
đường thụy ứng - đan phượng hà nội	1:gach_noi_giua_cap
đường lê liễu - tân phú - hồ chí minh	1:gach_noi_giua_cap
số 137/ 2 đường nguyễn phước nguyên - đà nẵng	1:gach_noi_giua_cap
Đường Đoàn Giỏi - Tân Phú - Tp Hồ Chí Minh	1:gach_noi_giua_cap
dự án khu đỗ thị thanh hà - hà đông hà nội	1:gach_noi_giua_cap
đường nguyễn ái quốc - long thành - đồng nai	1:gach_noi_giua_cap
nguyễn văn cừ - hạ long - quảng ninh	1:gach_noi_giua_cap
chung cu hemisco xã la - hà đông hà nội	0:thieu_dau_sai_chinh_ta[chung cu] | 1:gach_noi_giua_cap
Phường Tiến Thành - Phan Thiết - Bình Thuận	1:gach_noi_giua_cap
đường trần quốc hoàn - đà nẵng	1:gach_noi_giua_cap | 4:duoi_32_ky_tu
phố cam - ngô quyền - hải phòng	1:gach_noi_giua_cap | 4:duoi_32_ky_tu
Đường Phúc Tân, Hà Nội	4:duoi_32_ky_tu
362/ 99 nguyễn đình chiểu phường 4 quận 3 - hồ chí minh	1:gach_noi_giua_cap
long khánh, đồng nai	4:duoi_32_ky_tu
256/ 11 Đường Pasteur Quận 3 - Hồ Chí Minh	1:gach_noi_giua_cap
Xuân Thới Thượng 22 - Hóc Môn - Hồ Chí Minh	1:gach_noi_giua_cap
đông chiêu dĩ an bình dương	4:duoi_32_ky_tu
thôn văn lợi - bình yên - hà nội	1:gach_noi_giua_cap
24, long thạnh mỹ, quận 9	4:duoi_32_ky_tu
nam long 2 - đường hà huy tập - phường tân phong - quận 7	1:gach_noi_giua_cap
nguyễn hữu tri - bình chánh hồ chí minh	1:gach_noi_giua_cap
Núi Thành - Quảng Nam	1:gach_noi_giua_cap | 4:duoi_32_ky_tu
trần hưng đạo - cái răng	1:gach_noi_giua_cap | 4:duoi_32_ky_tu
đường lương yên - hai bà trưng	1:gach_noi_giua_cap | 4:duoi_32_ky_tu
lê lợi, thừa thiên huế	4:duoi_32_ky_tu
quang trung hà đông	4:duoi_32_ky_tu
đường 8, quận 9, tp hồ chí minh	4:duoi_32_ky_tu
đường 6 - hoàng diệu. thủ đức - hồ chí minh	1:gach_noi_giua_cap
chung cu hemisco xã la	0:thieu_dau_sai_chinh_ta[chung cu] | 4:duoi_32_ky_tu
đường lương nhữ hộc, hải châu	4:duoi_32_ky_tu
phố 52, thủ đức hồ chí minh	4:duoi_32_ky_tu
đường nguyễn quang lâm - phường hòa xuân - đà nẵng	1:gach_noi_giua_cap
Lương Thế Vinh - An Giang	1:gach_noi_giua_cap | 4:duoi_32_ky_tu
kiến tường long an	4:duoi_32_ky_tu
phương mai, đống đa	4:duoi_32_ky_tu
45a/ 7 đường phạm hùng quận 8 - hồ chí minh	1:gach_noi_giua_cap
trưng trắc, vĩnh phúc	4:duoi_32_ky_tu
đường 19/ 5 - củ chi hồ chí minh	1:gach_noi_giua_cap
phường vĩnh phú, thuận an	4:duoi_32_ky_tu
dự án valora fuji nam long - đường d2 - quận 9	1:gach_noi_giua_cap
đường sơn hùng - tân bình	1:gach_noi_giua_cap | 4:duoi_32_ky_tu
lê văn lương - nhà bè	1:gach_noi_giua_cap | 4:duoi_32_ky_tu
Đường Trần Huy Lieu - Quận 3 - Tp Hồ Chí Minh	1:gach_noi_giua_cap
hẻm 688 lê đức thọ, gò vấp	4:duoi_32_ky_tu
đường nguyễn hữu canh vũng tàu	4:duoi_32_ky_tu
quốc lộ 22 hóc môn	4:duoi_32_ky_tu
hàm nghi, nam từ liêm, hà nội	4:duoi_32_ky_tu
xã thung nai cao phong - hòa bình	1:gach_noi_giua_cap
trường sơn, quận 10 hồ chí minh	4:duoi_32_ky_tu
phường 14 - đường nguyễn chí thanh quận 11	1:gach_noi_giua_cap
thạch xuân 43 quận 12 - hồ chí minh	1:gach_noi_giua_cap
phước long b, đường 16, quận 9	4:duoi_32_ky_tu
phố nhà chung hoàn kiếm hà nội	4:duoi_32_ky_tu
đường định tiến hoàng - an xuyên tp cà mau	1:gach_noi_giua_cap
Phú Mỹ Hưng - Phường Tân Phú - Quận 7	1:gach_noi_giua_cap
đỗ bá	4:duoi_32_ky_tu
đường tân vinh quận 4 - sài gòn	1:gach_noi_giua_cap | 4:duoi_32_ky_tu
Dự án Hoàng Anh Gia Lai 2 Trần Xuân Soạn - Hồ Chí Minh	1:gach_noi_giua_cap
298 đường d2 bình thạnh	4:duoi_32_ky_tu
v building	3:keyword_la_toan_so | 4:duoi_32_ky_tu
tân hưng quận 5 tp hồ chí minh	4:duoi_32_ky_tu
phan văn trị - quận gò vấp	1:gach_noi_giua_cap | 4:duoi_32_ky_tu
dự án lakai - đường nguyễn trãi - phường 8 - quận 5 - hồ chí minh	1:gach_noi_giua_cap
dx 090, thủ dầu một, bình dương	4:duoi_32_ky_tu
chung cu lafontana	0:thieu_dau_sai_chinh_ta[chung cu] | 3:keyword_la_toan_so | 4:duoi_32_ky_tu
ngõ 34 mã mây - hoàn kiếm - hà nội	1:gach_noi_giua_cap
đường phạm ngũ lão - bình dương	1:gach_noi_giua_cap | 4:duoi_32_ky_tu
Toà nhà San Nam	4:duoi_32_ky_tu
thạnh mỹ lợi - hồ chí minh	1:gach_noi_giua_cap | 4:duoi_32_ky_tu
dự án khu can ho thuan việt quận 11 hồ chí minh	0:thieu_dau_sai_chinh_ta[can ho]
158 đường nguyễn sơn - tân phú - hồ chí minh	1:gach_noi_giua_cap
lâm hà lâm đồng	4:duoi_32_ky_tu
đường an thạnh thủy	4:duoi_32_ky_tu
Đường Hương Lộ 3 Bình Tân	4:duoi_32_ky_tu
hòa bình green city phố mạc thị bưởi vĩnh tuy - hà nội	1:gach_noi_giua_cap
đường trần cao văn - hội an	1:gach_noi_giua_cap | 4:duoi_32_ky_tu
mieu go xoai - phường bình hưng hòa	1:gach_noi_giua_cap
chiêu anh các hồ chí minh	4:duoi_32_ky_tu
đường thới an 9 quận 12	4:duoi_32_ky_tu
Phường 5 Tân An	4:duoi_32_ky_tu
phường hàng buồm - hoàn kiếm - hà nội	1:gach_noi_giua_cap
Đường Huỳnh Văn Co	4:duoi_32_ky_tu
Phạm Văn Hai Đường Thới Hòa	4:duoi_32_ky_tu
yết kiêu - hà đông hà nội	1:gach_noi_giua_cap | 4:duoi_32_ky_tu
can ho 303, b3 tổ hieu, cầu giấy, hà nội	0:thieu_dau_sai_chinh_ta[can ho]
đường 42 - phường tân tạo - bình tân - hồ chí minh	1:gach_noi_giua_cap
xã chánh mỹ - đường 1 thủ dầu một - bình dương	1:gach_noi_giua_cap
đường truc - bình thạnh - tp hồ chí minh	0:thieu_dau_sai_chinh_ta[truc] | 1:gach_noi_giua_cap
phố 45 nông cống - thanh hóa	1:gach_noi_giua_cap | 4:duoi_32_ky_tu
xã thanh ne - thái bình	1:gach_noi_giua_cap | 4:duoi_32_ky_tu
342/ lý thường kiệt - p. 6 - tân bình - hồ chí minh	1:gach_noi_giua_cap
đường 32b hồ chí minh	4:duoi_32_ky_tu
ân thi, hưng yên	4:duoi_32_ky_tu
Đường Dự Định - An Giang	1:gach_noi_giua_cap | 4:duoi_32_ky_tu
hòa minh 7, đà nẵng	4:duoi_32_ky_tu
dự án cowaelmic thanh xuân - hà nội	1:gach_noi_giua_cap
phan tứ, ngũ hành sơn,  nẵng	4:duoi_32_ky_tu
vườn chay - kiến an	1:gach_noi_giua_cap | 4:duoi_32_ky_tu
tây sơn, ba đình, hà nội	4:duoi_32_ky_tu
đường lê hồng phong - hà đông - hà nội	1:gach_noi_giua_cap
screc tower - quận 3 - hồ chí minh	1:gach_noi_giua_cap
Trần Bình Trọng - Quận 5	1:gach_noi_giua_cap | 4:duoi_32_ky_tu
đường lương thế vinh - an giang	1:gach_noi_giua_cap | 4:duoi_32_ky_tu
thôn đoài, xã phú minh, sóc sơn	4:duoi_32_ky_tu
267bis/ 5 điện biên phủ q. 3	4:duoi_32_ky_tu
Ấp Bình Hòa, Thuận An	4:duoi_32_ky_tu
Ngõ 379 Đường Đội Cấn, Ba Đình	4:duoi_32_ky_tu
33 đường cu xã phú lâm a	4:duoi_32_ky_tu
Đường Thanh Lương - Hai Bà Trưng - Hà Nội	1:gach_noi_giua_cap
văn miếu, xã đường lâm, sơn tây	4:duoi_32_ky_tu
Tây Nam	4:duoi_32_ky_tu
linh quang b đống đa hà nội	4:duoi_32_ky_tu
chi lăng - phường 9 thành phố đà lạt	1:gach_noi_giua_cap
25a - mai thị lựu, hồ chí minh	1:gach_noi_giua_cap | 4:duoi_32_ky_tu
phố lê thanh nghị hải châu - đà nẵng	1:gach_noi_giua_cap
gò ô môi - phường bình thuận - quận 7	1:gach_noi_giua_cap
lê đại hành hai bà trưng	4:duoi_32_ky_tu
lê đức thọ, nam từ liêm, hà nội	4:duoi_32_ky_tu
Đường Đỗ Chieu - Vũng Tàu	1:gach_noi_giua_cap | 4:duoi_32_ky_tu
26/ 1 - Thới An 10	1:gach_noi_giua_cap | 4:duoi_32_ky_tu
đường ấp bắc mỹ tho tiền giang	4:duoi_32_ky_tu
Đường Vĩnh Tuy - Hoàng Mai	1:gach_noi_giua_cap | 4:duoi_32_ky_tu
quốc lộ 13 tân định bến cát	4:duoi_32_ky_tu
Phường 8, Thành Mỹ, Tân Bình	4:duoi_32_ky_tu
Vĩnh Mỹ	4:duoi_32_ky_tu
Trưng Nhị, Đà Nẵng	4:duoi_32_ky_tu
đường số 39 - phường bình thuận quận 7	1:gach_noi_giua_cap
& # 272;& # 432;& # 7901;ng nguy& # 7877;n khoa chi& # 234;m hu& # 7871	3:keyword_la_toan_so
ia ko, gia lai	3:keyword_la_toan_so | 4:duoi_32_ky_tu
Nguyễn Siêu, Đà Lạt, Lâm Đồng	4:duoi_32_ky_tu
49 phố thuy linh lĩnh nam	4:duoi_32_ky_tu
đường phú diễn	4:duoi_32_ky_tu
Hùng Vương - Quy Nhơn	1:gach_noi_giua_cap | 4:duoi_32_ky_tu
nam đô complex hoàng mai hà nội	4:duoi_32_ky_tu
đường hoàng si khai đà nẵng	4:duoi_32_ky_tu
đường liên khu 4 - 5, bình tân	4:duoi_32_ky_tu
lê đức thọ, nam từ liêm	4:duoi_32_ky_tu
phường tân khánh - tân an	1:gach_noi_giua_cap | 4:duoi_32_ky_tu
đào nguyên phổ thanh khê	4:duoi_32_ky_tu
Đường Quốc Lộ 50 - Xã Trường Bình - Cần Giuộc - Long An	1:gach_noi_giua_cap
đường phạm hùng buôn ma thuột	4:duoi_32_ky_tu
lê dinh, tam kỳ quảng nam	4:duoi_32_ky_tu
đường đỗ ba - ngũ hành sơn - đà nẵng	1:gach_noi_giua_cap
dự án hei tower dien luc - nguy nhu kon tum - nhân chính thanh xuân - hà nội	0:thieu_dau_sai_chinh_ta[dien,luc] | 1:gach_noi_giua_cap
đường trần hưng đạo, quận 5	4:duoi_32_ky_tu
09, đường 4b, khánh hòa	4:duoi_32_ky_tu
hoàng văn thụ phường 4 - tân bình	1:gach_noi_giua_cap
29, gò vấp, hồ chí minh	4:duoi_32_ky_tu
Dự án Him Lam Riverside - Đường Nguyễn Thị Thập - Tân Hưng - Quận 7 - Hồ Chí Minh	1:gach_noi_giua_cap
xã hiệp thạnh thủ dầu một - bình dương	1:gach_noi_giua_cap
đường an cư 1, đà nẵng	4:duoi_32_ky_tu
buon krông á - buôn ma thuột - đắk lắk	0:thieu_dau_sai_chinh_ta[buon] | 1:gach_noi_giua_cap
phường ia kring­ - đồng tiến - plei ku - gia lai	1:gach_noi_giua_cap
đường xuân thủy, hà nội	4:duoi_32_ky_tu
đường số 24a - bình tân - hồ chí minh	1:gach_noi_giua_cap
phường tân lập khánh hòa	4:duoi_32_ky_tu
123 đường nguyễn minh hoàng 12 - q. tân bình	1:gach_noi_giua_cap
mạc đĩnh chi - quận 1 - tp hồ chí minh	1:gach_noi_giua_cap
378 đường thống nhất đức trọng	4:duoi_32_ky_tu
Ehome 2, Dương Đình Hội, Quận 9	4:duoi_32_ky_tu
Đường Trần Phú - Khánh Hòa	1:gach_noi_giua_cap | 4:duoi_32_ky_tu
phạm phú tiet hải châu đà nẵng	0:thieu_dau_sai_chinh_ta[tiet] | 4:duoi_32_ky_tu
đường huỳnh mẫn đạt - phường 2 - quận 5	1:gach_noi_giua_cap
tho nhuom hoàn kiếm - hà nội	0:thieu_dau_sai_chinh_ta[nhuom] | 1:gach_noi_giua_cap | 4:duoi_32_ky_tu
đường 10 hạ long quảng ninh	4:duoi_32_ky_tu
dự án trung sơn - đường 1 - xã bình hưng - bình chánh	1:gach_noi_giua_cap
đường thông tây hội	4:duoi_32_ky_tu
Bàn Cờ Quận 3 Hồ Chí Minh	4:duoi_32_ky_tu
Đường Ngô Quyền - An Hải Tây - Sơn Trà - Đà Nẵng	1:gach_noi_giua_cap
chung cư đào duy từ	4:duoi_32_ky_tu
nhất chi mai - hòa thọ đông - cẩm lệ - đà nẵng	1:gach_noi_giua_cap
đường quan hoa	0:thieu_dau_sai_chinh_ta[đường quan] | 4:duoi_32_ky_tu
ban co, quận 3	4:duoi_32_ky_tu
đường liên phương phường phú hữu quận 9 - hồ chí minh	1:gach_noi_giua_cap
Đất Mới Bình Tân	4:duoi_32_ky_tu
sonasea villas & resort - phú quốc - kiến giang	1:gach_noi_giua_cap
dự án khu can ho cao cap chanh hung - quận 8 - hồ chí minh	0:thieu_dau_sai_chinh_ta[can ho,cap,hung quận] | 1:gach_noi_giua_cap
Bến Cát - Bình Dương	1:gach_noi_giua_cap | 4:duoi_32_ky_tu
xã quảng trung - phú xuyên	1:gach_noi_giua_cap | 4:duoi_32_ky_tu
xã tân thắng hàm tân bình thuận	4:duoi_32_ky_tu
109/ 82/ 19/ 46 - Phố Lạch Tray - Lê Chân	1:gach_noi_giua_cap
Hồ Tùng Mậu Hồ Chí Minh	4:duoi_32_ky_tu
Đường Phạm Hữu Lầu Phước Kiển - Nhà Bè Hồ Chí Minh	1:gach_noi_giua_cap
Sông Thao Tân Bình Hồ Chí Minh	4:duoi_32_ky_tu
đường nam hòa hồ chí minh	4:duoi_32_ky_tu
tôn thất thuyết - phường 3 - quận 4 - hồ chí minh	1:gach_noi_giua_cap
đường đào duy tùng, hà nội	4:duoi_32_ky_tu
đường 22 lê văn quới - bình tân - hồ chí minh	1:gach_noi_giua_cap
Lê Lâm - Hồ Chí Minh	1:gach_noi_giua_cap | 4:duoi_32_ky_tu
đường nguyễn văn linh - đắk lắk	1:gach_noi_giua_cap | 4:duoi_32_ky_tu
đường 477 ninh bình	4:duoi_32_ky_tu
đường lê lợi quận 1	4:duoi_32_ky_tu
quốc lộ 50 cần giuộc long an	4:duoi_32_ky_tu
yên phúc, hà đông	4:duoi_32_ky_tu
e4 tower cầu giấy hà nội	4:duoi_32_ky_tu
đường đt 743, dĩ an, bình dương	4:duoi_32_ky_tu
Ba Đình, Quận 8	4:duoi_32_ky_tu
tân hòa - vĩnh bảo hải phòng	1:gach_noi_giua_cap | 4:duoi_32_ky_tu
Công ty Phúc An CoS37 - 3 Dự án Sky Garden 3 - Quận 7 TP. Hồ Chí Minh	1:gach_noi_giua_cap
mỹ đình pearl	4:duoi_32_ky_tu
đường quốc lộ 5 yên mỹ hưng yên	4:duoi_32_ky_tu
47 ngõ 179 - đường vĩnh hưng - hà nội	1:gach_noi_giua_cap
đường 16, phường linh trung	4:duoi_32_ky_tu
33 doc ngu - ba đình - hà nội	0:thieu_dau_sai_chinh_ta[doc] | 1:gach_noi_giua_cap | 4:duoi_32_ky_tu
Dự án Tây Nam Đại hoc Thuong Mai Đường Lê Đức Thọ Cầu Giấy Hà Nội	0:thieu_dau_sai_chinh_ta[hoc,thuong]
đường huỳnh tấn phát hải châu	4:duoi_32_ky_tu
đường phú thuận, quận 7	4:duoi_32_ky_tu
66 cách mạng tháng 8 Phường Hoa Lư - Gia Lai	0:thieu_dau_sai_chinh_ta[phường hoa] | 1:gach_noi_giua_cap
Phố 24 Bình Chánh Hồ Chí Minh	4:duoi_32_ky_tu
Đường Đông Hưng Thuận 9	4:duoi_32_ky_tu
sun grand city ancora residence - hai bà trưng - hà nội	1:gach_noi_giua_cap
Dự án 8X Dam Sen - Tân Phú - Hồ Chí Minh	1:gach_noi_giua_cap
phố hai bà trưng quận 3	4:duoi_32_ky_tu
đường thiên hiền - xã mễ trì - nam từ liêm - hà nội	1:gach_noi_giua_cap
đường trần văn trà cẩm lệ	4:duoi_32_ky_tu
lạch tray, ngô quyền, hải phòng	4:duoi_32_ky_tu
28/ 7A - Trường Chinh Quận 12 - Hồ Chí Minh	1:gach_noi_giua_cap
Đường Đinh Tiên Hoàng - Bình Thạnh	1:gach_noi_giua_cap
Ia Sao, Ia Grai	3:keyword_la_toan_so | 4:duoi_32_ky_tu
đường như nguyệt - hải châu - đà nẵng	1:gach_noi_giua_cap
ngọc thành phúc yên, vĩnh phúc	4:duoi_32_ky_tu
168 - tam bình	1:gach_noi_giua_cap | 4:duoi_32_ky_tu
Đường Mỹ Đa Tây 6 Đà Nẵng	4:duoi_32_ky_tu
đường thích quảng đức - phường hòa khánh nam - đà nẵng	1:gach_noi_giua_cap
tam đồng 25 - hóc môn - hồ chí minh	1:gach_noi_giua_cap
xã hát môn, phúc thọ	4:duoi_32_ky_tu
đường 36hbc thủ đức hồ chí minh	4:duoi_32_ky_tu
Khu đô thị mới Phú Lương	4:duoi_32_ky_tu
đường nguyễn văn linh - gia lâm	1:gach_noi_giua_cap | 4:duoi_32_ky_tu
nhi dong	3:keyword_la_toan_so | 4:duoi_32_ky_tu
đường đoàn gioi, tân phú	0:thieu_dau_sai_chinh_ta[đoàn gioi] | 4:duoi_32_ky_tu
long thuận	4:duoi_32_ky_tu
178 đường phạm văn bạch gò vấp	4:duoi_32_ky_tu
Lê Trung Kiên - Tuy Hoà - Phù Yên	1:gach_noi_giua_cap
lê duẩn cẩm lệ	4:duoi_32_ky_tu
dự án tulip tower đường huỳnh tấn phát - quận 7 - hồ chí minh	1:gach_noi_giua_cap
291 hoàng hoa thám ba đình	4:duoi_32_ky_tu
đường sông thao tân bình	4:duoi_32_ky_tu
165a đường nguyễn sinh sac vinh	0:thieu_dau_sai_chinh_ta[sac] | 4:duoi_32_ky_tu
Thới An 9 Hồ Chí Minh	4:duoi_32_ky_tu
đường trương định, quận 3	4:duoi_32_ky_tu
dự án chung cư vimeco i - phạm hùng - cầu giấy - hà nội	1:gach_noi_giua_cap
cống quỳnh - hồ chí minh	1:gach_noi_giua_cap | 4:duoi_32_ky_tu
đường tăng bạt hổ - huế - thừa thiên huế	1:gach_noi_giua_cap
trần phú cẩm phả, quảng ninh	4:duoi_32_ky_tu
đường tam đảo, hồ chí minh	4:duoi_32_ky_tu
dự án lavita garden - phường trường thọ - thủ đức - hồ chí minh	1:gach_noi_giua_cap
đường 21 quận 12	4:duoi_32_ky_tu
null, quận 1 hồ chí minh	4:duoi_32_ky_tu
số 3 quận 7 - hồ chí minh	1:gach_noi_giua_cap | 4:duoi_32_ky_tu
đường ne3, bình dương	4:duoi_32_ky_tu
phường hùng thắng - đường hoàng quốc việt - hạ long - quảng ninh	1:gach_noi_giua_cap
Đường 11 Trường Thọ - Thủ Đức - Hồ Chí Minh	1:gach_noi_giua_cap
lê hồng phong - hiệp thành - thủ dầu một - bình dương	1:gach_noi_giua_cap
d4 phường tân bình dĩ an - bình dương	1:gach_noi_giua_cap
72 - hoa bằng cầu giấy	1:gach_noi_giua_cap | 4:duoi_32_ky_tu
nguyễn hữu trí - cần đước - long an	1:gach_noi_giua_cap
đường nguyễn hữu canh - bình thạnh	1:gach_noi_giua_cap
five star eco city - đường quốc lộ 50 - cần giuộc	1:gach_noi_giua_cap
nguyễn phúc thanh hóa	4:duoi_32_ky_tu
dự án marine city phước tỉnh	4:duoi_32_ky_tu
158 nguyễn sơn - tân phú	1:gach_noi_giua_cap | 4:duoi_32_ky_tu
đường k19 thanh khê đà nẵng	4:duoi_32_ky_tu
dang chau tue	3:keyword_la_toan_so | 4:duoi_32_ky_tu
đường võ văn điều - hồ chí minh	1:gach_noi_giua_cap | 4:duoi_32_ky_tu
đường tùng thiện vương - thừa thiên huế	1:gach_noi_giua_cap
đường bến cá phường phương sài	4:duoi_32_ky_tu
3 tháng 2 - Quận 10 - Hồ Chí Minh	1:gach_noi_giua_cap
bạch đằng hồng bàng	4:duoi_32_ky_tu
842a lê lợi, bắc giang	4:duoi_32_ky_tu
đường yên phụ, tây hồ hà nội	4:duoi_32_ky_tu
ấp chánh 16 hồ chí minh	4:duoi_32_ky_tu
tân thái 1, đà nẵng	4:duoi_32_ky_tu
Nghĩa Dũng - Ba Đình	1:gach_noi_giua_cap | 4:duoi_32_ky_tu
553/ 2/ 5 lũy bán bích, tân phú	4:duoi_32_ky_tu
giảng võ đống đa	4:duoi_32_ky_tu
dự án chung cư 125 - hoàng ngân - cầu giấy	1:gach_noi_giua_cap
đt 768 xã thạnh phú vĩnh cửu	4:duoi_32_ky_tu
đường dx 067 - thủ dầu một - bình dương	1:gach_noi_giua_cap
ecolakes mỹ phước	4:duoi_32_ky_tu
đường vũ huy tấn - phường 13 bình thạnh hồ chí minh	1:gach_noi_giua_cap
lê trọng tấn hà đông, hà nội	4:duoi_32_ky_tu
thành phố Thái Bình	4:duoi_32_ky_tu
Đường Cao Xuân Dục Quận 8	4:duoi_32_ky_tu
32/ 29	3:keyword_la_toan_so | 4:duoi_32_ky_tu
Đường Thới Tây Tân Hiệp Hóc Môn	4:duoi_32_ky_tu
phường 2, đường nguyễn trong tuyen, tân bình, hồ chí minh	0:thieu_dau_sai_chinh_ta[tuyen]
n9 - xã vĩnh tân - tân uyên - bình dương	1:gach_noi_giua_cap
424/ 9a đường ong ich khiêm thanh khê đà nẵng	0:thieu_dau_sai_chinh_ta[ich]
gamuda gardens - yên sở hoàng mai hà nội	1:gach_noi_giua_cap
dự án n03 - t8 ngoại giao đoàn - bắc từ liêm hà nội	1:gach_noi_giua_cap
trung hanh 8, hải an	4:duoi_32_ky_tu
đường 14, phước long b quận 9	4:duoi_32_ky_tu
đông an, dĩ an bình dương	4:duoi_32_ky_tu
thung nai - cao phong hòa bình	1:gach_noi_giua_cap | 4:duoi_32_ky_tu
số 10 thủ đức	4:duoi_32_ky_tu
phố huỳnh khương an gò vấp	4:duoi_32_ky_tu
vinhomes riverside - đường anh đào - hà nội	1:gach_noi_giua_cap
đường 2 quận 8	4:duoi_32_ky_tu
xuân mai tower hà cầu	4:duoi_32_ky_tu
200 - quốc lộ 13 - thủ đức	1:gach_noi_giua_cap | 4:duoi_32_ky_tu
đường hùng vương - chư sê - gia lai	1:gach_noi_giua_cap
xã hòa long bà rịa	4:duoi_32_ky_tu
bắc trà mỹ, quảng nam	4:duoi_32_ky_tu
khu đỗ thị	4:duoi_32_ky_tu
đường 21 hà nam	4:duoi_32_ky_tu
Ea Sar - Ea Kar Đắk Lắk	1:gach_noi_giua_cap | 4:duoi_32_ky_tu
chung cư 125 - hoàng ngân cầu giấy hà nội	1:gach_noi_giua_cap
phạm công tru, quận 2	4:duoi_32_ky_tu
đường lê thanh nghị phường	4:duoi_32_ky_tu
ngõ 94 đường tân mai hà nội	4:duoi_32_ky_tu
87 - tây sơn - quang trung - đống đa hà nội	1:gach_noi_giua_cap
da tuong nha trang	0:thieu_dau_sai_chinh_ta[tuong,da tuong] | 3:keyword_la_toan_so | 4:duoi_32_ky_tu
ban co quận 3 hồ chí minh	4:duoi_32_ky_tu
19a tân thuận tây	4:duoi_32_ky_tu
bạch mai, hà nội	4:duoi_32_ky_tu
4s riverside garden bình triều. - thủ đức - hồ chí minh	1:gach_noi_giua_cap
him lam thạch bàn 2 - long biên - hà nội	1:gach_noi_giua_cap
đường 9 linh đông - thủ đức - hồ chí minh	1:gach_noi_giua_cap
t1 hồ chí minh	4:duoi_32_ky_tu
tôn đản phường an khê thanh khê	4:duoi_32_ky_tu
sông đà, thủ đức hồ chí minh	4:duoi_32_ky_tu
đường hồ hảo hớn - quận 1 hồ chí minh	1:gach_noi_giua_cap
44/ 16/ 8 Đường Phạm Văn Chiêu - phường 8 quận Gò Vấp Hồ Chí Minh	1:gach_noi_giua_cap
khóm 3 châu thành	4:duoi_32_ky_tu
đường Bằng Lộc	4:duoi_32_ky_tu
đường lê quang đạo tú sơn	4:duoi_32_ky_tu
nguyễn mỹ ca	4:duoi_32_ky_tu
quốc lộ 1a - núi thành quảng nam	1:gach_noi_giua_cap
an thượng 1 - sơn trà - đà nẵng	1:gach_noi_giua_cap | 4:duoi_32_ky_tu
an thạnh long an	4:duoi_32_ky_tu
Đường 14/ 9 Vĩnh Long	4:duoi_32_ky_tu
dự án green lake - phường hòa thọ đông đường nguyễn phước tân	1:gach_noi_giua_cap
Đường Tô Hiến Thành, An Giang	4:duoi_32_ky_tu
nga 5 vĩnh lộc bình chánh	4:duoi_32_ky_tu
342/ lý thường kiệt p. 6 - tân bình	1:gach_noi_giua_cap
khang điền intresco - Quận 9 - Hồ Chí Minh	1:gach_noi_giua_cap
ngõ 41, phố thái hà	4:duoi_32_ky_tu
Đường Quan Hoa - Cầu Giấy	0:thieu_dau_sai_chinh_ta[đường quan,hoa cầu] | 1:gach_noi_giua_cap | 4:duoi_32_ky_tu
nhân chính khuất duy tiến - thanh xuân hà nội	1:gach_noi_giua_cap
130b hàng bông hà nội	4:duoi_32_ky_tu
Hồng Bàng, nha trang, khánh hòa	4:duoi_32_ky_tu
Đường Lê Hữu Tửu, Đông Anh	4:duoi_32_ky_tu
bùi thị xuân, dĩ an	4:duoi_32_ky_tu
tăng bạt hổ huế thừa thiên huế	4:duoi_32_ky_tu
cầu xéo, tân phú	4:duoi_32_ky_tu
Thanh Khê Tây Đường Yên Khê 1 - Đà Nẵng	1:gach_noi_giua_cap
đường 51c vũng tàu	4:duoi_32_ky_tu
Phường Bãi Cháy	4:duoi_32_ky_tu
đường 27 quận 9	4:duoi_32_ky_tu
đường bắc ái - bình thọ thủ đức	1:gach_noi_giua_cap | 4:duoi_32_ky_tu
Phường Quảng Vinh Thái Nguyên	4:duoi_32_ky_tu
anh sơn, nghệ an	4:duoi_32_ky_tu
19 - đường 11 bình an - quận 2	1:gach_noi_giua_cap | 4:duoi_32_ky_tu
81/ 15 - đường tô vĩnh diện - bình dương	1:gach_noi_giua_cap
dự án danang beach resort ngũ hành sơn - đà nẵng	0:thieu_dau_sai_chinh_ta[beach] | 1:gach_noi_giua_cap
đường 36 quận 7	4:duoi_32_ky_tu
đường lưu khai hồng củ chi	4:duoi_32_ky_tu
14 Tân Hòa Đông	4:duoi_32_ky_tu
Đường Võ Công Ton - Tân Phú - Hồ Chí Minh	1:gach_noi_giua_cap
đường 8 quận 9	4:duoi_32_ky_tu
đông ngạc, bắc từ liêm hà nội	4:duoi_32_ky_tu
đường triệu quang phục - hồ chí minh	1:gach_noi_giua_cap
4/ 3/ 40 lạch tray ngô quyền	4:duoi_32_ky_tu
đường trục	4:duoi_32_ky_tu
phú lập tân phú - đồng nai	1:gach_noi_giua_cap | 4:duoi_32_ky_tu
phú mỹ hưng đường nguyễn hữu thọ - phường tân phong quận 7	1:gach_noi_giua_cap
370 võ văn tần, quận 3	4:duoi_32_ky_tu
đường 12, trường thọ, thủ đức	4:duoi_32_ky_tu
phố hai bà trưng - quận 1	1:gach_noi_giua_cap | 4:duoi_32_ky_tu
ba trại	4:duoi_32_ky_tu
dự án ellipse tower (city view) – 110 trần phú - hà đông - hà nội	1:gach_noi_giua_cap
25 phan đình phùng - ba đình - hà nội	1:gach_noi_giua_cap
tuyên quang - phường phú thủy - bình thuận	1:gach_noi_giua_cap
Dự án văn phong va can ho cao cap licogi 13 tower, Thanh Xuân, Hà Nội	0:thieu_dau_sai_chinh_ta[can ho,cap]
đường hàn thuyên, biên hòa	4:duoi_32_ky_tu
66 cách mạng tháng 8 - hoa lư - gia lai	1:gach_noi_giua_cap
số 71 ngõ 74 đường hữu hung	4:duoi_32_ky_tu
chung cu bo công an, đường số 3, trần não,  2, hồ chí minh	0:thieu_dau_sai_chinh_ta[chung cu]
Phố Hà Đặc Phường	4:duoi_32_ky_tu
Bích Khê, Quảng Ngãi	4:duoi_32_ky_tu
city gate towers 2	3:keyword_la_toan_so | 4:duoi_32_ky_tu
lê dinh chi	4:duoi_32_ky_tu
ngõ 38 phùng chí kiên cầu giấy	4:duoi_32_ky_tu
Đường Chương Dương - Hồ Chí Minh	1:gach_noi_giua_cap
xã thanh phú - bình long	1:gach_noi_giua_cap | 4:duoi_32_ky_tu
Valora Fuji Nam Long - D2 Phường Phước Long B - Quận 9 - Hồ Chí Minh	1:gach_noi_giua_cap
Đường Định Công Thượng - Hoàng Mai Hà Nội	1:gach_noi_giua_cap
phố thông phong quận đống đa - hà nội	1:gach_noi_giua_cap
dtm dịch vọng - cầu giấy - hà nội	1:gach_noi_giua_cap
phố 64 phường 10 quận 6	4:duoi_32_ky_tu
đường 31a - quận 2 - hồ chí minh	1:gach_noi_giua_cap
Đường Điện Biên, Yên Bái	4:duoi_32_ky_tu
trần phú	4:duoi_32_ky_tu
lê duẩn - hải châu đà nẵng	1:gach_noi_giua_cap | 4:duoi_32_ky_tu
phố bồ đề hà nội	4:duoi_32_ky_tu
Hưng Hà - Thái Bình	1:gach_noi_giua_cap | 4:duoi_32_ky_tu
đường 12, thủ đức	4:duoi_32_ky_tu
đường 13, phường 5, gò vấp	4:duoi_32_ky_tu
Đường Số 4C Bình Chánh - Hồ Chí Minh	1:gach_noi_giua_cap
Thanh Phú Bình Long	4:duoi_32_ky_tu
nguyễn bỉnh khiêm - lâm đồng	1:gach_noi_giua_cap | 4:duoi_32_ky_tu
KDC sân bay Long Thành Long Thành Đồng Nai	2:trung_keyword[long thành]
Phố Nguyễn Văn Tố - Biên Hòa	1:gach_noi_giua_cap | 4:duoi_32_ky_tu
Đường Điện Biên Phủ - Phường Vĩnh Hòa Nha Trang	1:gach_noi_giua_cap
phường việt hưng hạ long	4:duoi_32_ky_tu
buon krông á	0:thieu_dau_sai_chinh_ta[buon] | 4:duoi_32_ky_tu
đường tân chánh hiệp 16. - quận 12 - hồ chí minh	1:gach_noi_giua_cap
trần văn xá đồng nai	4:duoi_32_ky_tu
đường số 3 thủ đức hồ chí minh	4:duoi_32_ky_tu
bùi xuân phai thừa thiên huế	4:duoi_32_ky_tu
Nguyễn Cao Luyện - Phường Đức Giang - Long Biên	1:gach_noi_giua_cap
đường an phú tây - bình chánh - hồ chí minh	1:gach_noi_giua_cap
đường đinh bộ lĩnh phường 2 - mỹ tho tiền giang	1:gach_noi_giua_cap
Đường 836, Quận 9	4:duoi_32_ky_tu
đường quốc lộ 50 - cần giuộc	1:gach_noi_giua_cap | 4:duoi_32_ky_tu
281/ 2/ 44 đường bình lợi - hồ chí minh	1:gach_noi_giua_cap
Xã Sài Sơn Quốc Oai, Hà Nội	4:duoi_32_ky_tu
đường phạm hồng thái, vũng tàu	4:duoi_32_ky_tu
362/ 9 đường trần phú, quận 5	4:duoi_32_ky_tu
450/ 41 Đoàn Văn Bơ	4:duoi_32_ky_tu
Dự án Dự án Thăng Long Number One - Nam Từ Liêm - Hà Nội	1:gach_noi_giua_cap | 2:trung_keyword[dự án dự án]
lê văn lương cầu giấy	4:duoi_32_ky_tu
phú thạnh - lê lăng - tân phú hồ chí minh	1:gach_noi_giua_cap
lương văn thắng - ninh bình	1:gach_noi_giua_cap | 4:duoi_32_ky_tu
17 - 19 - 21 nguyễn văn trỗi f. 12 - q. phú nhuận	1:gach_noi_giua_cap
đường hoàng co thach - phường hoà hải - ngũ hành sơn - đà nẵng	0:thieu_dau_sai_chinh_ta[thach,thach phường] | 1:gach_noi_giua_cap
ngõ 168 kim giang hoàng mai	4:duoi_32_ky_tu
Đường Ba Đình Quận 8 - Hồ Chí Minh	1:gach_noi_giua_cap
Vĩnh Điện	4:duoi_32_ky_tu
đường thạnh xuân 39	4:duoi_32_ky_tu
hùng vương quy nhơn bình định	4:duoi_32_ky_tu
hattoco hà đông hà nội	4:duoi_32_ky_tu
Đường Đầm Trấu - Hai Bà Trưng - Hà Nội	1:gach_noi_giua_cap
k19 - đà nẵng	1:gach_noi_giua_cap | 4:duoi_32_ky_tu
Nguyễn Văn Cừ - Liên Chiểu	1:gach_noi_giua_cap | 4:duoi_32_ky_tu
võ thị sáu ninh kiều - cần thơ	1:gach_noi_giua_cap | 4:duoi_32_ky_tu
ấp 5, tân phú, đồng nai	4:duoi_32_ky_tu
3e/ 2 phổ quang tân bình	4:duoi_32_ky_tu
115 phan huy thực p. tân kiểng	4:duoi_32_ky_tu
đường 15 thuận an	4:duoi_32_ky_tu
đường trần hưng đạo quận 5	4:duoi_32_ky_tu
728/ 1 - hồng bàng quận 11 hồ chí minh	1:gach_noi_giua_cap
long phước - long thành - đồng nai	1:gach_noi_giua_cap
đường 20, thuận an	4:duoi_32_ky_tu
đường giải phóng - phường tương mai - hoàng mai - hà nội	1:gach_noi_giua_cap
xã long phước long thành	4:duoi_32_ky_tu
Đường Thăng Long Cẩm Lệ Đà Nẵng	4:duoi_32_ky_tu
Dự án Chơn Thành Golden Land, Chơn Thành, Bình Phước	2:trung_keyword[chơn thành]
đường 34 quận 6, hồ chí minh	4:duoi_32_ky_tu
165A Nguyễn Sinh Sắc, Vinh	4:duoi_32_ky_tu
đường phú điền - bắc từ liêm hà nội	1:gach_noi_giua_cap
Số 6, Linh Xuân, Thủ Đức	4:duoi_32_ky_tu
mai hắc đế, nghệ an	4:duoi_32_ky_tu
đường lê lai quận 1	4:duoi_32_ky_tu
nguyễn du trảng bàng	4:duoi_32_ky_tu
xã linh sơn, thái nguyên	4:duoi_32_ky_tu
73a - đường huỳnh tịnh của, quận 3, hồ chí minh	1:gach_noi_giua_cap
văn phong va can ho cao cap licogi 13 tower, thanh xuân, hà nội	0:thieu_dau_sai_chinh_ta[can ho,cap]
quang trung gò vấp. - hồ chí minh	1:gach_noi_giua_cap
thới lai cần thơ	4:duoi_32_ky_tu
kỳ đồng thái bình	4:duoi_32_ky_tu
đình vĩ	4:duoi_32_ky_tu
lê duẩn hải châu đà nẵng	4:duoi_32_ky_tu
Hoa Hồng Phú Nhuan Hồ Chí Minh	0:thieu_dau_sai_chinh_ta[phú nhuan,nhuan hồ] | 4:duoi_32_ky_tu
đường hữu hung, hà nội	0:thieu_dau_sai_chinh_ta[hung hà] | 4:duoi_32_ky_tu
bùi ngọc đường - hai bà trưng - hà nội	1:gach_noi_giua_cap
đường đinh tiên hoàng - xã an xuyên - cà mau	1:gach_noi_giua_cap
đường chợ hàng hải phòng	4:duoi_32_ky_tu
phường hàng buồm	4:duoi_32_ky_tu
kim liên, xã dân 2, đống đa	4:duoi_32_ky_tu
phố 24 - quận 6 - hồ chí minh	1:gach_noi_giua_cap | 4:duoi_32_ky_tu
đường xuân thới thượng	4:duoi_32_ky_tu
lê liễu	4:duoi_32_ky_tu
đường tuy lý vuong quận 8 - hồ chí minh	0:thieu_dau_sai_chinh_ta[vuong] | 1:gach_noi_giua_cap
ấp 4b - đường võ văn bích - xã bình mỹcủ hồ chí minh	1:gach_noi_giua_cap
cao sơn 7 - ngũ hành sơn	1:gach_noi_giua_cap | 4:duoi_32_ky_tu
đường bùi ngọc thu - hiệp an	1:gach_noi_giua_cap | 4:duoi_32_ky_tu
tân hương phố yên thái nguyễn	4:duoi_32_ky_tu
31/ 39 - ung văn khiêm - phường 25 - q. bình thạnh - hồ chí minh	1:gach_noi_giua_cap
đường thới an.  - quận 12 hồ chí minh	1:gach_noi_giua_cap
dự án khu đô thị mới pháp vân - tứ hiệp - hoàng mai hà nội	1:gach_noi_giua_cap
đường giang văn minh, quận 2	4:duoi_32_ky_tu
23 núi thành, hồ chí minh	4:duoi_32_ky_tu
Trần Thủ Độ - Tân Phú - Hồ Chí Minh	1:gach_noi_giua_cap
d11 bến cát	4:duoi_32_ky_tu
Nhà ở Vạn Xuân Bắc Sài Gòn - Quận 12 - Hồ Chí Minh	1:gach_noi_giua_cap
đường an dương tây hồ hà nội	4:duoi_32_ky_tu
dự án thanh an tower - đường lê văn lương - phường nhân chính - thanh xuân	1:gach_noi_giua_cap
đường tỉnh lộ 558 - nghệ an	1:gach_noi_giua_cap | 4:duoi_32_ky_tu
đường 35 - hiệp bình chánh - thủ đức - hồ chí minh	1:gach_noi_giua_cap
Thường Tín - Hà Nội	1:gach_noi_giua_cap | 4:duoi_32_ky_tu
tân phú - quận sơn trà - đà nẵng	1:gach_noi_giua_cap
1186 - 1188 Võ Văn Kiệt - Quận 5	1:gach_noi_giua_cap
Dự án The Pride - Đường Lê Văn Lương - La Khê - Hà Đông - Hà Nội	1:gach_noi_giua_cap
Đường 11 Thủ Đức	4:duoi_32_ky_tu
đại thiên lộc, bình dương	4:duoi_32_ky_tu
đường số 11, quận 4 hồ chí minh	4:duoi_32_ky_tu
võ thị sáu - ninh kiều	1:gach_noi_giua_cap | 4:duoi_32_ky_tu
dự án gold star tower đường hùng vương - thủ dầu một	1:gach_noi_giua_cap
xã đinh trang hoà, di linh	4:duoi_32_ky_tu
nguyễn văn lượng, gò vấp	4:duoi_32_ky_tu
Khu đỗ thị quốc te Đa Phước - Nguyễn Tất Thành - Hải Châu - Đà Nẵng	1:gach_noi_giua_cap
an dương, tây hồ	4:duoi_32_ky_tu
phạm văn đồng - hòa thành - tây ninh	1:gach_noi_giua_cap
Đoàn Hồng Phước - Tân Phú - Hồ Chí Minh	1:gach_noi_giua_cap
đường lê duẩn thị trấn long thành long thành đồng nai	2:trung_keyword[long thành]
Hàm Phú Hàm Thuận Bắc - Bình Thuận	1:gach_noi_giua_cap
thôn hà đông điện bàn qủang nam	4:duoi_32_ky_tu
đường nguyễn danh doi	4:duoi_32_ky_tu
khương đình, thanh xuân, hà nội	4:duoi_32_ky_tu
trường chính kiến an	4:duoi_32_ky_tu
cầu bính - thủy nguyên hải phòng	1:gach_noi_giua_cap
Đường Số 23 Thủ Đức - Hồ Chí Minh	1:gach_noi_giua_cap
bạch đằng - lương yên	1:gach_noi_giua_cap | 4:duoi_32_ky_tu
phường xuân tảo	4:duoi_32_ky_tu
phố 45 nông cống thanh hóa	4:duoi_32_ky_tu
phú lộc 4	4:duoi_32_ky_tu
Đường 6 - Thủ Dầu Một	1:gach_noi_giua_cap | 4:duoi_32_ky_tu
giang điền - đồng nai	1:gach_noi_giua_cap | 4:duoi_32_ky_tu
đặng thái thân - phan chu trinh - hoàn kiếm - hà nội	1:gach_noi_giua_cap
đường đt 741 bến cát	4:duoi_32_ky_tu
Xã Tân Quý Tây, Bình Chánh	4:duoi_32_ky_tu
thôn chiền hà nội	4:duoi_32_ky_tu
Bình Hưng Hòa B, Đường Hương lộ	4:duoi_32_ky_tu
quận 12	4:duoi_32_ky_tu
1436 trinh quang nghi f7	3:keyword_la_toan_so | 4:duoi_32_ky_tu
vi ba phường 4 bà rịa vũng tàu	4:duoi_32_ky_tu
phan văn đối hồ chí minh	4:duoi_32_ky_tu
376 đường võ văn tần quận 3	4:duoi_32_ky_tu
phạm ngọc thạch - đống đa	1:gach_noi_giua_cap | 4:duoi_32_ky_tu
đường nguyễn quý tân - hải dương	1:gach_noi_giua_cap
chợ gạo hoàn kiếm - hà nội	1:gach_noi_giua_cap | 4:duoi_32_ky_tu
ĐT 743 Dĩ An Bình Dương	4:duoi_32_ky_tu
phường 7 - lý chính thắng quận 3	1:gach_noi_giua_cap
302 cô bắc quận 1	4:duoi_32_ky_tu
đường 2/ 9 vĩnh long	4:duoi_32_ky_tu
Đường 3 - Gò Vấp	1:gach_noi_giua_cap | 4:duoi_32_ky_tu
21/ 6 tân mỹ quận 7 hồ chí minh	4:duoi_32_ky_tu
đường an trung 1	4:duoi_32_ky_tu
Đường Nguyễn Lan - Thanh Xuân Hà Nội	1:gach_noi_giua_cap
dự án cay mai - tân thạnh phường 16 quận 11 - hồ chí minh	1:gach_noi_giua_cap
trương định - phường 6 - quận 3 hồ chí minh	1:gach_noi_giua_cap
trần mai ninh - phường 11 - tân bình hồ chí minh	1:gach_noi_giua_cap
thống nhất, thường tín, hà nội	4:duoi_32_ky_tu
341 cao đạt	4:duoi_32_ky_tu
Sn 290 Đường Lê Hoan - Thanh Hóa	1:gach_noi_giua_cap
Đường Trần Hưng Đạo, Quận 9	4:duoi_32_ky_tu
đường 9 - linh đông - thủ đức	1:gach_noi_giua_cap | 4:duoi_32_ky_tu
đường cầu niệm lê chân	4:duoi_32_ky_tu
phố cầu dong, phường lộc vượng, nam định	0:thieu_dau_sai_chinh_ta[dong phường]
Tây Nam Đại học Thương Mại Đường Lê Đức Thọ - Cầu Giấy Hà Nội	1:gach_noi_giua_cap
quang trung phú xuyên	4:duoi_32_ky_tu
anh sơn nghệ an	4:duoi_32_ky_tu
78 dang văn bi	4:duoi_32_ky_tu
Phường Mỹ Đình 1 Nam Từ Liêm	4:duoi_32_ky_tu
dự án diamond flower tower đường lê văn lương - thanh xuân	1:gach_noi_giua_cap
null Quận 1 Hồ Chí Minh	4:duoi_32_ky_tu
nam cao hồ chí minh	4:duoi_32_ky_tu
Dự án Lan Phường MHBR Tower 104 Ho Văn Tự Thủ Đức	0:thieu_dau_sai_chinh_ta[tower ho]
nguyễn văn bua xã xuân thới sơn hóc môn - hồ chí minh	0:thieu_dau_sai_chinh_ta[văn bua] | 1:gach_noi_giua_cap
hoàng vân hiệp hòa bắc giang	4:duoi_32_ky_tu
đường trần hưng đạo - quận 9 hồ chí minh	1:gach_noi_giua_cap
đường thuỷ sơn 5	4:duoi_32_ky_tu
nguyễn thiện thuật, kontum	4:duoi_32_ky_tu
đường trần quang diệu quảng nam	4:duoi_32_ky_tu
võ công ton tân phú	4:duoi_32_ky_tu
phường thanh lộc đán, đà nẵng	4:duoi_32_ky_tu
đường 6 - thủ đức hồ chí minh	1:gach_noi_giua_cap | 4:duoi_32_ky_tu
nhà số 17 - đường 54 - quận 2 - hồ chí minh	1:gach_noi_giua_cap
nhà 80a - ngõ 76 - tổ 12 mậu lương kiến hưng - hà đông - hà nội	1:gach_noi_giua_cap
hòn đất - kiến giang	1:gach_noi_giua_cap | 4:duoi_32_ky_tu
15/ 2 - phan đăng lưu - thủ dầu một	1:gach_noi_giua_cap
phố mã mây, hoàn kiếm, hà nội	4:duoi_32_ky_tu
Dự án Thành phố Giao Lưu - Bắc Từ Liêm - Hà Nội	1:gach_noi_giua_cap
216 Lê Văn Thọ	4:duoi_32_ky_tu
165a đường nguyễn sinh sac - vinh	0:thieu_dau_sai_chinh_ta[sac] | 1:gach_noi_giua_cap
Pháo Đài Láng	4:duoi_32_ky_tu
đường lê văn lương - nhơn đức - nhà bè	1:gach_noi_giua_cap
phước đông - gò dầu	1:gach_noi_giua_cap | 4:duoi_32_ky_tu
đường cách mạng tháng tám - quận 10	1:gach_noi_giua_cap
Xã Mỹ Hạnh Bắc - Đường 9 - Đức Hòa	1:gach_noi_giua_cap
đường hiệp thành 6 - quận 12 - hồ chí minh	1:gach_noi_giua_cap
lê thanh nghị - phường	1:gach_noi_giua_cap | 4:duoi_32_ky_tu
Phố Trạm Hà Nội	4:duoi_32_ky_tu
Ung Văn Khiêm - Cái Khế - Cần Thơ	1:gach_noi_giua_cap
đường 319, đồng nai	4:duoi_32_ky_tu
07/ 74 lý tự trọng, tuy hoà	4:duoi_32_ky_tu
Ân Thị Hưng Yên	4:duoi_32_ky_tu
tổ hieu - cầu giấy - hà nội	1:gach_noi_giua_cap | 4:duoi_32_ky_tu
lê bình cái răng cần thơ	4:duoi_32_ky_tu
trung lương 5 hòa xuân, cẩm lệ	4:duoi_32_ky_tu
xã hòa lạc an giang	4:duoi_32_ky_tu
Hà Huy Giáp, Cẩm Lệ, Đà Nẵng	4:duoi_32_ky_tu
125 - 128, mê linh, vĩnh yên	4:duoi_32_ky_tu
Hà Trì - hà nội	1:gach_noi_giua_cap | 4:duoi_32_ky_tu
đường 4 quận 2, hồ chí minh	4:duoi_32_ky_tu
kim liên, xã dân 2, hà nội	4:duoi_32_ky_tu
đường hiệp thành 37, quận 12	4:duoi_32_ky_tu
phường khai quang - nguyễn tất thành - vĩnh phúc	1:gach_noi_giua_cap
phường 3 tân an, long an	4:duoi_32_ky_tu
36 Quận 4 hồ chí minh	4:duoi_32_ky_tu
the vesta	3:keyword_la_toan_so | 4:duoi_32_ky_tu
central plaza - 91 phạm văn hai tân bình - hồ chí minh	1:gach_noi_giua_cap
Lê Tấn Bê	4:duoi_32_ky_tu
Đường Cù Chính Lan - Hồng Bàng - Hải Phòng	1:gach_noi_giua_cap
lê lai, hải châu	4:duoi_32_ky_tu
đường liên phường phường phú hữu quận 9	2:trung_keyword[phường phường]
Hoàng Anh Gia Lai 2 - Phố Trần Xuân Soạn - Phường Tân Kiểng - Quận 7 - Hồ Chí Minh	1:gach_noi_giua_cap
vinhomes riverside hoa phường 8 phường phúc lợi long biên	2:trung_keyword[phường phường]
mỹ hạnh bắc đường 9 đức hòa	4:duoi_32_ky_tu
thanh xuân 18 - phường thạnh xuân quận 12	1:gach_noi_giua_cap
dong chieu, dĩ an, bình dương	4:duoi_32_ky_tu
vạn phúc riverside city	4:duoi_32_ky_tu
đường long thới - nhà bè ho c. hi minh	0:thieu_dau_sai_chinh_ta[bè ho] | 1:gach_noi_giua_cap
xã đắk sin, đắk nông	4:duoi_32_ky_tu
102 lã xuân oai - quận 9 hồ chí minh	1:gach_noi_giua_cap
100/ 21/ 10 đường đinh tiên hoàng bình thạnh - hồ chí minh	1:gach_noi_giua_cap
132 khâm thiên, hà nội	4:duoi_32_ky_tu
an thạnh bến lức	4:duoi_32_ky_tu
Nguyễn Kiều - Liên Chiểu - Đà Nẵng	1:gach_noi_giua_cap
đường 10 thủ dầu một bình dương	4:duoi_32_ky_tu
135 Tôn Đức Thắng, Đống Đa	4:duoi_32_ky_tu
Đường 12, Bình Chánh	4:duoi_32_ky_tu
đường thích quảng đức - liên chiểu	1:gach_noi_giua_cap
đường hoàng tăng bí bắc từ liêm	4:duoi_32_ky_tu
Đà Nẵng Hải An - Hải Phòng	1:gach_noi_giua_cap | 4:duoi_32_ky_tu
khương đình hạ đình	4:duoi_32_ky_tu
phường 13 trường sa phú nhuận	4:duoi_32_ky_tu
70/ 32 dinh bo linh - quận bình thạnh - thành phố hồ chí minh	1:gach_noi_giua_cap
Trần Văn Nam, Long An	4:duoi_32_ky_tu
158 nguyễn khánh toan, hà nội	4:duoi_32_ky_tu
80 phố an xá, ba đình hà nội	4:duoi_32_ky_tu
dx 059 thủ dầu một	4:duoi_32_ky_tu
đường 61 quận 2 hồ chí minh	4:duoi_32_ky_tu
11/ 172 đường nguyễn trãi - huế - thừa thiên huế	1:gach_noi_giua_cap
đường nguyễn thanh tuyền - hồ chí minh	1:gach_noi_giua_cap
dự án xuân mai tower - hà cầu - hà nội	1:gach_noi_giua_cap
phường 8 thành mỹ, tân bình	4:duoi_32_ky_tu
đường 17 thuận an bình dương	4:duoi_32_ky_tu
Xã Thống Nhất Thường Tín	4:duoi_32_ky_tu
số 11 - 2 định công thượng - hoàng mai	1:gach_noi_giua_cap
bạch mai	4:duoi_32_ky_tu
35 - cu lộc - phường thanh xuân trung	1:gach_noi_giua_cap
đường hương lộ 2 - phường bình hưng hòa bình tân hồ chí minh	1:gach_noi_giua_cap
Harbor City, Ho Hoc Lam, Phường 16 Quận 8, Hồ Chí Minh	0:thieu_dau_sai_chinh_ta[hoc,ho hoc,hoc lam]
chung cu t&t reverside 440 vĩnh hưng hoàng mai - hà nội	0:thieu_dau_sai_chinh_ta[chung cu] | 1:gach_noi_giua_cap
11 khúc hạo, sơn trà đà nẵng	4:duoi_32_ky_tu
vien dong meridian	0:thieu_dau_sai_chinh_ta[vien] | 3:keyword_la_toan_so | 4:duoi_32_ky_tu
d12 - thủ dầu một - bình dương	1:gach_noi_giua_cap | 4:duoi_32_ky_tu
An Dương Tây Hồ	4:duoi_32_ky_tu
30 chu huy man sơn trà	4:duoi_32_ky_tu
giang văn minh, quận 2	4:duoi_32_ky_tu
dự án rice home sông hồng - long biên - hà nội	1:gach_noi_giua_cap
07/ 74 lý tự trọng, tuy hòa	4:duoi_32_ky_tu
216 phan đăng lưu, hải châu	4:duoi_32_ky_tu
trung hành - hải an - hải phòng	1:gach_noi_giua_cap | 4:duoi_32_ky_tu
Trường Chinh P. 13	4:duoi_32_ky_tu
53 - 55 võ thị sáu tp. biên hòa	4:duoi_32_ky_tu
đường 401 tân uyên, bình dương	4:duoi_32_ky_tu
kha văn can, thủ đức	4:duoi_32_ky_tu
khu biet thu mỹ quang, quận 7, hồ chí minh	0:thieu_dau_sai_chinh_ta[biet]
đường d5 phường 5 - trà vinh	1:gach_noi_giua_cap | 4:duoi_32_ky_tu
1186 - 1188 đường võ văn kiệt - quận 5 hồ chí minh	1:gach_noi_giua_cap
đường an định	4:duoi_32_ky_tu
16 lũy bán bích - tân phú	1:gach_noi_giua_cap | 4:duoi_32_ky_tu
tôn đức thắng, sóc trăng	4:duoi_32_ky_tu
đường lê lộ sơn trà - đà nẵng	1:gach_noi_giua_cap | 4:duoi_32_ky_tu
44, khối 6, thành nhất	4:duoi_32_ky_tu
đoàn kết, phường	4:duoi_32_ky_tu
dự án n05 trần duy hưng - cầu giấy - hà nội	1:gach_noi_giua_cap
Đường Calmette, Quận 1Ho, Chí Minh	0:thieu_dau_sai_chinh_ta[quận ho,ho chí]
dự án khu đỗ thị mới dong tang long quận 9 - hồ chí minh	1:gach_noi_giua_cap
đường 6b - bình tân hồ chí minh	1:gach_noi_giua_cap | 4:duoi_32_ky_tu
Nguyễn Bá Tòng - Phường 11 - Tân Bình - Hồ Chí Minh	1:gach_noi_giua_cap
tổ hieu - cầu giấy hà nội	1:gach_noi_giua_cap | 4:duoi_32_ky_tu
đường d21, bình dương	4:duoi_32_ky_tu
triệu quang phục phường 10 - quận 5 hồ chí minh	1:gach_noi_giua_cap
Đường Bế Văn Đàn - Hà Đông	1:gach_noi_giua_cap | 4:duoi_32_ky_tu
hà đông điện bàn - quảng nam	1:gach_noi_giua_cap | 4:duoi_32_ky_tu
đường hùng thắng, hạ long	4:duoi_32_ky_tu
the bay view towers	3:keyword_la_toan_so | 4:duoi_32_ky_tu
pháo đài láng - đống đa	1:gach_noi_giua_cap | 4:duoi_32_ky_tu
mỹ lệ	4:duoi_32_ky_tu
299 Âu Cơ Tây Hồ	4:duoi_32_ky_tu
đường lê lai - an cư - cần thơ	1:gach_noi_giua_cap | 4:duoi_32_ky_tu
đường ngô thì nhậm - hà đông - hà nội	1:gach_noi_giua_cap
Đường 786 - Tây Ninh	1:gach_noi_giua_cap | 4:duoi_32_ky_tu
đường bùi ngọc thu - phường hiệp an	1:gach_noi_giua_cap
chung cu k80 a - ngõ 376/ 14 đường bưởi - phường vĩnh phúc - ba đình	0:thieu_dau_sai_chinh_ta[chung cu] | 1:gach_noi_giua_cap
quốc lộ 23 mê linh - hà nội	1:gach_noi_giua_cap | 4:duoi_32_ky_tu
bình an bình dương	4:duoi_32_ky_tu
66 cách mạng tháng 8 phường hoa lư plei ku gia lai	0:thieu_dau_sai_chinh_ta[phường hoa]
đường phan chu trinh - tây ninh	1:gach_noi_giua_cap | 4:duoi_32_ky_tu
số 34 - p. tân quý - q. 7 - hồ chí minh	1:gach_noi_giua_cap
đường đinh thị vân thanh khê	4:duoi_32_ky_tu
đường phan liêm, quận 1	4:duoi_32_ky_tu
Đường Nguyễn Thị Nhỏ - Phường 9 - Quận 11 - Hồ Chí Minh	1:gach_noi_giua_cap
173 hoàng hoa thám - ba đình - hà nội	1:gach_noi_giua_cap
Phố Trạm tổ 12 Long Biên - Hà Nội	1:gach_noi_giua_cap
đường trinh dinh trong - tân phú	0:thieu_dau_sai_chinh_ta[trong tân] | 1:gach_noi_giua_cap
hùng vương cam ranh	4:duoi_32_ky_tu
Đường Cầu Xây - Phường Tân Phú Quận 9 Hồ Chí Minh	1:gach_noi_giua_cap
vp3 linh đàm	4:duoi_32_ky_tu
Đường Bình Kieu 1 Hải An	4:duoi_32_ky_tu
bù gia mập - bình phước	1:gach_noi_giua_cap | 4:duoi_32_ky_tu
Đường Triệu Quang Phục - Khánh Hòa	1:gach_noi_giua_cap
Kim Hoa, Kim Liên, Đống Đa	4:duoi_32_ky_tu
7 Đường Nguyễn Kha Trac, Cầu Giấy	0:thieu_dau_sai_chinh_ta[trac]
khiếu năng tĩnh - phường an lạc a - bình tân tp hồ chí minh	1:gach_noi_giua_cap
Lê Xuân Oai - Hồ Chí Minh	1:gach_noi_giua_cap | 4:duoi_32_ky_tu
dự án khu đỗ thị mới văn quán - hà đông - hà nội	1:gach_noi_giua_cap
Ngô Quyền Phường An Hải Tây - Sơn Trà	1:gach_noi_giua_cap
đường 1 - phường tân tạo a - bình tân - hồ chí minh	1:gach_noi_giua_cap
Đinh Liệt, Tam Kỳ	4:duoi_32_ky_tu
phường linh chiểu đường chương dương - thủ đức hồ chí minh	1:gach_noi_giua_cap
phường 12 - đường sơn hùng tân bình - hồ chí minh	1:gach_noi_giua_cap
đường hùng vương hồng bàng	4:duoi_32_ky_tu
nguyễn ngọc nhut hồ chí minh	0:thieu_dau_sai_chinh_ta[nhut] | 4:duoi_32_ky_tu
Lê Lợi - Bến Cát - Bình Dương	1:gach_noi_giua_cap | 4:duoi_32_ky_tu
quốc lộ 22 quận Hóc Môn	4:duoi_32_ky_tu
thạnh mỹ lợi, quận 2	4:duoi_32_ky_tu
đường 14 - quận 10 - hồ chí minh	1:gach_noi_giua_cap
Đường Trần Bình Nam Từ Liêm	4:duoi_32_ky_tu
phường thịnh liệt	4:duoi_32_ky_tu
đường 3 ninh kiều cần thơ	4:duoi_32_ky_tu
đường nguyễn duy trinh quận 2 - hồ chí minh	1:gach_noi_giua_cap
đường đặng dung quận 1 - tp hồ chí minh	1:gach_noi_giua_cap
Ngõ 108	4:duoi_32_ky_tu
võ văn dung - đống đa	1:gach_noi_giua_cap | 4:duoi_32_ky_tu
Đường 21 - Gò Vấp	1:gach_noi_giua_cap | 4:duoi_32_ky_tu
Đường 11 Bình Thuận - Quận 7	1:gach_noi_giua_cap | 4:duoi_32_ky_tu
đường giáp hải, củ chi	4:duoi_32_ky_tu
dự án nam hưng vuong, phường an lạc, bình tân, hồ chí minh	0:thieu_dau_sai_chinh_ta[vuong,hưng vuong,vuong phường]
đường a6, nha trang	4:duoi_32_ky_tu
dân chủ tân thành tân phú	4:duoi_32_ky_tu
thanh oai, hà nội	4:duoi_32_ky_tu
đường đường ton hai ngũ hành sơn đà nẵng	2:trung_keyword[đường đường]
Đường Nguyễn Huệ - Bình Long Bình Phước	1:gach_noi_giua_cap
đường liễu ngoại	4:duoi_32_ky_tu
phan sào nam, hồ chí minh	4:duoi_32_ky_tu
nguyễn canh chan quận 1	4:duoi_32_ky_tu
Đường Quốc lộ 21B Phường Phú Lãm Hà Đông - Hà Nội	1:gach_noi_giua_cap
Cầu Gỗ, Hoàn Kiếm	4:duoi_32_ky_tu
lê lợi bến cát bình dương	4:duoi_32_ky_tu
dự án khu đỗ thị mới cuu vien - kiến an - hải phòng	0:thieu_dau_sai_chinh_ta[vien] | 1:gach_noi_giua_cap
số nhà 47 ngách 21 ngõ 80 Đường	4:duoi_32_ky_tu
80 hoàng đạo thành	4:duoi_32_ky_tu
sài sơn, hà nội	4:duoi_32_ky_tu
đường số 17 quận 7	4:duoi_32_ky_tu
phố ngọc đại, hà nội	4:duoi_32_ky_tu
Phố Doc Ngu Phường Vĩnh Phúc - Ba Đình	0:thieu_dau_sai_chinh_ta[doc] | 1:gach_noi_giua_cap
can ho florita đức khai	0:thieu_dau_sai_chinh_ta[can ho] | 4:duoi_32_ky_tu
tòa nha hipt	4:duoi_32_ky_tu
chung cư lafontana	4:duoi_32_ky_tu
tây nam - khánh hòa	1:gach_noi_giua_cap | 4:duoi_32_ky_tu
đường trần thái tong lâm đồng	4:duoi_32_ky_tu
87 - tây sơn quang trung - đống đa - hà nội	1:gach_noi_giua_cap
167 - nguyễn phong sắc - hưng dũng - tp vinh	1:gach_noi_giua_cap
đường khuc hao sơn trà đà nẵng	0:thieu_dau_sai_chinh_ta[khuc] | 4:duoi_32_ky_tu
bình hưng hoà b - quốc lộ 1a - bình tân	1:gach_noi_giua_cap
đường t5 - tân phú	1:gach_noi_giua_cap | 4:duoi_32_ky_tu
vĩnh tân vành đai 4	4:duoi_32_ky_tu
200 Đường Nguyễn Văn Công	4:duoi_32_ky_tu
đường bưởi ba đình	4:duoi_32_ky_tu
Đường Tố Hữu, Hà Đông Hà Nội	4:duoi_32_ky_tu
đường hà huy tập - phường tân chính - thanh khê - đà nẵng	1:gach_noi_giua_cap
đường phố trạm - hà nội	1:gach_noi_giua_cap | 4:duoi_32_ky_tu
dự án southern dragon - đường âu cơ - phường hòa thạnh - tân phú - hồ chí minh	1:gach_noi_giua_cap
228a phan văn hân bình thạnh	4:duoi_32_ky_tu
Đường Trương Định - Quận 1	1:gach_noi_giua_cap | 4:duoi_32_ky_tu
đường đông tân - dĩ an - bình dương	1:gach_noi_giua_cap
Hoàng Vân Hợp Bình Tân - Tp Hồ Chí Minh	1:gach_noi_giua_cap
dự án the sun avenue - quận 12 hồ chí minh	1:gach_noi_giua_cap
đường nguyễn văn cừ - bà rịa	1:gach_noi_giua_cap | 4:duoi_32_ky_tu
dat biet thu Nam Quang -  mỹ hưng - Quận 7 - Hồ Chí Minh	0:thieu_dau_sai_chinh_ta[dat,biet] | 1:gach_noi_giua_cap
đường phương mai, đống đa	4:duoi_32_ky_tu
đường an tràng - xã an đồng - an dương - hải phòng	1:gach_noi_giua_cap
Võ Nguyên Giáp phước tân	4:duoi_32_ky_tu
đường đường thị giang	2:trung_keyword[đường đường] | 4:duoi_32_ky_tu
Đường Quốc lộ 21A Hòa Bình	4:duoi_32_ky_tu
phường 9 đường phan huy ich gò vấp	0:thieu_dau_sai_chinh_ta[ich]
Đàm Văn Lễ Cẩm Lệ	4:duoi_32_ky_tu
phường quảng vinh, thái nguyên	4:duoi_32_ky_tu
104/ 2N - Đường Tân Hiệp 16 Hóc Môn	1:gach_noi_giua_cap
dự án mỹ khang - đường nguyễn đức cảnh - hồ chí minh	1:gach_noi_giua_cap
đường 60 - quận 6 hồ chí minh	1:gach_noi_giua_cap | 4:duoi_32_ky_tu
Dự án TMS Land Hùng Vương Phường Trưng Nhị - Phúc Yên - Vĩnh Phúc	1:gach_noi_giua_cap
đường nghiem xuân yem thanh trì hà nội	0:thieu_dau_sai_chinh_ta[nghiem,yem]
284 Đường Quang Ham P. 5 Gò Vấp	4:duoi_32_ky_tu
đường 13 bình thạnh hồ chí minh	4:duoi_32_ky_tu
đường tân thành quận 5	4:duoi_32_ky_tu
đường tỉnh lộ 47, xã cửa dương	4:duoi_32_ky_tu
đường quốc lộ 1a dĩ an	4:duoi_32_ky_tu
nguyễn khánh toan, nha trang	4:duoi_32_ky_tu
đường 16, bến cát bình dương	4:duoi_32_ky_tu
đường d52 thủ đức, hồ chí minh	4:duoi_32_ky_tu
hai bà trưng - đà lạt lâm đồng	1:gach_noi_giua_cap | 4:duoi_32_ky_tu
Thanh Nê - Kiến Xương - Thái Bình	1:gach_noi_giua_cap
dương thị mười - phường tân thới hiệp quận 12 - hồ chí minh	1:gach_noi_giua_cap
43/ 27kp 3 - vuon lai - an phú đông - quận 12 hồ chí minh	0:thieu_dau_sai_chinh_ta[vuon] | 1:gach_noi_giua_cap
Đường 62 - Quận 7 - Hồ Chí Minh	1:gach_noi_giua_cap | 4:duoi_32_ky_tu
đường phan khôi - đà nẵng	1:gach_noi_giua_cap | 4:duoi_32_ky_tu
ngô quyền đà lạt - lâm đồng	1:gach_noi_giua_cap | 4:duoi_32_ky_tu
đường huỳnh khương an - vũng tàu	1:gach_noi_giua_cap
tân lập, nha trang	4:duoi_32_ky_tu
dự án huy hoàng phường	4:duoi_32_ky_tu
đường lê lợi huế	4:duoi_32_ky_tu
thuong dong hiển khánh vụ bản - nam định	0:thieu_dau_sai_chinh_ta[thuong] | 1:gach_noi_giua_cap
dự án euro village - sơn trà - đà nẵng	1:gach_noi_giua_cap
dự án chung cự đồng hung - quận 12 - hồ chí minh	0:thieu_dau_sai_chinh_ta[đồng hung,hung quận] | 1:gach_noi_giua_cap
Screc Tower Quận 3 Hồ Chí Minh	4:duoi_32_ky_tu
phạm hữu chí, hồ chí minh	4:duoi_32_ky_tu
ngũ hành sơn đà nẵng	4:duoi_32_ky_tu
ngõ 46 Phố Quận Nhân Cầu Giấy	4:duoi_32_ky_tu
Lê Hữu Kieu Quận 2 Hồ Chí Minh	4:duoi_32_ky_tu
số 53 đường xuân thới sơn 12 hóc môn - hồ chí minh	1:gach_noi_giua_cap
số 71 74 hữu hung đại mỗ	4:duoi_32_ky_tu
phường lái thiêu - thuận an bình dương	1:gach_noi_giua_cap
dự án rice home song hồng - long biên - hà nội	1:gach_noi_giua_cap
cu lao phú nhuận hồ chí minh	4:duoi_32_ky_tu
đt 743c, dĩ an, bình dương	4:duoi_32_ky_tu
cao bá quát hội an	4:duoi_32_ky_tu
trung hành hải an - hải phòng	1:gach_noi_giua_cap | 4:duoi_32_ky_tu
xã hiệp thành, thủ dầu một	4:duoi_32_ky_tu
Đường 24 - Linh Đông - Thủ Đức	1:gach_noi_giua_cap | 4:duoi_32_ky_tu
10 Đường Quan Hoa, Cầu Giấy hà nội	0:thieu_dau_sai_chinh_ta[đường quan,hoa cầu]
phố dang thái than phan chu trinh hoàn kiếm - hà nội	1:gach_noi_giua_cap
định công hoàng mai hà nội	4:duoi_32_ky_tu
đường nguyễn tri phương - phường xuân an - long khánh	1:gach_noi_giua_cap
trường thịnh ứng hòa - hà nội	1:gach_noi_giua_cap | 4:duoi_32_ky_tu
đường 3 ninh kiều	4:duoi_32_ky_tu
Đường Chu Văn - Hạ Long - Nam Định	1:gach_noi_giua_cap
yên thuận, cái răng, cần thơ	4:duoi_32_ky_tu
sông đà, thủ đức, hồ chí minh	4:duoi_32_ky_tu
số 9 - ngõ 267 - đường hoàng hoa thám - ba đình - hà nội	1:gach_noi_giua_cap
96 Định Công - Thanh Xuân	1:gach_noi_giua_cap | 4:duoi_32_ky_tu
đông thạnh, hồ chí minh	4:duoi_32_ky_tu
441/ 27 - nguyễn đình chiểu - phường 5 - quận 3 - hồ chí minh	1:gach_noi_giua_cap
toà nhà văn phòng elinco	4:duoi_32_ky_tu
đường 12 thủ dầu một - bình dương	1:gach_noi_giua_cap
xã thiện trí cái bè tiền giang	4:duoi_32_ky_tu
Đường Tôn Thất Thuyết - Quận 4	1:gach_noi_giua_cap | 4:duoi_32_ky_tu
dự án the vân phú victoria - hà đông - hà nội	1:gach_noi_giua_cap
trần xuân soạn quận 7	4:duoi_32_ky_tu
trương định - quận 1	1:gach_noi_giua_cap | 4:duoi_32_ky_tu
ngõ 298/ 77/ 25/ 38 đường ngọc hồi - thanh trì hà nội	1:gach_noi_giua_cap
đường 11, phú nhuanho chí minh	4:duoi_32_ky_tu
phường 10 - lý chiêu hoàng quận 6 hồ chí minh	1:gach_noi_giua_cap
Ngõ 34 Mã Mây	4:duoi_32_ky_tu
Khu can ho Chanh Hung - Giai Việt	0:thieu_dau_sai_chinh_ta[can ho] | 1:gach_noi_giua_cap
dự án khu căn hộ cao cấp chánh hưng - quận 8 - hồ chí minh	1:gach_noi_giua_cap
Thanh Niên Hóc Môn	4:duoi_32_ky_tu
the vesta - hà đông - hà nội	1:gach_noi_giua_cap | 4:duoi_32_ky_tu
đường đồng khởi, trà vinh	4:duoi_32_ky_tu
ecohome 2 đường xuân đỉnh xã đông ngac bắc từ liêm	0:thieu_dau_sai_chinh_ta[ngac]
373 lý thường kiệt tân bình	4:duoi_32_ky_tu
1436 trịnh quang nghị, f7, q. 8	4:duoi_32_ky_tu
25a mai thị lựu quận 1	4:duoi_32_ky_tu
dã tượng, nha trang	4:duoi_32_ky_tu
đường 7 phường an phú quận 2	4:duoi_32_ky_tu
lô 12 - kđt mới văn phú - đường lê trọng tấn - hà đông	1:gach_noi_giua_cap
phố yên phúc	4:duoi_32_ky_tu
thới tam thôn 7, hồ chí minh	4:duoi_32_ky_tu
đường lê lợi huế thừa thiên huế	4:duoi_32_ky_tu
hà hoàng hổ long xuyên	4:duoi_32_ky_tu
chung cu phú sơn	0:thieu_dau_sai_chinh_ta[chung cu] | 4:duoi_32_ky_tu
chu văn an phường bình chiểu - thủ đức hồ chí minh	1:gach_noi_giua_cap
đường 10m thành thái - quận 10 hồ chí minh	1:gach_noi_giua_cap
Lê Trọng Tấn, La Khê, Hà Đông	4:duoi_32_ky_tu
đường 24 - Thủ Đức Hồ Chí Minh	1:gach_noi_giua_cap | 4:duoi_32_ky_tu
xã tân quy tây	4:duoi_32_ky_tu
giải phóng - hai bà trưng - hà nội	1:gach_noi_giua_cap
111 - đường lũy bán bích tân phú	1:gach_noi_giua_cap
số 30 353 an dương vượng tây hồ	4:duoi_32_ky_tu
Bình An, Dĩ An Bình Dương	4:duoi_32_ky_tu
đường đường ton hai ngũ hành sơn - đà nẵng	1:gach_noi_giua_cap | 2:trung_keyword[đường đường]
Hàng Nón Hoàn Kiếm Hà Nội	4:duoi_32_ky_tu
đường 4 quận 9	4:duoi_32_ky_tu
Đường Nguyễn Thuật - Phường Hòa An - Cẩm Lệ - Đà Nẵng	1:gach_noi_giua_cap
đường dương quảng hàm - phường 15 - gò vấp - hồ chí minh	1:gach_noi_giua_cap
can ho 8x plus trường chinh	0:thieu_dau_sai_chinh_ta[can ho] | 4:duoi_32_ky_tu
đường hai bà trưng - tân định - quận 1	1:gach_noi_giua_cap
64 Đường 6 linh trung	4:duoi_32_ky_tu
scetpa building	3:keyword_la_toan_so | 4:duoi_32_ky_tu
quận 12 sài gòn	4:duoi_32_ky_tu
đường lạc long quân, vĩnh yên	4:duoi_32_ky_tu
Phường Hòa Thạnh, Đường Trinh Dinh Trong Tân Phú hồ chí minh	0:thieu_dau_sai_chinh_ta[trong tân]
xã ia sao, ia grai	4:duoi_32_ky_tu
tân khai tân bình	4:duoi_32_ky_tu
xã long phước, đồng nai	4:duoi_32_ky_tu
Nguyễn Tĩnh Đông Hương	4:duoi_32_ky_tu
đường trần phú cẩm phả - quảng ninh	1:gach_noi_giua_cap
ngõ 29 phố láng hạ - ba đình - hà nội	1:gach_noi_giua_cap
Dự án Lavita Garden - Phường Trường Thọ - Thủ Đức	1:gach_noi_giua_cap
đường tân thới hiệp.  - quận 12 - hồ chí minh	1:gach_noi_giua_cap
Huỳnh Văn Co - Hồ Chí Minh	1:gach_noi_giua_cap | 4:duoi_32_ky_tu
đại tao, quốc oai, hà nội	4:duoi_32_ky_tu
đường ho xuân hương quận ngũ hành sơn	0:thieu_dau_sai_chinh_ta[đường ho]
hà lung	4:duoi_32_ky_tu
đặng châu tuệ - quảng ninh	1:gach_noi_giua_cap | 4:duoi_32_ky_tu
đường nguyễn bặc nha trang	4:duoi_32_ky_tu
243/ 2/ 61 Chu Văn An - P. 12 - Q. Bình Thạnh - Hồ Chí Minh	1:gach_noi_giua_cap
xã phạm văn hai thới hòa	4:duoi_32_ky_tu
Đường Hồng Bàng nha trang	4:duoi_32_ky_tu
that sơn - quận 10 - hồ chí minh	0:thieu_dau_sai_chinh_ta[that] | 1:gach_noi_giua_cap
quốc lộ 3 - mai đình - sóc sơn - hà nội	1:gach_noi_giua_cap
phường tăng nhơn phú a - đường làng tăng phú quận 9	1:gach_noi_giua_cap
Đường Phạm Hữu Lầu Xã Phước Kiển - Nhà Bè - hồ chí minh	1:gach_noi_giua_cap
chợ đêm hạnh thông tây - đường quang trung gò vấp - hồ chí minh	1:gach_noi_giua_cap
Võ Thị Sáu Hai Bà Trưng	4:duoi_32_ky_tu
xã bình mỹ hồ chí minh	4:duoi_32_ky_tu
thôn ngọc truc, đại mỗ, nam từ liêm, hà nội	0:thieu_dau_sai_chinh_ta[truc]
xã tân hội đan phượng hà nội	4:duoi_32_ky_tu
đường nguyễn thái bình tân bình - tp hồ chí minh	1:gach_noi_giua_cap
số 54b phú xá, hà nội	4:duoi_32_ky_tu
krông buk, đắk lắk	4:duoi_32_ky_tu
phố dinh liệt tam kỳ	4:duoi_32_ky_tu
đường nguyễn văn linh sóc trăng	4:duoi_32_ky_tu
phường 7 - bình tiên - quận 6	1:gach_noi_giua_cap | 4:duoi_32_ky_tu
phố thị sách phường ngô thì nhậm - hai bà trưng - hà nội	1:gach_noi_giua_cap
lương khai siêu phường bình thọ	4:duoi_32_ky_tu
Thuận Hóa Thừa Thiên Huế	4:duoi_32_ky_tu
phố hà trung hà nội	4:duoi_32_ky_tu
phạm việt chanh cẩm lệ đà nẵng	4:duoi_32_ky_tu
đường củ chi	4:duoi_32_ky_tu
đường trần văn trà - cẩm lệ - đà nẵng	1:gach_noi_giua_cap
Đường Cam Bắc 11	4:duoi_32_ky_tu
Bạch Đằng, Hồng Bàng	4:duoi_32_ky_tu
huyện cẩm phả quảng ninh	4:duoi_32_ky_tu
tản đà - quận 5 - hồ chí minh	1:gach_noi_giua_cap | 4:duoi_32_ky_tu
võ văn dung đống đa hà nội	4:duoi_32_ky_tu
90 nguyễn tuan hà nội	4:duoi_32_ky_tu
nguyễn thượng hiền - đà nẵng	1:gach_noi_giua_cap | 4:duoi_32_ky_tu
dự án eco spring tân triều - hà nội	1:gach_noi_giua_cap
đường 34, quận 6, hồ chí minh	4:duoi_32_ky_tu
Dự án Eco Village Xã Đức Hoà Hạ Đức Hòa - Long An	1:gach_noi_giua_cap
đường cầu mới, đống đa, hà nội	4:duoi_32_ky_tu
38 - nguyễn chí thanh dự án la paz tower - hải châu - đà nẵng	1:gach_noi_giua_cap
đường nguyễn phúc chu phan thiet bình thuận	0:thieu_dau_sai_chinh_ta[thiet,phan thiet,thiet bình]
đường quốc lộ 1a núi thành	4:duoi_32_ky_tu
phổ quang tân bình hồ chí minh	4:duoi_32_ky_tu
12 KDT mới Vân Phú Lê Trọng Tấn - Hà Đông - Hà Nội	1:gach_noi_giua_cap
Đường Hưng Phú Cần Thơ	4:duoi_32_ky_tu
Cách Mạng Tháng Tám - Quận 10 - Tp Hồ Chí Minh	1:gach_noi_giua_cap
dự án khu đỗ thị mới phap văn tự hiep hoàng mai, hà nội	0:thieu_dau_sai_chinh_ta[phap,hiep]
Phú Lãm - Hà Nội	1:gach_noi_giua_cap | 4:duoi_32_ky_tu
đường bạch đằng, hồng bàng	4:duoi_32_ky_tu
quận 9	4:duoi_32_ky_tu
đường 6, bến lức	4:duoi_32_ky_tu
valora fuji, quận 9 hồ chí minh	4:duoi_32_ky_tu
dự án an phú an khánh - đường nguyễn hoàng - quận 2 hồ chí minh	1:gach_noi_giua_cap
đường vọng hà - phường chương dương độ - hà nội	1:gach_noi_giua_cap
housing - trung kính phường yên hòa - hà nội	1:gach_noi_giua_cap
quốc lộ 91, long xuyên	4:duoi_32_ky_tu
hát môn phúc thọ hà nội	4:duoi_32_ky_tu
số 38 ngach 93 ngõ vạn hương, đống đa, hà nội	0:thieu_dau_sai_chinh_ta[ngach]
34/ 1a trần khánh dư quận 1 - hồ chí minh	1:gach_noi_giua_cap
phố quang trung - gò vấp	1:gach_noi_giua_cap | 4:duoi_32_ky_tu
Đường Hiệp Thành 6, Quận 12	4:duoi_32_ky_tu
đường lạc long quânp3 - quận 11 - hồ chí minh	1:gach_noi_giua_cap
đường 647, thủ đức	4:duoi_32_ky_tu
Đường 12 - Phường Trường Thọ - Thủ Đức - Hồ Chí Minh	1:gach_noi_giua_cap
khu dân cu thành trực	0:thieu_dau_sai_chinh_ta[dân cu] | 4:duoi_32_ky_tu
17 nguyễn cửu đàm, tân phú	4:duoi_32_ky_tu
thới an 9 quận 12	4:duoi_32_ky_tu
đường mai xuân thưởng - vĩnh hải - nha trang - khánh hòa	1:gach_noi_giua_cap
bửu long, biên hòa, đồng nai	4:duoi_32_ky_tu
phường nguyễn an ninh	4:duoi_32_ky_tu
cowaelmic thanh xuân hà nội	4:duoi_32_ky_tu
50 đường đồng xoài, hồ chí minh	4:duoi_32_ky_tu
đường lê quang đào - phường an hải dong - sơn trà	1:gach_noi_giua_cap
dự án toà nhà cowaelmic - thanh xuân - hà nội	1:gach_noi_giua_cap
Xã Mỹ Yên Bến Lức	4:duoi_32_ky_tu
mỹ khánh 4, quận 7, sài gòn	4:duoi_32_ky_tu
Đường Yên Thuận	4:duoi_32_ky_tu
đường bùi thị xuân - dĩ an bình dương	1:gach_noi_giua_cap
Phường 1, Lý Thái Tổ, Quận 3	4:duoi_32_ky_tu
đổ bá - ngũ hành sơn đà nẵng	1:gach_noi_giua_cap | 4:duoi_32_ky_tu
số nha 51c	4:duoi_32_ky_tu
đường trần quang diệu tam kỳ	4:duoi_32_ky_tu
bùi hữu nghĩa tân hạnh đồng nai	4:duoi_32_ky_tu
Triệu việt vương Hai bà trưng	4:duoi_32_ky_tu
đường tây hoà, hồ chí minh	4:duoi_32_ky_tu
số 45duong ho ba mậu đông da hà nội	0:thieu_dau_sai_chinh_ta[duong,số duong,duong ho,đông da,da hà]
Xã Thanh Lâm Mê Linh	4:duoi_32_ky_tu
Phú Lâm, Hà Nội	4:duoi_32_ky_tu
xã đức chính, hải dương	4:duoi_32_ky_tu
đường trần hưng đạo - quận 9 - hồ chí minh	1:gach_noi_giua_cap
Đường 3 Quận 2	4:duoi_32_ky_tu
xã khánh hà liễu ngoại hà nội	4:duoi_32_ky_tu
dự án khu đô thị an khánh an thượng - hà nội	1:gach_noi_giua_cap
khu dân cư bình hưng bình chánh - tp hồ chí minh	1:gach_noi_giua_cap
vĩnh niệm lê chân hải phòng	4:duoi_32_ky_tu
Uyên Hưng Tân Uyên Bình Dương	4:duoi_32_ky_tu
đường tổ ky - quận 12 - hồ chí minh	0:thieu_dau_sai_chinh_ta[tổ ky,ky quận] | 1:gach_noi_giua_cap
hạ lũng, hải an hải phòng	4:duoi_32_ky_tu
đường lò đúc hai bà trưng	4:duoi_32_ky_tu
trương đăng quế gò vấp	4:duoi_32_ky_tu
ngõ 41 phố thái hà hà nội	4:duoi_32_ky_tu
đường xuân đỉnh bắc từ liêm	4:duoi_32_ky_tu
Thôn 10 - Xã Thiên Hương Hải Phòng	1:gach_noi_giua_cap
hoàng bá đạt	4:duoi_32_ky_tu
K82/ 17 Trần Khánh Dư - Ngũ Hành Sơn	1:gach_noi_giua_cap
dự án carillon 3 - tân bình sài gòn	1:gach_noi_giua_cap
Xã Hòa Lạc Phú Tân An Giang	4:duoi_32_ky_tu
quach dinh bao, thái bình	0:thieu_dau_sai_chinh_ta[quach] | 4:duoi_32_ky_tu
Long Phước Long Thành Đồng Nai	4:duoi_32_ky_tu
tân mỹ hà nội	4:duoi_32_ky_tu
khu dân cu thạnh mỹ lợi quận 2 hồ chí minh	0:thieu_dau_sai_chinh_ta[dân cu]
quốc lộ 1a cẩm xuyên	4:duoi_32_ky_tu
165A Đường Nguyễn Sinh Sắc Vinh	4:duoi_32_ky_tu
Phường 14 - Phú Nhuận Hồ Chí Minh	1:gach_noi_giua_cap
nam long 2 - hà huy tập - quận 7	1:gach_noi_giua_cap
đường thái sanh hạnh, mỹ tho	4:duoi_32_ky_tu
phường 13 - hòa hưng	1:gach_noi_giua_cap | 4:duoi_32_ky_tu
cẩm sơn, cẩm xuyên, hà tĩnh	4:duoi_32_ky_tu
ton that thiep bến nghé hồ chí minh	0:thieu_dau_sai_chinh_ta[that,thiep,ton that]
dự án riviera point - phường tân phú - đường huỳnh tấn phát - quận 7 hồ chí minh	1:gach_noi_giua_cap
dự án nguyễn văn cừ - bình chánh - hồ chí minh	1:gach_noi_giua_cap
lý thường kiệt, vũng tàu	4:duoi_32_ky_tu
29 gò vấp hồ chí minh	4:duoi_32_ky_tu
tân quý tây	4:duoi_32_ky_tu
đường nguyễn hoàng, hồ chí minh	4:duoi_32_ky_tu
15 gò vấp hồ chí minh	4:duoi_32_ky_tu
phố trần đại nghĩa hai bà trưng	4:duoi_32_ky_tu
can ho riva park quận 4 sài gòn	0:thieu_dau_sai_chinh_ta[can ho] | 4:duoi_32_ky_tu
đường long hưng tân bình	4:duoi_32_ky_tu
32 - lê văn lương - p. tân hưng - q7	1:gach_noi_giua_cap
Đồng Khởi, Vĩnh Cửu, Đồng Nai	4:duoi_32_ky_tu
đường chau thuong văn - đà nẵng	0:thieu_dau_sai_chinh_ta[thuong] | 1:gach_noi_giua_cap | 4:duoi_32_ky_tu
hà trì 4 - hà đông - hà nội	1:gach_noi_giua_cap | 4:duoi_32_ky_tu
đường 61 quận 2	4:duoi_32_ky_tu
the everrich ii đào trị quận 7	4:duoi_32_ky_tu
thuy ung đan phượng hà nội	4:duoi_32_ky_tu
hà đông điện bàn qủang nam	4:duoi_32_ky_tu
Tân Trào, Ninh Kiều, Cần Thơ	4:duoi_32_ky_tu
Dự án Nguyễn Văn Cừ Bình Chánh - Hồ Chí Minh	1:gach_noi_giua_cap
đường xuân thoi 2 xã trung chánh hồ chí minh	0:thieu_dau_sai_chinh_ta[xuân thoi]
An Hải Bắc Sơn Trà	4:duoi_32_ky_tu
trường sơn quận 10 hồ chí minh	4:duoi_32_ky_tu
intracom 2 cầu diễn - bắc từ liêm - hà nội	1:gach_noi_giua_cap
dự án khu cao oc hồng tân bình tân hồ chí minh	0:thieu_dau_sai_chinh_ta[oc]
Thôn Ngọc Trục - Đại Mỗ - Nam Từ Liêm - Hà Nội	1:gach_noi_giua_cap
khu đỗ thị mới cuu vien kiến an - hải phòng	0:thieu_dau_sai_chinh_ta[vien] | 1:gach_noi_giua_cap
87 - tây sơn quang trung đống đa - hà nội	1:gach_noi_giua_cap
số 29 - đường đồng khởi - diên khánh - khánh hòa	1:gach_noi_giua_cap
phú nghĩa chương mỹ hà nội	4:duoi_32_ky_tu
đường bình giã - tân bình - hồ chí minh	1:gach_noi_giua_cap
dự án the lancaster hồ chí minh - phường bến nghé - lê thánh tôn - quận 1	1:gach_noi_giua_cap
64, phường 10 quận 6	4:duoi_32_ky_tu
Đường Bến Vân Đồn	4:duoi_32_ky_tu
dự án kđt linh đàm nguyễn xiển phường đại kim - hoàng mai - hà nội	1:gach_noi_giua_cap
đường tuyên quang - phú thủy - phan thiết - bình thuận	1:gach_noi_giua_cap
tân phú, tp hồ chí minh	4:duoi_32_ky_tu
xuân thủy quận 2 hồ chí minh	4:duoi_32_ky_tu
đường phố tram - long biên hà nội	1:gach_noi_giua_cap
đường nguyễn tất thành hòa vang	4:duoi_32_ky_tu
Đường Đào Su Tich Phường Hòa Minh Liên Chiểu, Đà Nẵng	0:thieu_dau_sai_chinh_ta[tich]
phố hồng mai - hà nội	1:gach_noi_giua_cap | 4:duoi_32_ky_tu
34/ 1a đường trần khánh dư - hồ chí minh	1:gach_noi_giua_cap
prosper plaza, 22/ 14 phan văn hon, quận 12	0:thieu_dau_sai_chinh_ta[văn hon,hon quận]
dự án green starsbắc. - từ liêm - hà nội	1:gach_noi_giua_cap
đường cư xá lữ gia, hồ chí minh	4:duoi_32_ky_tu
đường 1a kdc nam hưng vuong an lạc bình tân - hồ chí minh	0:thieu_dau_sai_chinh_ta[vuong,hưng vuong] | 1:gach_noi_giua_cap
đường huỳnh khuông an vũng tàu	4:duoi_32_ky_tu
80a ngõ 76 - 12 mậu lương kiến hưng - hà đông	1:gach_noi_giua_cap
trương định - quận 1 tp hồ chí minh	1:gach_noi_giua_cap
68 cầu giấy hà nội	4:duoi_32_ky_tu
Đường Hòa Hảo, Quận 10	4:duoi_32_ky_tu
Đường Tuyên Quang - Phú Thủy - Phan Thiết Bình Thuận	1:gach_noi_giua_cap
đường trần quốc toản - hải châu	1:gach_noi_giua_cap | 4:duoi_32_ky_tu
COWAELMIC - Thanh Xuân - Hà Nội	1:gach_noi_giua_cap | 4:duoi_32_ky_tu
ngõ 38 phùng chí kiên - hà nội	1:gach_noi_giua_cap | 4:duoi_32_ky_tu
Số 24A - Bình Tân - Hồ Chí Minh	1:gach_noi_giua_cap | 4:duoi_32_ky_tu
147 đường võ duy ninh - bình thạnh - tp hồ chí minh	1:gach_noi_giua_cap
đường 904 hồ chí minh	4:duoi_32_ky_tu
phố 36 trần não, hồ chí minh	4:duoi_32_ky_tu
số 1 bình tân hồ chí minh	4:duoi_32_ky_tu
tân thành - quận 5	1:gach_noi_giua_cap | 4:duoi_32_ky_tu
đường 7, buôn ma thuột đắk lắk	4:duoi_32_ky_tu
khu biệt thự thiên nga	4:duoi_32_ky_tu
Đường Dương Khê Tân Phú	4:duoi_32_ky_tu
256/ 11 đường pasteur - quận 3 hồ chí minh	1:gach_noi_giua_cap
khu đỗ thị bình nguyên	4:duoi_32_ky_tu
truong gia mô - thừa thiên huế	0:thieu_dau_sai_chinh_ta[truong] | 1:gach_noi_giua_cap | 4:duoi_32_ky_tu
147 số 2, phường 3, gò vấp	4:duoi_32_ky_tu
đường số 3 - quận 7 - hồ chí minh	1:gach_noi_giua_cap
dự án kđt vĩnh hoàng phường hoàng văn thụ - hoàng mai hà nội	1:gach_noi_giua_cap
wintown - đường tỉnh lộ 10 - xã hựu thạnh đức hòa	1:gach_noi_giua_cap
304 - nguyễn tri phương quận 10	1:gach_noi_giua_cap | 4:duoi_32_ky_tu
Dương Đình Nghệ - Đà Nẵng	1:gach_noi_giua_cap | 4:duoi_32_ky_tu
phường đa kao - nguyễn thị minh khai	1:gach_noi_giua_cap
đường lý chính thắng quận 1	4:duoi_32_ky_tu
10a nguyễn thị minh khai quận 1 - hồ chí minh	1:gach_noi_giua_cap
số 53g ngõ 25/ 7 - phố vũ ngọc phan - đống đa hà nội	1:gach_noi_giua_cap
củ chi nha trang	4:duoi_32_ky_tu
đường lương thúc kỳ - đà nẵng	1:gach_noi_giua_cap | 4:duoi_32_ky_tu
củ chi tp hồ chí minh	4:duoi_32_ky_tu
đường chiêu anh các hồ chí minh	4:duoi_32_ky_tu
phường 3, tân an	4:duoi_32_ky_tu
khu dân cu him lam 6a bình chánh, tp hồ chí minh	0:thieu_dau_sai_chinh_ta[dân cu]
phố lê gia định hà nội	4:duoi_32_ky_tu
đường hoàng diệu - xuân thanh - long khánh - đồng nai	1:gach_noi_giua_cap
kdc phú mỹ - công ích quận 4 - phạm hữu lầu quận 7 - hồ chí minh	1:gach_noi_giua_cap
nguyễn như đổ văn miếu - đống đa	1:gach_noi_giua_cap
Đường Cây Da, Bình Dương	4:duoi_32_ky_tu
carillon apartment	3:keyword_la_toan_so | 4:duoi_32_ky_tu
dự án chung cu tây thành tân phú hồ chí minh	0:thieu_dau_sai_chinh_ta[chung cu]
bà điểm, hồ chí minh	4:duoi_32_ky_tu
Vien Dong Building	0:thieu_dau_sai_chinh_ta[vien] | 3:keyword_la_toan_so | 4:duoi_32_ky_tu
Đường 7 - Ninh Kiều	1:gach_noi_giua_cap | 4:duoi_32_ky_tu
yên phúc - hà đông	1:gach_noi_giua_cap | 4:duoi_32_ky_tu
d21 thuận an	4:duoi_32_ky_tu
32 tống văn hên - p15	1:gach_noi_giua_cap | 4:duoi_32_ky_tu
củ chi, tp hồ chí minh	4:duoi_32_ky_tu
sư vạn hạnh - rạch giá	1:gach_noi_giua_cap | 4:duoi_32_ky_tu
Đường 4, Bình Chánh Hồ Chí Minh	4:duoi_32_ky_tu
Thiên Hien, Nam Từ Liêm Hà Nội	0:thieu_dau_sai_chinh_ta[hien] | 4:duoi_32_ky_tu
xã phạm văn hai	4:duoi_32_ky_tu
số 8 đường ngô quyền hải dương	4:duoi_32_ky_tu
Đường Hoàng Si Khai - Sơn Trà	1:gach_noi_giua_cap | 4:duoi_32_ky_tu
phố đỗ quang - thanh khê đà nẵng	1:gach_noi_giua_cap
Tôn Đản - Quận 4 - Hồ Chí Minh	1:gach_noi_giua_cap | 4:duoi_32_ky_tu
Trường Thạnh, Đường 8, Quận 9	4:duoi_32_ky_tu
dh402 - tân phước khánh	1:gach_noi_giua_cap | 4:duoi_32_ky_tu
Đường 50 Mỹ Tho	4:duoi_32_ky_tu
lai uyên - bàu bàng - bình dương	1:gach_noi_giua_cap
đường triệu việt vuong hoàn kiếm	0:thieu_dau_sai_chinh_ta[vuong]
số 39 - bình thuận - quận 7 - hồ chí minh	1:gach_noi_giua_cap
lê duẩn, an khê, thanh khê	4:duoi_32_ky_tu
vĩnh tân - vành đai 4	1:gach_noi_giua_cap | 4:duoi_32_ky_tu
62/ 31/ 4 đường 4 thủ đức	4:duoi_32_ky_tu
đường nguyễn tuyen quận 2 tp hồ chí minh	0:thieu_dau_sai_chinh_ta[tuyen]
đường k1 phường	4:duoi_32_ky_tu
đường 22 lê văn quới - bình tân hồ chí minh	1:gach_noi_giua_cap
tô ký, quận 12	4:duoi_32_ky_tu
52 Thủ Đức, Hồ Chí Minh	4:duoi_32_ky_tu
cầu dậu - hà nội	1:gach_noi_giua_cap | 4:duoi_32_ky_tu
phường 5 - đường nguyễn thượng hiền phú nhuận - hồ chí minh	1:gach_noi_giua_cap
đường liên tỉnh 5 phường 6 - quận 8 - hồ chí minh	1:gach_noi_giua_cap
xã ðuc mỹ	4:duoi_32_ky_tu
Đường Xã Lộ Hà Nội - Đồng Nai	1:gach_noi_giua_cap | 4:duoi_32_ky_tu
hẻm 5m co bắc phú nhuan	0:thieu_dau_sai_chinh_ta[phú nhuan] | 4:duoi_32_ky_tu
kdc san bay long thành, long thành đồng nai	2:trung_keyword[long thành]
linh trung thủ đức hồ chí minh	4:duoi_32_ky_tu
Đường Nguyễn Văn Tăng - Hồ Chí Minh	1:gach_noi_giua_cap
Nghĩa Tân, Cầu Giấy	4:duoi_32_ky_tu
dự án việt dragon tower - đường nguyễn du - quận 1 - hồ chí minh	1:gach_noi_giua_cap
vĩnh trung thành khê, đà nẵng	4:duoi_32_ky_tu
81 - Y Lan Nguyễn Phi Hải Chau Đà Nẵng	0:thieu_dau_sai_chinh_ta[hải chau,chau đà] | 1:gach_noi_giua_cap
lương the vĩnh thạnh xuân - hà nội	1:gach_noi_giua_cap
bencat center point bến cát - bình dương	1:gach_noi_giua_cap
yersin, nha trang, khánh hòa	4:duoi_32_ky_tu
12 - ngõ 87 đường lê văn hiến bắc từ liêm hà nội	1:gach_noi_giua_cap
đường số 5 gò vấp	4:duoi_32_ky_tu
dự án phú mỹ hưng - đường nguyễn hữu thọ - quận 7 - hồ chí minh	1:gach_noi_giua_cap
Đường Xuân Thủy - Quận 2	1:gach_noi_giua_cap | 4:duoi_32_ky_tu
long biên hà nội	4:duoi_32_ky_tu
ngõ 41 - phố thái hà	1:gach_noi_giua_cap | 4:duoi_32_ky_tu
bế văn đàn - hà nội	1:gach_noi_giua_cap | 4:duoi_32_ky_tu
đường đông thạnh 8 - 1 hóc môn - hồ chí minh	1:gach_noi_giua_cap
thanh xuân 52	4:duoi_32_ky_tu
Phường Hòa Hiệp Bắc Liên Chiểu	4:duoi_32_ky_tu
nhat tao quận 10 hồ chí minh	0:thieu_dau_sai_chinh_ta[nhat] | 4:duoi_32_ky_tu
co mạn lạn 2 cẩm lệ đà nẵng	4:duoi_32_ky_tu
đường tỉnh lộ 10a - phú vang thừa thiên huế	1:gach_noi_giua_cap
phường 14 - đường phạm văn chiêu - gò vấp	1:gach_noi_giua_cap
xã phú cát đường quốc lộ 21a quốc oai - hà nội	1:gach_noi_giua_cap
Đường NE3	4:duoi_32_ky_tu
dự án kdc sân bay long thành, long thành, đồng nai	2:trung_keyword[long thành]
số 50 ngõ 267	4:duoi_32_ky_tu
nguyễn dinh chính phú nhuận	0:thieu_dau_sai_chinh_ta[nguyễn dinh] | 4:duoi_32_ky_tu
Tân Thắng - Hàm Tân	1:gach_noi_giua_cap | 4:duoi_32_ky_tu
đường gio an	4:duoi_32_ky_tu
đường bình tiên - hồ chí minh	1:gach_noi_giua_cap | 4:duoi_32_ky_tu
đường 21, bình lục, hà nam	4:duoi_32_ky_tu
dx 067 thủ dầu một bình dương	4:duoi_32_ky_tu
số 53g ngõ 25/ 7 - phố vũ ngọc phan - đống đa - hà nội	1:gach_noi_giua_cap
xuân thiều 10	4:duoi_32_ky_tu
đường đông an dĩ an bình dương	4:duoi_32_ky_tu
đường tô ký quận 12	4:duoi_32_ky_tu
nguyễn văn lung	4:duoi_32_ky_tu
đường an dương, tây hồ, hà nội	4:duoi_32_ky_tu
Lê Trọng Tấn Thanh Xuân Hà Nội	4:duoi_32_ky_tu
KĐT Văn Phú Phường Phú La	4:duoi_32_ky_tu
tả thanh oai cầu bươu	4:duoi_32_ky_tu
hàng be	4:duoi_32_ky_tu
đường Thụy Khuê - Tây Hồ - Hà Nội	1:gach_noi_giua_cap
lê thanh nghị hải châu	4:duoi_32_ky_tu
Riviera Point - Đường Huỳnh Tấn Phát - Quận 7 - Hồ Chí Minh	1:gach_noi_giua_cap
đường nui ngọc hải phòng	4:duoi_32_ky_tu
xã trường thịnh - hà nội	1:gach_noi_giua_cap | 4:duoi_32_ky_tu
dự án khu đỗ thị mới phú lương - hà đông - hà nội	1:gach_noi_giua_cap
đường ho huấn nghiệp - phường mỹ an - ngũ hành sơn - đà nẵng	0:thieu_dau_sai_chinh_ta[đường ho] | 1:gach_noi_giua_cap
Dự án Sài Gòn Mia 9A Bình Hưng - Hồ Chí Minh	1:gach_noi_giua_cap
Bàu Cát Doi - Tân Bình - Hồ Chí Minh	1:gach_noi_giua_cap
nguyễn ư dĩ quận 2	4:duoi_32_ky_tu
Đường Đông Ba	4:duoi_32_ky_tu
nguyễn trường tộ phường ea tam buôn ma thuột - đắk lắk	1:gach_noi_giua_cap
chánh lộ - đường quang trung - quảng ngãi	1:gach_noi_giua_cap
đường 6 thủ dầu một bình dương	4:duoi_32_ky_tu
Đường Lương The Vĩnh Thạnh Xuân	4:duoi_32_ky_tu
9/ 1 - đường hùng vương - 4 - phường 7 - tp. cà mau	1:gach_noi_giua_cap
Xóm Chiếu Quận 4 Hồ Chí Minh	4:duoi_32_ky_tu
29 102 tô vĩnh diện - khương trung - thanh xuân	1:gach_noi_giua_cap
Giảng Võ Ba Đình Hà Nội	4:duoi_32_ky_tu
đường an thạnh 24 - thuận an	1:gach_noi_giua_cap | 4:duoi_32_ky_tu
đường pastuer - khánh hòa	1:gach_noi_giua_cap | 4:duoi_32_ky_tu
vcn - phước long, nha trang	1:gach_noi_giua_cap | 4:duoi_32_ky_tu
khương thượng - đống đa - hà nội	1:gach_noi_giua_cap
dự án c. t plaza nguyên hồng - gò vấp	1:gach_noi_giua_cap
đường hồ học lãm sơn trà	4:duoi_32_ky_tu
dự án gelexia riverside hoàng mai - hà nội	1:gach_noi_giua_cap
408h47/ 7 hoàng diệu - hải châu đà nẵng	1:gach_noi_giua_cap
đường thụy ứng đan phượng	4:duoi_32_ky_tu
mỹ yên bến lức long an	4:duoi_32_ky_tu
Dự án Can ho Vĩnh Tường, Bình Tân, Hồ Chí Minh	0:thieu_dau_sai_chinh_ta[can ho]
đường hoàng văn hợp	4:duoi_32_ky_tu
ngõ 29 phố láng hạ - ba đình	1:gach_noi_giua_cap | 4:duoi_32_ky_tu
Chợ Giàu - Từ Sơn - Bắc Ninh	1:gach_noi_giua_cap | 4:duoi_32_ky_tu
hqc 35 hồ học lãm - bình tân	1:gach_noi_giua_cap | 4:duoi_32_ky_tu
đường vũng việt - phường tân đông hiệp	1:gach_noi_giua_cap
đường cách mạng tháng tám p. bến thành - quận 1 tp hồ chí minh	1:gach_noi_giua_cap
Tô Hiến Thành Long Xuyên	4:duoi_32_ky_tu
32 lê văn lương - tân hưng - q7	1:gach_noi_giua_cap | 4:duoi_32_ky_tu
xã tân phong, bình xuyên	4:duoi_32_ky_tu
tap the hao nam ô chợ dừa vũ thạnh đông da hà nội	0:thieu_dau_sai_chinh_ta[tap,đông da,da hà]
nam đô complex hoàng mai - hà nội	1:gach_noi_giua_cap
can ho 51 chanh hung quận 8 - hồ chí minh	0:thieu_dau_sai_chinh_ta[can ho,hung quận] | 1:gach_noi_giua_cap
64 - Đường 6 - linh trung thủ đức - Tp Hồ Chí Minh	1:gach_noi_giua_cap
tân phước quận 11 hồ chí minh	4:duoi_32_ky_tu
dự án tiến thành đường 1 - xã tiến thành đồng xoài - bình phước	1:gach_noi_giua_cap
đường 836 hồ chí minh	4:duoi_32_ky_tu
Đường Dong Dien	0:thieu_dau_sai_chinh_ta[dien,đường dong] | 4:duoi_32_ky_tu
lạc long quân - cầu giấy - hà nội	1:gach_noi_giua_cap
khu đỗ thị mới phú lương	4:duoi_32_ky_tu
Khu Đô Thị E. City Tân Đức	4:duoi_32_ky_tu
căn hộ sunriver - quận 7 - hồ chí minh	1:gach_noi_giua_cap
đội cấn bà rịa vũng tàu	4:duoi_32_ky_tu
Dự án Văn Phú Victoria Hà Đông - hà nội	1:gach_noi_giua_cap
preche quận 2 hồ chí minh	4:duoi_32_ky_tu
khu đỗ thị quốc te đa phước - nguyễn tất thành - hải châu	1:gach_noi_giua_cap
an thịnh quận 2 hồ chí minh	4:duoi_32_ky_tu
phù đổng thiên vương, lâm đồng	4:duoi_32_ky_tu
nguyễn tuyen quận 2, tp hồ chí minh	0:thieu_dau_sai_chinh_ta[tuyen]
Đường Mai Dịch - Hà Nội	1:gach_noi_giua_cap | 4:duoi_32_ky_tu
na hối	4:duoi_32_ky_tu
đường thanh nien xuân thới thượng hóc môn hồ chí minh	0:thieu_dau_sai_chinh_ta[nien]
đường tỉnh lộ 10b - xã bình lợi bình chánh - hồ chí minh	1:gach_noi_giua_cap
QL 1A - Phường Bình Chiểu	1:gach_noi_giua_cap | 4:duoi_32_ky_tu
thống nhất, thái nguyên	4:duoi_32_ky_tu
Miêu Nha Tây Mỗ Hà Nội	4:duoi_32_ky_tu
đường nguyễn nghiêm thanh khê	4:duoi_32_ky_tu
Đường Lê Thanh Lào Cai	4:duoi_32_ky_tu
Dự án Diamond Flower Tower - Phố Hoàng Đạo Thúy - Thanh Xuân - Hà Nội	1:gach_noi_giua_cap
228 - cộng hòa p. 12 q. tân bình - tp hồ chí minh	1:gach_noi_giua_cap
2c - trần khánh dư - hồ chí minh	1:gach_noi_giua_cap
biển bạch đông xuyên á - cà mau	1:gach_noi_giua_cap | 4:duoi_32_ky_tu
phường 13 tân bình sài gòn	4:duoi_32_ky_tu
vườn cam vinapol - đường 32 - hoài đức hà nội	1:gach_noi_giua_cap
số 2 Quận 7 - Hồ Chí Minh	1:gach_noi_giua_cap | 4:duoi_32_ky_tu
phố quốc tuấn	4:duoi_32_ky_tu
nha 52 - đường 85 - quận 7 - hồ chí minh	1:gach_noi_giua_cap
đường trần văn chẩm - xã tân thông hội - củ chi hồ chí minh	1:gach_noi_giua_cap
đường hùng thắng hạ long	4:duoi_32_ky_tu
322/ 187a4 dương quảng hàm - gò vấp	1:gach_noi_giua_cap
phố hoằng lộc, hải dương	4:duoi_32_ky_tu
đường cộng hòa tân bình	4:duoi_32_ky_tu
Đức Lân, Quảng Ngãi	4:duoi_32_ky_tu
Đường Cát Bi, Hải Phòng	4:duoi_32_ky_tu
đường vĩnh tiến 1 vĩnh niệm - lê chân	1:gach_noi_giua_cap
đường huy can hải châu	4:duoi_32_ky_tu
dự án golden center city đường 13 bến cát - bình dương	1:gach_noi_giua_cap
điện biên phủ - quận 1	1:gach_noi_giua_cap | 4:duoi_32_ky_tu
dự án golden center city 2 đường ngô quyền phường mỹ phước bến - bình dương	1:gach_noi_giua_cap
western dragon - đường 7 - bình tân	1:gach_noi_giua_cap
260 phố	4:duoi_32_ky_tu
đường ấp chánh 16 - hồ chí minh	1:gach_noi_giua_cap | 4:duoi_32_ky_tu
28 18 ct10a chung cư... hà nội	4:duoi_32_ky_tu
đt 747 tân uyên, bình dương	4:duoi_32_ky_tu
dự án khu đô thị mới định công hoàng mai - hà nội	1:gach_noi_giua_cap
đường trần thủ độ - tân phú - hồ chí minh	1:gach_noi_giua_cap
Gò Công - Phường 13 - Quận 5	1:gach_noi_giua_cap | 4:duoi_32_ky_tu
Đường Tân Lập 1, Hồ Chí Minh	4:duoi_32_ky_tu
dự án hà đỗ park view - cầu giấy - hà nội	1:gach_noi_giua_cap
phố huế hai bà trưng - hà nội	1:gach_noi_giua_cap | 4:duoi_32_ky_tu
218 lĩnh nam, hoàng mai, hà nội	4:duoi_32_ky_tu
đường nguyễn tiểu la	4:duoi_32_ky_tu
t5 - tân phú - hồ chí minh	1:gach_noi_giua_cap | 4:duoi_32_ky_tu
nguyễn bỉnh khiêm - phường 2 - bảo lộc - lâm đồng	1:gach_noi_giua_cap
Hưng Phú - Ninh Kiều	1:gach_noi_giua_cap | 4:duoi_32_ky_tu
đường đinh tiên hoàng sơn tây - hà nội	1:gach_noi_giua_cap
đường phạm văn đồng - bắc từ liêm - hà nội	1:gach_noi_giua_cap
lương thế vinh - thanh xuân	1:gach_noi_giua_cap | 4:duoi_32_ky_tu
6/ 6 4a - tân hòa - thống nhất - đồng nai	1:gach_noi_giua_cap
đường lê thánh tông - hạ long	1:gach_noi_giua_cap | 4:duoi_32_ky_tu
quốc lộ 22, quận hóc môn	4:duoi_32_ky_tu
Đường Mỹ Trọng	4:duoi_32_ky_tu
dự án 12 view - đường trường chính - quận 12	1:gach_noi_giua_cap
dự án tòa nha intracom - cầu giấy hà nội	1:gach_noi_giua_cap
9	3:keyword_la_toan_so | 4:duoi_32_ky_tu
đường trường chinh phường 14 tân bình - hồ chí minh	1:gach_noi_giua_cap
đường quốc lộ 13, thủ đức	4:duoi_32_ky_tu
bù gia mập bình phước	4:duoi_32_ky_tu
dự án văn đỗ - quận 4 - tp hồ chí minh	1:gach_noi_giua_cap
d4 - tân bình dĩ an - bình dương	1:gach_noi_giua_cap
ngọc truc	0:thieu_dau_sai_chinh_ta[truc] | 4:duoi_32_ky_tu
đường tô hiến thành, đà lạt	4:duoi_32_ky_tu
central plaza - 91 phạm văn hai - tân bình - hồ chí minh	1:gach_noi_giua_cap
48	3:keyword_la_toan_so | 4:duoi_32_ky_tu
Văn Cao Hải An	4:duoi_32_ky_tu
thạnh lộc 19 quận 12	4:duoi_32_ky_tu
chợ gạo - hoàn kiếm - hà nội	1:gach_noi_giua_cap | 4:duoi_32_ky_tu
đường co dien a, hà nội	0:thieu_dau_sai_chinh_ta[dien] | 4:duoi_32_ky_tu
Đường Lạc Long Quân - Vĩnh Yên - Vĩnh Phúc	1:gach_noi_giua_cap
Đường 46A Bình Tân, Hồ Chí Minh	4:duoi_32_ky_tu
chung cu	0:thieu_dau_sai_chinh_ta[chung cu] | 3:keyword_la_toan_so | 4:duoi_32_ky_tu
53 - 55 Võ Thị Sáu - P. Quyết Thắng - TP. Biên Hòa - Đồng Nai	1:gach_noi_giua_cap
Xã Trường Thịnh - Ứng Hòa Hà Nội	1:gach_noi_giua_cap
Thiên Loi	4:duoi_32_ky_tu
Valora Fuji Quận 9 Hồ Chí Minh	4:duoi_32_ky_tu
Đường Số 11 - Quận 4 - Hồ Chí Minh	1:gach_noi_giua_cap
Dự án Lakai Nguyễn Trãi - Phường 8 Quận 5	1:gach_noi_giua_cap
hiệp thành city - đường nguyễn ảnh thủ - quận 12	1:gach_noi_giua_cap
đường tỉnh lộ 8 đức hòa hạ - long an	1:gach_noi_giua_cap
noi bo, Tân Phú Hồ Chí Minh	4:duoi_32_ky_tu
đường phạm ngọc khánh	4:duoi_32_ky_tu
thành thái quận 10	4:duoi_32_ky_tu
168 đường tam bình hồ chí minh	4:duoi_32_ky_tu
c. t plaza nguyên hồng - gò vấp - sài gòn	1:gach_noi_giua_cap
tân phú, quận 7, tp hồ chí minh	4:duoi_32_ky_tu
lạc long quân cầu giấy - hà nội	1:gach_noi_giua_cap | 4:duoi_32_ky_tu
64 đường lê đình vũ, hải dương	4:duoi_32_ky_tu
tòa nha sohude số 331 đường nguyễn trong tuyen phú nhuận hồ chí minh	0:thieu_dau_sai_chinh_ta[tuyen]
phố tân phong, bắc từ liêm	4:duoi_32_ky_tu
đường trần hưng đạo, hải an	4:duoi_32_ky_tu
N03 - T8 Ngoai Giao Đoàn Bắc Từ Liêm Hà Nội	1:gach_noi_giua_cap
hẻm 994 - Huỳnh Tấn Phát - Quận 7	1:gach_noi_giua_cap
đường 7 - bình tân hồ chí minh	1:gach_noi_giua_cap | 4:duoi_32_ky_tu
đường trưng nhị hải châu	4:duoi_32_ky_tu
phường 8, thạnh mỹ, tân bình	4:duoi_32_ky_tu
đường vọng hà phường chương dương độ - hoàn kiếm - hà nội	1:gach_noi_giua_cap
262/ 9 - đường lũy bán bích tân phú	1:gach_noi_giua_cap
Chua Lang - Hà Nội	0:thieu_dau_sai_chinh_ta[lang hà] | 1:gach_noi_giua_cap | 4:duoi_32_ky_tu
đường nguyễn thị định, cầu giấy	4:duoi_32_ky_tu
Đường Ho Xuân Hương - Ngũ Hành Sơn - Đà Nẵng	0:thieu_dau_sai_chinh_ta[đường ho] | 1:gach_noi_giua_cap
Xã Hải Quảng Hải Hậu Nam Định	4:duoi_32_ky_tu
đường ấp bắc mỹ tho	4:duoi_32_ky_tu
trần bình trọng - tân phú - hồ chí minh	1:gach_noi_giua_cap
K195/ 01 Tôn Đản Cẩm Lệ Đà Nẵng	4:duoi_32_ky_tu
dự án khu can ho thuan việt - quận 11 - sài gòn	0:thieu_dau_sai_chinh_ta[can ho] | 1:gach_noi_giua_cap
An Hải Dong, Sơn Trà	4:duoi_32_ky_tu
phường 2 - đường nguyễn trong tuyen - tân bình - hồ chí minh	0:thieu_dau_sai_chinh_ta[tuyen] | 1:gach_noi_giua_cap
đường lê hữu tựu hà nội	4:duoi_32_ky_tu
250/ 15/ 14 đường nguyễn thượng hiền phú nhuận - hồ chí minh	1:gach_noi_giua_cap
vĩnh mỹ - châu đốc	1:gach_noi_giua_cap | 4:duoi_32_ky_tu
đường 12 gò vấp	4:duoi_32_ky_tu
Đường Lê Đại Hành Hai Bà Trưng	4:duoi_32_ky_tu
đường quốc lộ 1a hòa vang	4:duoi_32_ky_tu
phường long thạnh mỹ - hồ chí minh	1:gach_noi_giua_cap
688 lê đức thọ - gò vấp	1:gach_noi_giua_cap | 4:duoi_32_ky_tu
Đường Trần Bình Trọng - Nha Trang - Khánh Hòa	1:gach_noi_giua_cap
quảng khê dăk glong, đắk nông	4:duoi_32_ky_tu
Dự án Dự án Thăng Long Number One, Nam Từ Liêm Hà Nội	2:trung_keyword[dự án dự án]
Đường DJ9, Bến Cát	4:duoi_32_ky_tu
kdt vân phú phú la hà nội	4:duoi_32_ky_tu
phường linh trung - thủ đức tp hồ chí minh	1:gach_noi_giua_cap
lê hồng phong - thủ dầu một	1:gach_noi_giua_cap | 4:duoi_32_ky_tu
thôn bạch mai - an kim hải - xã hồng thái - an dương - hải phòng	1:gach_noi_giua_cap
bình lộc tân hải dương	4:duoi_32_ky_tu
số 12 ngõ 87 đường lê văn hien - bắc từ liêm - hà nội	0:thieu_dau_sai_chinh_ta[hien] | 1:gach_noi_giua_cap
Xã Lộ Hà Nội - Đồng Nai	1:gach_noi_giua_cap | 4:duoi_32_ky_tu
đường đoàn giỏi - tân phú tp hồ chí minh	1:gach_noi_giua_cap
đường ho xuân hương - quận ngũ hành sơn đà nẵng	0:thieu_dau_sai_chinh_ta[đường ho] | 1:gach_noi_giua_cap
đường nguyễn hữu trí bến lức - long an	1:gach_noi_giua_cap
đường 34 quận 6	4:duoi_32_ky_tu
megastar dominium c2 xuân đỉnh	4:duoi_32_ky_tu
Nhân Hoà 8 Cẩm Lệ Đà Nẵng	4:duoi_32_ky_tu
đường hà tri 4 hà đông - hà nội	0:thieu_dau_sai_chinh_ta[tri hà] | 1:gach_noi_giua_cap | 4:duoi_32_ky_tu
nguyễn nghiêm thanh khê	4:duoi_32_ky_tu
đường thiên phước phường 8 - tân bình	1:gach_noi_giua_cap
11/ 5 Đường Hồ Đắc Di - Tân Phú	1:gach_noi_giua_cap | 4:duoi_32_ky_tu
Dự án Wintown - Đường Tỉnh Lộ 10 - Xã Hựu Thạnh - Đức Hòa	1:gach_noi_giua_cap
citi soho, quận 2, hồ chí minh	4:duoi_32_ky_tu
36 - quế võ - bắc ninh	1:gach_noi_giua_cap | 4:duoi_32_ky_tu
đường 339 - phường long trường quận 9	1:gach_noi_giua_cap
hiệp thành 49 hiệp thành quận 12	2:trung_keyword[hiệp thành]
xã phước bình long thành	4:duoi_32_ky_tu
võng thị tây hồ - hà nội	1:gach_noi_giua_cap | 4:duoi_32_ky_tu
vp2 linh đàm đường nguyễn duy trinh - hà nội	1:gach_noi_giua_cap
đường nguyễn công tru - hạ long quảng ninh	1:gach_noi_giua_cap
36 đào tân ba đình hà nội	4:duoi_32_ky_tu
Dự án Diamond Flower Tower - Phố Hoàng Đạo Thúy - Thanh Xuân	1:gach_noi_giua_cap
Chu Văn An - Bà Rịa	1:gach_noi_giua_cap | 4:duoi_32_ky_tu
đường dinh nghệ,, đà nẵng	0:thieu_dau_sai_chinh_ta[đường dinh] | 4:duoi_32_ky_tu
đường đồng khởi - vĩnh cửu - đồng nai	1:gach_noi_giua_cap
lai uyên	4:duoi_32_ky_tu
đường việt bắc ngũ hành sơn	4:duoi_32_ky_tu
đường cu xã bắc hải quận 10	4:duoi_32_ky_tu
Quốc Tuấn An Lão Hải Phòng	4:duoi_32_ky_tu
khu can ho thuan việt, quận 11, sài gòn	0:thieu_dau_sai_chinh_ta[can ho]
đường lê văn đức	4:duoi_32_ky_tu
đường quốc hương - quận 2 hồ chí minh	1:gach_noi_giua_cap
41, Phố Thái Hà Đống Đa, Hà Nội	4:duoi_32_ky_tu
466/ 11 - lê văn sy	1:gach_noi_giua_cap | 4:duoi_32_ky_tu
11 khuc hao sơn trà đà nẵng	0:thieu_dau_sai_chinh_ta[khuc] | 4:duoi_32_ky_tu
hoà ninh đường quốc lộ 20 di linh - lâm đồng	1:gach_noi_giua_cap
dự án b. i. g tower - cầu giấy - hà nội	1:gach_noi_giua_cap
Tân Chánh Hiệp 36 Hồ Chí Minh	4:duoi_32_ky_tu
Cầu Mới	4:duoi_32_ky_tu
Bùi Đình Túy - Bình Thạnh	1:gach_noi_giua_cap | 4:duoi_32_ky_tu
dự án mỹ an quận 7 hồ chí minh	4:duoi_32_ky_tu
đường d11 bến cát	4:duoi_32_ky_tu
đường số 6 - xã phạm văn hai - bình chánh	1:gach_noi_giua_cap
dự án 229 phố vong hai bà trưng	4:duoi_32_ky_tu
hồ công dự	4:duoi_32_ky_tu
Đường Yết Kiêu Yên Bái	4:duoi_32_ky_tu
đường xóm chiếu, hồ chí minh	4:duoi_32_ky_tu
đường thụy khuê	4:duoi_32_ky_tu
Thị trần Kim Lan, Hà Nội	4:duoi_32_ky_tu
đường số 6, thủ đức	4:duoi_32_ky_tu
phường 9 - đường ngô gia tự - quận 5 - hồ chí minh	1:gach_noi_giua_cap
ngọc hồi thanh khê đà nẵng	4:duoi_32_ky_tu
dự án vinhomes riverside - đường hoa phượng 3 - phường phúc lợi - hà nội	1:gach_noi_giua_cap
khu đô thị mới định công - hoàng mai - hà nội	1:gach_noi_giua_cap
dĩ an,  dương	4:duoi_32_ky_tu
đường quốc lộ 91, long xuyên	4:duoi_32_ky_tu
văn phong va can ho cao cap licogi 13 tower - thanh xuân - hà nội	0:thieu_dau_sai_chinh_ta[can ho,cap] | 1:gach_noi_giua_cap
294/ 22/ 41 xo việt nghệ tỉnh	4:duoi_32_ky_tu
Đường 1 An Bình, Dĩ An	4:duoi_32_ky_tu
đường 10 hạ long	4:duoi_32_ky_tu
đường phú điền phường phú diễn	4:duoi_32_ky_tu
đường liên khu 2 - 10 - hồ chí minh	1:gach_noi_giua_cap
số 11 ngõ 50 đường lĩnh nam - hà nội	1:gach_noi_giua_cap
đường trần quang diệu, quận 3	4:duoi_32_ky_tu
ngõ 34 ma may	4:duoi_32_ky_tu
đường nghĩa dũng - ba đình - hà nội	1:gach_noi_giua_cap
đường nguyễn công trứ - hạ long - quảng ninh	1:gach_noi_giua_cap
phan huy on - bình thạnh - hồ chí minh	1:gach_noi_giua_cap
Dự án Thủ Thiêm Xanh - Nguyễn Duy Trinh - Quận 2	1:gach_noi_giua_cap
xã giang điền	4:duoi_32_ky_tu
